-- malla academica 
INSERT INTO `db_academico`.`malla_academica` (`maca_id`, `maca_tipo`, `maca_codigo`, `maca_nombre`, `maca_usuario_ingreso`, `maca_estado`, `maca_fecha_creacion`, `maca_estado_logico`) VALUES ('82', '2', 'POS-0082', 'Maestria en negocios electrónicos', '1', '1', '2021-03-31 12:11:35', '1');
INSERT INTO `db_academico`.`malla_academica` (`maca_id`, `maca_tipo`, `maca_codigo`, `maca_nombre`, `maca_usuario_ingreso`, `maca_estado`, `maca_fecha_creacion`, `maca_estado_logico`) VALUES ('84', '2', 'POS-0084', 'Maestria en sistemas de información gerencial', '1', '1', '2021-03-31 12:11:35', '1');
INSERT INTO `db_academico`.`malla_academica` (`maca_id`, `maca_tipo`, `maca_codigo`, `maca_nombre`, `maca_usuario_ingreso`, `maca_estado`, `maca_fecha_creacion`, `maca_estado_logico`) VALUES ('88', '2', 'POS-0088', 'Maestría en Gestión del Talento Humano - Semipresencial', '1', '1', '2021-06-08 21:29:00', '1');
INSERT INTO `db_academico`.`malla_academica` (`maca_id`, `maca_tipo`, `maca_codigo`, `maca_nombre`, `maca_usuario_ingreso`, `maca_estado`, `maca_fecha_creacion`, `maca_estado_logico`) VALUES ('89', '2', 'POS-0089', 'Maestría en Administración Pública mención Desarrollo Institucional', '1', '1', '2021-06-08 21:29:00', '1');
INSERT INTO `db_academico`.`malla_academica` (`maca_id`, `maca_tipo`, `maca_codigo`, `maca_nombre`, `maca_usuario_ingreso`, `maca_estado`, `maca_fecha_creacion`, `maca_estado_logico`) VALUES ('90', '2', 'POS-0090', 'Maestría en Telecomunicaciones con mención en Gestión de las Telecomunicaciones', '0', '1', '2021-06-08 19:03:02', '1');
-- Asignaturas 
INSERT INTO `db_academico`.`asignatura` (`asi_id`, `scon_id`, `uaca_id`, `asi_nombre`, `asi_alias`, `asi_descripcion`, `asi_usuario_ingreso`, `asi_estado`, `asi_fecha_creacion`, `asi_estado_logico`) VALUES ('1300', '1', '2', 'Contexto tecnológico y enseñanza aprendizaje globalizada.', 'Contexto_tecnológico_y_enseñanza_aprendizaje_globalizada.', 'Contexto tecnológico y enseñanza aprendizaje globalizada.', '1', '1', '22/06/21 09:26', '1');
INSERT INTO `db_academico`.`asignatura` (`asi_id`, `scon_id`, `uaca_id`, `asi_nombre`, `asi_alias`, `asi_descripcion`, `asi_usuario_ingreso`, `asi_estado`, `asi_fecha_creacion`, `asi_estado_logico`) VALUES ('1301', '1', '2', 'Educación, sociedad, género e interculturalidad', 'Educación,_sociedad,_género_e_interculturalidad', 'Educación, sociedad, género e interculturalidad', '1', '1', '22/06/21 09:26', '1');
INSERT INTO `db_academico`.`asignatura` (`asi_id`, `scon_id`, `uaca_id`, `asi_nombre`, `asi_alias`, `asi_descripcion`, `asi_usuario_ingreso`, `asi_estado`, `asi_fecha_creacion`, `asi_estado_logico`) VALUES ('1302', '1', '2', 'Modelos inclusivos del aprendizaje', 'Modelos_inclusivos_del_aprendizaje', 'Modelos inclusivos del aprendizaje', '1', '1', '22/06/21 09:26', '1');
INSERT INTO `db_academico`.`asignatura` (`asi_id`, `scon_id`, `uaca_id`, `asi_nombre`, `asi_alias`, `asi_descripcion`, `asi_usuario_ingreso`, `asi_estado`, `asi_fecha_creacion`, `asi_estado_logico`) VALUES ('1303', '1', '2', 'Tecnología educativa web 4.0', 'Tecnología_educativa_web_4.0', 'Tecnología educativa web 4.0', '1', '1', '22/06/21 09:26', '1');
INSERT INTO `db_academico`.`asignatura` (`asi_id`, `scon_id`, `uaca_id`, `asi_nombre`, `asi_alias`, `asi_descripcion`, `asi_usuario_ingreso`, `asi_estado`, `asi_fecha_creacion`, `asi_estado_logico`) VALUES ('1304', '1', '2', 'Innovación, tecnología y creatividaden educación', 'Innovación,_tecnología_y_creatividaden_educación', 'Innovación, tecnología y creatividaden educación', '1', '1', '22/06/21 09:26', '1');
INSERT INTO `db_academico`.`asignatura` (`asi_id`, `scon_id`, `uaca_id`, `asi_nombre`, `asi_alias`, `asi_descripcion`, `asi_usuario_ingreso`, `asi_estado`, `asi_fecha_creacion`, `asi_estado_logico`) VALUES ('1305', '1', '2', 'Psicopedagogía comunicacional y medios digitales', 'Psicopedagogía_comunicacional_y_medios_digitales', 'Psicopedagogía comunicacional y medios digitales', '1', '1', '22/06/21 09:26', '1');
INSERT INTO `db_academico`.`asignatura` (`asi_id`, `scon_id`, `uaca_id`, `asi_nombre`, `asi_alias`, `asi_descripcion`, `asi_usuario_ingreso`, `asi_estado`, `asi_fecha_creacion`, `asi_estado_logico`) VALUES ('1306', '1', '2', 'Métodos de investigación científica', 'Métodos_de_investigación_científica', 'Métodos de investigación científica', '1', '1', '22/06/21 09:26', '1');
INSERT INTO `db_academico`.`asignatura` (`asi_id`, `scon_id`, `uaca_id`, `asi_nombre`, `asi_alias`, `asi_descripcion`, `asi_usuario_ingreso`, `asi_estado`, `asi_fecha_creacion`, `asi_estado_logico`) VALUES ('1307', '1', '2', 'Recursos educativos con herramientas de la web 4.0', 'Recursos_educativos_con_herramientas_de_la_web_4.0', 'Recursos educativos con herramientas de la web 4.0', '1', '1', '22/06/21 09:26', '1');
INSERT INTO `db_academico`.`asignatura` (`asi_id`, `scon_id`, `uaca_id`, `asi_nombre`, `asi_alias`, `asi_descripcion`, `asi_usuario_ingreso`, `asi_estado`, `asi_fecha_creacion`, `asi_estado_logico`) VALUES ('1308', '1', '2', 'Creación de materiales multimedia y actividades interactivas', 'Creación_de_materiales_multimedia_y_actividades_interactivas', 'Creación de materiales multimedia y actividades interactivas', '1', '1', '22/06/21 09:26', '1');
INSERT INTO `db_academico`.`asignatura` (`asi_id`, `scon_id`, `uaca_id`, `asi_nombre`, `asi_alias`, `asi_descripcion`, `asi_usuario_ingreso`, `asi_estado`, `asi_fecha_creacion`, `asi_estado_logico`) VALUES ('1309', '1', '2', 'Evaluación de los aprendizajes con uso de tics', 'Evaluación_de_los_aprendizajes_con_uso_de_tics', 'Evaluación de los aprendizajes con uso de tics', '1', '1', '22/06/21 09:26', '1');
INSERT INTO `db_academico`.`asignatura` (`asi_id`, `scon_id`, `uaca_id`, `asi_nombre`, `asi_alias`, `asi_descripcion`, `asi_usuario_ingreso`, `asi_estado`, `asi_fecha_creacion`, `asi_estado_logico`) VALUES ('1310', '1', '2', 'Los mooc y el conectivismo como aprendizaje libre.', 'Los_mooc_y_el_conectivismo_como_aprendizaje_libre.', 'Los mooc y el conectivismo como aprendizaje libre.', '1', '1', '22/06/21 09:26', '1');
UPDATE `db_academico`.`asignatura` SET `asi_nombre` = 'Distribución comercial y logística global' WHERE (`asi_id` = '1296');
-- MALLA ACADEMICA DETALLE 
-- maca_id 81
UPDATE `db_academico`.`malla_academica_detalle` SET `asi_id` = '1300', `made_codigo_asignatura` = 'POS-0081-1300-001', `made_hora` = '117', `made_credito` = '2' WHERE (`made_id` = '3452');
UPDATE `db_academico`.`malla_academica_detalle` SET `asi_id` = '1301', `made_codigo_asignatura` = 'POS-0081-1301-002',`made_hora` = '117', `made_credito` = '2' WHERE (`made_id` = '3453');
UPDATE `db_academico`.`malla_academica_detalle` SET `asi_id` = '1302', `made_codigo_asignatura` = 'POS-0081-1302-003',`made_hora` = '117', `made_credito` = '2' WHERE (`made_id` = '3454');
UPDATE `db_academico`.`malla_academica_detalle` SET `asi_id` = '1303', `made_codigo_asignatura` = 'POS-0081-1304-004',`made_hora` = '117', `made_credito` = '2' WHERE (`made_id` = '3455');
UPDATE `db_academico`.`malla_academica_detalle` SET `asi_id` = '1304', `made_codigo_asignatura` = 'POS-0081-1305-005',`made_hora` = '117', `made_credito` = '2' WHERE (`made_id` = '3456');
UPDATE `db_academico`.`malla_academica_detalle` SET `asi_id` = '720', `made_codigo_asignatura` = 'POS-0081-0720-006', `made_hora` = '118', `made_credito` = '2' WHERE (`made_id` = '3457');
UPDATE `db_academico`.`malla_academica_detalle` SET `asi_id` = '1305', `made_codigo_asignatura` = 'POS-0081-1305-007',`made_hora` = '118', `made_credito` = '2' WHERE (`made_id` = '3458');
UPDATE `db_academico`.`malla_academica_detalle` SET `asi_id` = '1306', `made_codigo_asignatura` = 'POS-0081-1306-008', `made_hora` = '118', `made_credito` = '2' WHERE (`made_id` = '3459');
UPDATE `db_academico`.`malla_academica_detalle` SET `asi_id` = '1307', `made_codigo_asignatura` = 'POS-0081-1307-009',`made_hora` = '120', `made_credito` = '3' WHERE (`made_id` = '3460');
UPDATE `db_academico`.`malla_academica_detalle` SET `asi_id` = '1308', `made_codigo_asignatura` = 'POS-0081-1308-010',`made_hora` = '117', `made_credito` = '2' WHERE (`made_id` = '3461');
UPDATE `db_academico`.`malla_academica_detalle` SET `asi_id` = '1309', `made_codigo_asignatura` = 'POS-0081-1309-011',`made_hora` = '120', `made_credito` = '3' WHERE (`made_id` = '3462');
UPDATE `db_academico`.`malla_academica_detalle` SET `asi_id` = '1310', `made_codigo_asignatura` = 'POS-0081-1310-012', `made_hora` = '120', `made_credito` = '3' WHERE (`made_id` = '3463');
UPDATE `db_academico`.`malla_academica_detalle` SET `asi_id` = '658', `made_codigo_asignatura` = 'POS-0081-0658-013',`made_hora` = '240', `made_credito` = '5' WHERE (`made_id` = '3464');
DELETE FROM `db_academico`.`malla_academica_detalle` WHERE (`made_id` = '3465');

-- maca id 83
UPDATE `db_academico`.`malla_academica_detalle` SET `asi_id` = '1267', `made_codigo_asignatura` = 'POS-0083-1267-001',`made_hora` = '112', `made_credito` = '2' WHERE (`made_id` = '3425');
UPDATE `db_academico`.`malla_academica_detalle` SET `asi_id` = '118', `made_codigo_asignatura` = 'POS-0083-0118-003', `made_hora` = '112', `made_credito` = '2' WHERE (`made_id` = '3426');
UPDATE `db_academico`.`malla_academica_detalle` SET `asi_id` = '650', `made_codigo_asignatura` = 'POS-0083-0650-004', `made_hora` = '112', `made_credito` = '2' WHERE (`made_id` = '3427');
UPDATE `db_academico`.`malla_academica_detalle` SET `asi_id` = '1269', `made_codigo_asignatura` = 'POS-0083-1269-005',`made_hora` = '112', `made_credito` = '2' WHERE (`made_id` = '3428');
UPDATE `db_academico`.`malla_academica_detalle` SET `asi_id` = '1270', `made_codigo_asignatura` = 'POS-0083-1270-006',`made_hora` = '112', `made_credito` = '2' WHERE (`made_id` = '3429');
UPDATE `db_academico`.`malla_academica_detalle` SET `asi_id` = '1271', `made_codigo_asignatura` = 'POS-0083-1271-007',`made_hora` = '114', `made_credito` = '2' WHERE (`made_id` = '3430');
UPDATE `db_academico`.`malla_academica_detalle` SET `asi_id` = '1272', `made_codigo_asignatura` = 'POS-0083-1272-008',`made_hora` = '114', `made_credito` = '2' WHERE (`made_id` = '3431');
UPDATE `db_academico`.`malla_academica_detalle` SET `asi_id` = '1273', `made_codigo_asignatura` = 'POS-0083-1273-009',`made_hora` = '114', `made_credito` = '2' WHERE (`made_id` = '3432');
UPDATE `db_academico`.`malla_academica_detalle` SET `asi_id` = '1274', `made_codigo_asignatura` = 'POS-0083-1274-010',`made_hora` = '114', `made_credito` = '2' WHERE (`made_id` = '3433');
UPDATE `db_academico`.`malla_academica_detalle` SET `asi_id` = '1275', `made_codigo_asignatura` = 'POS-0083-1275-011', `made_hora` = '114', `made_credito` = '2' WHERE (`made_id` = '3434');
UPDATE `db_academico`.`malla_academica_detalle` SET `asi_id` = '1276', `made_codigo_asignatura` = 'POS-0083-1276-012',`made_hora` = '114', `made_credito` = '2' WHERE (`made_id` = '3435');
UPDATE `db_academico`.`malla_academica_detalle` SET `asi_id` = '1277', `made_codigo_asignatura` = 'POS-0083-1277-013',`made_hora` = '114', `made_credito` = '2' WHERE (`made_id` = '3436');
UPDATE `db_academico`.`malla_academica_detalle` SET `asi_id` = '658', `made_codigo_asignatura` = 'POS-0083-0658-014' WHERE (`made_id` = '3437');

-- maca_id 85
-- insert falta de materias 
INSERT INTO `db_academico`.`malla_academica_detalle` (`made_id`, `maca_id`, `asi_id`, `made_semestre`, `uest_id`, `nest_id`, `fmac_id`, `made_codigo_asignatura`, `made_hora`, `made_credito`, `made_usuario_ingreso`, `made_estado`, `made_fecha_creacion`, `made_estado_logico`) VALUES ('3518', '85', '1285', '1', '3', '1', '2', 'POS-0085-1285-011', '118', '2', '1', '1', '18/06/21 00:00', '1');
INSERT INTO `db_academico`.`malla_academica_detalle` (`made_id`, `maca_id`, `asi_id`, `made_semestre`, `uest_id`, `nest_id`, `fmac_id`, `made_codigo_asignatura`, `made_hora`, `made_credito`, `made_usuario_ingreso`, `made_estado`, `made_fecha_creacion`, `made_estado_logico`) VALUES ('3519', '85', '1286', '1', '3', '1', '2', 'POS-0085-1286-012', '118', '2', '1', '1', '18/06/21 00:00', '1');
INSERT INTO `db_academico`.`malla_academica_detalle` (`made_id`, `maca_id`, `asi_id`, `made_semestre`, `uest_id`, `nest_id`, `fmac_id`, `made_codigo_asignatura`, `made_hora`, `made_credito`, `made_usuario_ingreso`, `made_estado`, `made_fecha_creacion`, `made_estado_logico`) VALUES ('3520', '85', '757', '1', '3', '1', '2', 'POS-0085-0757-013', '240', '5', '1', '1', '18/06/21 00:00', '1');
-- update 
UPDATE `db_academico`.`malla_academica_detalle` SET `asi_id` = '1279', `made_codigo_asignatura` = 'POS-0085-1279-001',`made_hora` = '118', `made_credito` = '2' WHERE (`made_id` = '3374');
UPDATE `db_academico`.`malla_academica_detalle` SET `asi_id` = '1214', `made_codigo_asignatura` = 'POS-0085-1214-002',`made_hora` = '118', `made_credito` = '2' WHERE (`made_id` = '3375');
UPDATE `db_academico`.`malla_academica_detalle` SET `asi_id` = '100', `made_codigo_asignatura` = 'POS-0085-0100-003',`made_hora` = '118', `made_credito` = '2' WHERE (`made_id` = '3376');
UPDATE `db_academico`.`malla_academica_detalle` SET `asi_id` = '1281', `made_codigo_asignatura` = 'POS-0085-1281-004',`made_hora` = '118', `made_credito` = '2' WHERE (`made_id` = '3377');
UPDATE `db_academico`.`malla_academica_detalle` SET `asi_id` = '118', `made_codigo_asignatura` = 'POS-0085-0118-005',`made_hora` = '118', `made_credito` = '2' WHERE (`made_id` = '3378');
UPDATE `db_academico`.`malla_academica_detalle` SET `asi_id` = '1282', `made_codigo_asignatura` = 'POS-0085-1282-006',`made_hora` = '118', `made_credito` = '2' WHERE (`made_id` = '3379');
UPDATE `db_academico`.`malla_academica_detalle` SET `asi_id` = '1283', `made_codigo_asignatura` = 'POS-0085-1283-007',`made_hora` = '118', `made_credito` = '2' WHERE (`made_id` = '3380');
UPDATE `db_academico`.`malla_academica_detalle` SET `asi_id` = '1284', `made_codigo_asignatura` = 'POS-0085-1284-008',`made_hora` = '118', `made_credito` = '2' WHERE (`made_id` = '3382');
UPDATE `db_academico`.`malla_academica_detalle` SET `asi_id` = '84', `made_codigo_asignatura` = 'POS-0085-0084-009',`made_hora` = '118', `made_credito` = '2' WHERE (`made_id` = '3383');
UPDATE `db_academico`.`malla_academica_detalle` SET `asi_id` = '652', `made_codigo_asignatura` = 'POS-0085-0652-010',`made_hora` = '118', `made_credito` = '2' WHERE (`made_id` = '3384');

-- maca_id 86
-- update 
UPDATE `db_academico`.`malla_academica_detalle` SET `asi_id` = '1253', `made_codigo_asignatura` = 'POS-0086-1253-001',`made_hora` = '112', `made_credito` = '2'  WHERE (`made_id` = '3410');
UPDATE `db_academico`.`malla_academica_detalle` SET `asi_id` = '1288', `made_codigo_asignatura` = 'POS-0086-1288-002',`made_hora` = '112', `made_credito` = '2'  WHERE (`made_id` = '3414');
UPDATE `db_academico`.`malla_academica_detalle` SET `asi_id` = '1289', `made_codigo_asignatura` = 'POS-0086-1289-003',`made_hora` = '112', `made_credito` = '2'  WHERE (`made_id` = '3415');
UPDATE `db_academico`.`malla_academica_detalle` SET `asi_id` = '1290', `made_codigo_asignatura` = 'POS-0086-1290-004',`made_hora` = '112', `made_credito` = '2'  WHERE (`made_id` = '3416');
UPDATE `db_academico`.`malla_academica_detalle` SET `asi_id` = '1291', `made_codigo_asignatura` = 'POS-0086-1291-005',`made_hora` = '114', `made_credito` = '2' WHERE (`made_id` = '3417');
UPDATE `db_academico`.`malla_academica_detalle` SET `asi_id` = '1292', `made_codigo_asignatura` = 'POS-0086-1292-006',`made_hora` = '114', `made_credito` = '2' WHERE (`made_id` = '3418');
UPDATE `db_academico`.`malla_academica_detalle` SET `asi_id` = '1293', `made_codigo_asignatura` = 'POS-0086-1293-007',`made_hora` = '114', `made_credito` = '2' WHERE (`made_id` = '3419');
UPDATE `db_academico`.`malla_academica_detalle` SET `asi_id` = '1294', `made_codigo_asignatura` = 'POS-0086-1294-008',`made_hora` = '114', `made_credito` = '2' WHERE (`made_id` = '3420');
UPDATE `db_academico`.`malla_academica_detalle` SET `asi_id` = '1295', `made_codigo_asignatura` = 'POS-0086-1295-009',`made_hora` = '114', `made_credito` = '2' WHERE (`made_id` = '3421');
UPDATE `db_academico`.`malla_academica_detalle` SET `asi_id` = '1296', `made_codigo_asignatura` = 'POS-0086-1296-010',`made_hora` = '114', `made_credito` = '2' WHERE (`made_id` = '3422');
UPDATE `db_academico`.`malla_academica_detalle` SET `asi_id` = '1297', `made_codigo_asignatura` = 'POS-0086-1297-011',`made_hora` = '114', `made_credito` = '2' WHERE (`made_id` = '3423');
UPDATE `db_academico`.`malla_academica_detalle` SET `asi_id` = '1298', `made_codigo_asignatura` = 'POS-0086-1298-012',`made_hora` = '114', `made_credito` = '2' WHERE (`made_id` = '3424');
-- insert
INSERT INTO `db_academico`.`malla_academica_detalle` (`made_id`, `maca_id`, `asi_id`, `made_semestre`, `uest_id`, `nest_id`, `fmac_id`, `made_codigo_asignatura`, `made_hora`, `made_credito`, `made_usuario_ingreso`, `made_estado`, `made_fecha_creacion`, `made_estado_logico`) VALUES ('3521', '86', '757', '1', '3', '1', '2', 'POS-0086-0757-013', '240', '5', '1', '1', '2018-06-21 00:00:00', '1');
-- maca_id 87
-- update
UPDATE `db_academico`.`malla_academica_detalle` SET `asi_id` = '1254', `made_codigo_asignatura` = 'POS-0087-1254-001', `made_hora` = '118', `made_credito` = '2' WHERE (`made_id` = '3398');
UPDATE `db_academico`.`malla_academica_detalle` SET `asi_id` = '1255', `made_codigo_asignatura` = 'POS-0087-1255-002', `made_hora` = '118', `made_credito` = '2' WHERE (`made_id` = '3399');
UPDATE `db_academico`.`malla_academica_detalle` SET `asi_id` = '1256', `made_codigo_asignatura` = 'POS-0087-1256-003', `made_hora` = '118', `made_credito` = '2' WHERE (`made_id` = '3400');
UPDATE `db_academico`.`malla_academica_detalle` SET `asi_id` = '1257', `made_codigo_asignatura` = 'POS-0087-1257-004', `made_hora` = '118', `made_credito` = '2' WHERE (`made_id` = '3401');
UPDATE `db_academico`.`malla_academica_detalle` SET `asi_id` = '1258', `made_codigo_asignatura` = 'POS-0087-1258-005', `made_hora` = '118', `made_credito` = '2' WHERE (`made_id` = '3402');
UPDATE `db_academico`.`malla_academica_detalle` SET `asi_id` = '1259', `made_codigo_asignatura` = 'POS-0087-1259-006', `made_hora` = '118', `made_credito` = '2' WHERE (`made_id` = '3403');
UPDATE `db_academico`.`malla_academica_detalle` SET `asi_id` = '1260', `made_codigo_asignatura` = 'POS-0087-1260-007', `made_hora` = '118', `made_credito` = '2' WHERE (`made_id` = '3404');
UPDATE `db_academico`.`malla_academica_detalle` SET `asi_id` = '1261', `made_codigo_asignatura` = 'POS-0087-1261-008', `made_hora` = '118', `made_credito` = '2' WHERE (`made_id` = '3405');
UPDATE `db_academico`.`malla_academica_detalle` SET `asi_id` = '1262', `made_codigo_asignatura` = 'POS-0087-1262-009', `made_hora` = '118', `made_credito` = '2' WHERE (`made_id` = '3406');
UPDATE `db_academico`.`malla_academica_detalle` SET `asi_id` = '1263', `made_codigo_asignatura` = 'POS-0087-1263-010', `made_hora` = '118', `made_credito` = '2' WHERE (`made_id` = '3407');
-- insert
INSERT INTO `db_academico`.`malla_academica_detalle` (`made_id`, `maca_id`, `asi_id`, `made_semestre`, `uest_id`, `nest_id`, `fmac_id`, `made_codigo_asignatura`, `made_hora`, `made_credito`, `made_usuario_ingreso`, `made_estado`, `made_fecha_creacion`, `made_estado_logico`) VALUES ('3522', '87', '1264', '1', '3', '1', '2', 'POS-0087-1264-011', '118', '2', '1', '1', '2021-05-28 17:58:52', '1');
INSERT INTO `db_academico`.`malla_academica_detalle` (`made_id`, `maca_id`, `asi_id`, `made_semestre`, `uest_id`, `nest_id`, `fmac_id`, `made_codigo_asignatura`, `made_hora`, `made_credito`, `made_usuario_ingreso`, `made_estado`, `made_fecha_creacion`, `made_estado_logico`) VALUES ('3523', '87', '1265', '1', '3', '1', '2', 'POS-0087-1265-012', '118', '2', '1', '1', '2021-05-28 17:58:52', '1');
INSERT INTO `db_academico`.`malla_academica_detalle` (`made_id`, `maca_id`, `asi_id`, `made_semestre`, `uest_id`, `nest_id`, `fmac_id`, `made_codigo_asignatura`, `made_hora`, `made_credito`, `made_usuario_ingreso`, `made_estado`, `made_fecha_creacion`, `made_estado_logico`) VALUES ('3524', '87', '1252', '1', '3', '1', '2', 'POS-0087-1252-013', '240', '5', '1', '1', '2021-05-28 17:58:52', '1');

-- made nuevos 
-- maca_id 82
INSERT INTO `db_academico`.`malla_academica_detalle` (`made_id`, `maca_id`, `asi_id`, `made_semestre`, `uest_id`, `nest_id`, `fmac_id`, `made_codigo_asignatura`, `made_hora`, `made_credito`, `made_usuario_ingreso`, `made_estado`, `made_fecha_creacion`, `made_estado_logico`) VALUES ('3466', '82', '696', '1', '3', '1', '2', 'POS-0082-0696-001', '112', '4', '1', '1', '2021-06-18 00:00:00', '1');
INSERT INTO `db_academico`.`malla_academica_detalle` (`made_id`, `maca_id`, `asi_id`, `made_semestre`, `uest_id`, `nest_id`, `fmac_id`, `made_codigo_asignatura`, `made_hora`, `made_credito`, `made_usuario_ingreso`, `made_estado`, `made_fecha_creacion`, `made_estado_logico`) VALUES ('3467', '82', '697', '1', '3', '1', '2', 'POS-0082-0697-002', '112', '4', '1', '1', '2021-06-18 00:00:00', '1');
INSERT INTO `db_academico`.`malla_academica_detalle` (`made_id`, `maca_id`, `asi_id`, `made_semestre`, `uest_id`, `nest_id`, `fmac_id`, `made_codigo_asignatura`, `made_hora`, `made_credito`, `made_usuario_ingreso`, `made_estado`, `made_fecha_creacion`, `made_estado_logico`) VALUES ('3468', '82', '698', '1', '3', '1', '2', 'POS-0082-0698-003', '112', '4', '1', '1', '2021-06-18 00:00:00', '1');
INSERT INTO `db_academico`.`malla_academica_detalle` (`made_id`, `maca_id`, `asi_id`, `made_semestre`, `uest_id`, `nest_id`, `fmac_id`, `made_codigo_asignatura`, `made_hora`, `made_credito`, `made_usuario_ingreso`, `made_estado`, `made_fecha_creacion`, `made_estado_logico`) VALUES ('3469', '82', '699', '1', '3', '1', '2', 'POS-0082-0699-004', '112', '4', '1', '1', '2021-06-18 00:00:00', '1');
INSERT INTO `db_academico`.`malla_academica_detalle` (`made_id`, `maca_id`, `asi_id`, `made_semestre`, `uest_id`, `nest_id`, `fmac_id`, `made_codigo_asignatura`, `made_hora`, `made_credito`, `made_usuario_ingreso`, `made_estado`, `made_fecha_creacion`, `made_estado_logico`) VALUES ('3470', '82', '747', '1', '3', '1', '2', 'POS-0082-0747-005', '114', '4', '1', '1', '2021-06-18 00:00:00', '1');
INSERT INTO `db_academico`.`malla_academica_detalle` (`made_id`, `maca_id`, `asi_id`, `made_semestre`, `uest_id`, `nest_id`, `fmac_id`, `made_codigo_asignatura`, `made_hora`, `made_credito`, `made_usuario_ingreso`, `made_estado`, `made_fecha_creacion`, `made_estado_logico`) VALUES ('3471', '82', '700', '1', '3', '1', '2', 'POS-0082-0700-006', '114', '4', '1', '1', '2021-06-18 00:00:00', '1');
INSERT INTO `db_academico`.`malla_academica_detalle` (`made_id`, `maca_id`, `asi_id`, `made_semestre`, `uest_id`, `nest_id`, `fmac_id`, `made_codigo_asignatura`, `made_hora`, `made_credito`, `made_usuario_ingreso`, `made_estado`, `made_fecha_creacion`, `made_estado_logico`) VALUES ('3472', '82', '701', '1', '3', '1', '2', 'POS-0082-0701-007', '114', '4', '1', '1', '2021-06-18 00:00:00', '1');
INSERT INTO `db_academico`.`malla_academica_detalle` (`made_id`, `maca_id`, `asi_id`, `made_semestre`, `uest_id`, `nest_id`, `fmac_id`, `made_codigo_asignatura`, `made_hora`, `made_credito`, `made_usuario_ingreso`, `made_estado`, `made_fecha_creacion`, `made_estado_logico`) VALUES ('3473', '82', '702', '1', '3', '1', '2', 'POS-0082-0702-008', '114', '4', '1', '1', '2021-06-18 00:00:00', '1');
INSERT INTO `db_academico`.`malla_academica_detalle` (`made_id`, `maca_id`, `asi_id`, `made_semestre`, `uest_id`, `nest_id`, `fmac_id`, `made_codigo_asignatura`, `made_hora`, `made_credito`, `made_usuario_ingreso`, `made_estado`, `made_fecha_creacion`, `made_estado_logico`) VALUES ('3474', '82', '703', '1', '3', '1', '2', 'POS-0082-0703-009', '114', '4', '1', '1', '2021-06-18 00:00:00', '1');
INSERT INTO `db_academico`.`malla_academica_detalle` (`made_id`, `maca_id`, `asi_id`, `made_semestre`, `uest_id`, `nest_id`, `fmac_id`, `made_codigo_asignatura`, `made_hora`, `made_credito`, `made_usuario_ingreso`, `made_estado`, `made_fecha_creacion`, `made_estado_logico`) VALUES ('3475', '82', '704', '1', '3', '1', '2', 'POS-0082-0704-010', '114', '4', '1', '1', '2021-06-18 00:00:00', '1');
INSERT INTO `db_academico`.`malla_academica_detalle` (`made_id`, `maca_id`, `asi_id`, `made_semestre`, `uest_id`, `nest_id`, `fmac_id`, `made_codigo_asignatura`, `made_hora`, `made_credito`, `made_usuario_ingreso`, `made_estado`, `made_fecha_creacion`, `made_estado_logico`) VALUES ('3476', '82', '705', '1', '3', '1', '2', 'POS-0082-0705-011', '114', '4', '1', '1', '2021-06-18 00:00:00', '1');
INSERT INTO `db_academico`.`malla_academica_detalle` (`made_id`, `maca_id`, `asi_id`, `made_semestre`, `uest_id`, `nest_id`, `fmac_id`, `made_codigo_asignatura`, `made_hora`, `made_credito`, `made_usuario_ingreso`, `made_estado`, `made_fecha_creacion`, `made_estado_logico`) VALUES ('3477', '82', '687', '1', '3', '1', '2', 'POS-0082-0687012', '114', '4', '1', '1', '2021-06-18 00:00:00', '1');
INSERT INTO `db_academico`.`malla_academica_detalle` (`made_id`, `maca_id`, `asi_id`, `made_semestre`, `uest_id`, `nest_id`, `fmac_id`, `made_codigo_asignatura`, `made_hora`, `made_credito`, `made_usuario_ingreso`, `made_estado`, `made_fecha_creacion`, `made_estado_logico`) VALUES ('3478', '82', '1198', '1', '3', '1', '2', 'POS-0082-1198-013', '240', '8', '1', '1', '2021-06-18 00:00:00', '1');
-- maca_id 84
INSERT INTO `db_academico`.`malla_academica_detalle` (`made_id`, `maca_id`, `asi_id`, `made_semestre`, `uest_id`, `nest_id`, `fmac_id`, `made_codigo_asignatura`, `made_hora`, `made_credito`, `made_usuario_ingreso`, `made_estado`, `made_fecha_creacion`, `made_estado_logico`) VALUES ('3479', '84', '56', '1', '3', '1', '2', 'POS-0084-0056-001', '112', '4', '1', '1', '2021-06-18 00:00:00', '1');
INSERT INTO `db_academico`.`malla_academica_detalle` (`made_id`, `maca_id`, `asi_id`, `made_semestre`, `uest_id`, `nest_id`, `fmac_id`, `made_codigo_asignatura`, `made_hora`, `made_credito`, `made_usuario_ingreso`, `made_estado`, `made_fecha_creacion`, `made_estado_logico`) VALUES ('3480', '84', '697', '1', '3', '1', '2', 'POS-0084-0697-002', '112', '4', '1', '1', '2021-06-18 00:00:00', '1');
INSERT INTO `db_academico`.`malla_academica_detalle` (`made_id`, `maca_id`, `asi_id`, `made_semestre`, `uest_id`, `nest_id`, `fmac_id`, `made_codigo_asignatura`, `made_hora`, `made_credito`, `made_usuario_ingreso`, `made_estado`, `made_fecha_creacion`, `made_estado_logico`) VALUES ('3481', '84', '706', '1', '3', '1', '2', 'POS-0084-0706-003', '112', '4', '1', '1', '2021-06-18 00:00:00', '1');
INSERT INTO `db_academico`.`malla_academica_detalle` (`made_id`, `maca_id`, `asi_id`, `made_semestre`, `uest_id`, `nest_id`, `fmac_id`, `made_codigo_asignatura`, `made_hora`, `made_credito`, `made_usuario_ingreso`, `made_estado`, `made_fecha_creacion`, `made_estado_logico`) VALUES ('3482', '84', '100', '1', '3', '1', '2', 'POS-0084-0100-004', '112', '4', '1', '1', '2021-06-18 00:00:00', '1');
INSERT INTO `db_academico`.`malla_academica_detalle` (`made_id`, `maca_id`, `asi_id`, `made_semestre`, `uest_id`, `nest_id`, `fmac_id`, `made_codigo_asignatura`, `made_hora`, `made_credito`, `made_usuario_ingreso`, `made_estado`, `made_fecha_creacion`, `made_estado_logico`) VALUES ('3483', '84', '118', '1', '3', '1', '2', 'POS-0084-0118-005', '114', '4', '1', '1', '2021-06-18 00:00:00', '1');
INSERT INTO `db_academico`.`malla_academica_detalle` (`made_id`, `maca_id`, `asi_id`, `made_semestre`, `uest_id`, `nest_id`, `fmac_id`, `made_codigo_asignatura`, `made_hora`, `made_credito`, `made_usuario_ingreso`, `made_estado`, `made_fecha_creacion`, `made_estado_logico`) VALUES ('3484', '84', '707', '1', '3', '1', '2', 'POS-0084-0707-006', '114', '4', '1', '1', '2021-06-18 00:00:00', '1');
INSERT INTO `db_academico`.`malla_academica_detalle` (`made_id`, `maca_id`, `asi_id`, `made_semestre`, `uest_id`, `nest_id`, `fmac_id`, `made_codigo_asignatura`, `made_hora`, `made_credito`, `made_usuario_ingreso`, `made_estado`, `made_fecha_creacion`, `made_estado_logico`) VALUES ('3485', '84', '701', '1', '3', '1', '2', 'POS-0084-0701-007', '114', '4', '1', '1', '2021-06-18 00:00:00', '1');
INSERT INTO `db_academico`.`malla_academica_detalle` (`made_id`, `maca_id`, `asi_id`, `made_semestre`, `uest_id`, `nest_id`, `fmac_id`, `made_codigo_asignatura`, `made_hora`, `made_credito`, `made_usuario_ingreso`, `made_estado`, `made_fecha_creacion`, `made_estado_logico`) VALUES ('3486', '84', '81', '1', '3', '1', '2', 'POS-0084-0081-008', '114', '4', '1', '1', '2021-06-18 00:00:00', '1');
INSERT INTO `db_academico`.`malla_academica_detalle` (`made_id`, `maca_id`, `asi_id`, `made_semestre`, `uest_id`, `nest_id`, `fmac_id`, `made_codigo_asignatura`, `made_hora`, `made_credito`, `made_usuario_ingreso`, `made_estado`, `made_fecha_creacion`, `made_estado_logico`) VALUES ('3487', '84', '708', '1', '3', '1', '2', 'POS-0084-0708-009', '114', '4', '1', '1', '2021-06-18 00:00:00', '1');
INSERT INTO `db_academico`.`malla_academica_detalle` (`made_id`, `maca_id`, `asi_id`, `made_semestre`, `uest_id`, `nest_id`, `fmac_id`, `made_codigo_asignatura`, `made_hora`, `made_credito`, `made_usuario_ingreso`, `made_estado`, `made_fecha_creacion`, `made_estado_logico`) VALUES ('3488', '84', '652', '1', '3', '1', '2', 'POS-0084-0652-010', '114', '4', '1', '1', '2021-06-18 00:00:00', '1');
INSERT INTO `db_academico`.`malla_academica_detalle` (`made_id`, `maca_id`, `asi_id`, `made_semestre`, `uest_id`, `nest_id`, `fmac_id`, `made_codigo_asignatura`, `made_hora`, `made_credito`, `made_usuario_ingreso`, `made_estado`, `made_fecha_creacion`, `made_estado_logico`) VALUES ('3489', '84', '705', '1', '3', '1', '2', 'POS-0084-0705-011', '114', '4', '1', '1', '2021-06-18 00:00:00', '1');
INSERT INTO `db_academico`.`malla_academica_detalle` (`made_id`, `maca_id`, `asi_id`, `made_semestre`, `uest_id`, `nest_id`, `fmac_id`, `made_codigo_asignatura`, `made_hora`, `made_credito`, `made_usuario_ingreso`, `made_estado`, `made_fecha_creacion`, `made_estado_logico`) VALUES ('3490', '84', '113', '1', '3', '1', '2', 'POS-0084-0113-012', '114', '4', '1', '1', '2021-06-18 00:00:00', '1');
INSERT INTO `db_academico`.`malla_academica_detalle` (`made_id`, `maca_id`, `asi_id`, `made_semestre`, `uest_id`, `nest_id`, `fmac_id`, `made_codigo_asignatura`, `made_hora`, `made_credito`, `made_usuario_ingreso`, `made_estado`, `made_fecha_creacion`, `made_estado_logico`) VALUES ('3491', '84', '658', '1', '3', '1', '2', 'POS-0084-0658-013', '240', '8', '1', '1', '2021-06-18 00:00:00', '1');
-- maca_id 88
INSERT INTO `db_academico`.`malla_academica_detalle` (`made_id`, `maca_id`, `asi_id`, `made_semestre`, `uest_id`, `nest_id`, `fmac_id`, `made_codigo_asignatura`, `made_hora`, `made_credito`, `made_usuario_ingreso`, `made_estado`, `made_fecha_creacion`, `made_estado_logico`) VALUES ('3492', '88', '69', '1', '3', '1', '2', 'POS-0088-0069-001', '122', '3', '1', '1', '2021-06-18 00:00:00', '1');
INSERT INTO `db_academico`.`malla_academica_detalle` (`made_id`, `maca_id`, `asi_id`, `made_semestre`, `uest_id`, `nest_id`, `fmac_id`, `made_codigo_asignatura`, `made_hora`, `made_credito`, `made_usuario_ingreso`, `made_estado`, `made_fecha_creacion`, `made_estado_logico`) VALUES ('3493', '88', '118', '1', '3', '1', '2', 'POS-0088-0118-002', '122', '3', '1', '1', '2021-06-18 00:00:00', '1');
INSERT INTO `db_academico`.`malla_academica_detalle` (`made_id`, `maca_id`, `asi_id`, `made_semestre`, `uest_id`, `nest_id`, `fmac_id`, `made_codigo_asignatura`, `made_hora`, `made_credito`, `made_usuario_ingreso`, `made_estado`, `made_fecha_creacion`, `made_estado_logico`) VALUES ('3494', '88', '38', '1', '3', '1', '2', 'POS-0088-0038-003', '122', '3', '1', '1', '2021-06-18 00:00:00', '1');
INSERT INTO `db_academico`.`malla_academica_detalle` (`made_id`, `maca_id`, `asi_id`, `made_semestre`, `uest_id`, `nest_id`, `fmac_id`, `made_codigo_asignatura`, `made_hora`, `made_credito`, `made_usuario_ingreso`, `made_estado`, `made_fecha_creacion`, `made_estado_logico`) VALUES ('3495', '88', '652', '1', '3', '1', '2', 'POS-0088-0652-004', '122', '3', '1', '1', '2021-06-18 00:00:00', '1');
INSERT INTO `db_academico`.`malla_academica_detalle` (`made_id`, `maca_id`, `asi_id`, `made_semestre`, `uest_id`, `nest_id`, `fmac_id`, `made_codigo_asignatura`, `made_hora`, `made_credito`, `made_usuario_ingreso`, `made_estado`, `made_fecha_creacion`, `made_estado_logico`) VALUES ('3496', '88', '94', '1', '3', '1', '2', 'POS-0088-0094-005', '122', '3', '1', '1', '2021-06-18 00:00:00', '1');
INSERT INTO `db_academico`.`malla_academica_detalle` (`made_id`, `maca_id`, `asi_id`, `made_semestre`, `uest_id`, `nest_id`, `fmac_id`, `made_codigo_asignatura`, `made_hora`, `made_credito`, `made_usuario_ingreso`, `made_estado`, `made_fecha_creacion`, `made_estado_logico`) VALUES ('3497', '88', '65', '1', '3', '1', '2', 'POS-0088-0065-006', '122', '3', '1', '1', '2021-06-18 00:00:00', '1');
INSERT INTO `db_academico`.`malla_academica_detalle` (`made_id`, `maca_id`, `asi_id`, `made_semestre`, `uest_id`, `nest_id`, `fmac_id`, `made_codigo_asignatura`, `made_hora`, `made_credito`, `made_usuario_ingreso`, `made_estado`, `made_fecha_creacion`, `made_estado_logico`) VALUES ('3498', '88', '709', '1', '3', '1', '2', 'POS-0088-0709-007', '122', '3', '1', '1', '2021-06-18 00:00:00', '1');
INSERT INTO `db_academico`.`malla_academica_detalle` (`made_id`, `maca_id`, `asi_id`, `made_semestre`, `uest_id`, `nest_id`, `fmac_id`, `made_codigo_asignatura`, `made_hora`, `made_credito`, `made_usuario_ingreso`, `made_estado`, `made_fecha_creacion`, `made_estado_logico`) VALUES ('3499', '88', '710', '1', '3', '1', '2', 'POS-0088-0710-008', '122', '3', '1', '1', '2021-06-18 00:00:00', '1');
INSERT INTO `db_academico`.`malla_academica_detalle` (`made_id`, `maca_id`, `asi_id`, `made_semestre`, `uest_id`, `nest_id`, `fmac_id`, `made_codigo_asignatura`, `made_hora`, `made_credito`, `made_usuario_ingreso`, `made_estado`, `made_fecha_creacion`, `made_estado_logico`) VALUES ('3500', '88', '109', '1', '3', '1', '2', 'POS-0088-0109-009', '122', '3', '1', '1', '2021-06-18 00:00:00', '1');
INSERT INTO `db_academico`.`malla_academica_detalle` (`made_id`, `maca_id`, `asi_id`, `made_semestre`, `uest_id`, `nest_id`, `fmac_id`, `made_codigo_asignatura`, `made_hora`, `made_credito`, `made_usuario_ingreso`, `made_estado`, `made_fecha_creacion`, `made_estado_logico`) VALUES ('3501', '88', '102', '1', '3', '1', '2', 'POS-0088-0102-010', '122', '3', '1', '1', '2021-06-18 00:00:00', '1');
INSERT INTO `db_academico`.`malla_academica_detalle` (`made_id`, `maca_id`, `asi_id`, `made_semestre`, `uest_id`, `nest_id`, `fmac_id`, `made_codigo_asignatura`, `made_hora`, `made_credito`, `made_usuario_ingreso`, `made_estado`, `made_fecha_creacion`, `made_estado_logico`) VALUES ('3502', '88', '711', '1', '3', '1', '2', 'POS-0088-0711-011', '122', '3', '1', '1', '2021-06-18 00:00:00', '1');
INSERT INTO `db_academico`.`malla_academica_detalle` (`made_id`, `maca_id`, `asi_id`, `made_semestre`, `uest_id`, `nest_id`, `fmac_id`, `made_codigo_asignatura`, `made_hora`, `made_credito`, `made_usuario_ingreso`, `made_estado`, `made_fecha_creacion`, `made_estado_logico`) VALUES ('3503', '88', '74', '1', '3', '1', '2', 'POS-0088-0074-012', '122', '3', '1', '1', '2021-06-18 00:00:00', '1');
INSERT INTO `db_academico`.`malla_academica_detalle` (`made_id`, `maca_id`, `asi_id`, `made_semestre`, `uest_id`, `nest_id`, `fmac_id`, `made_codigo_asignatura`, `made_hora`, `made_credito`, `made_usuario_ingreso`, `made_estado`, `made_fecha_creacion`, `made_estado_logico`) VALUES ('3504', '88', '658', '1', '3', '1', '2', 'POS-0088-0658-013', '240', '5', '1', '1', '2021-06-18 00:00:00', '1');
-- maca_id 89
INSERT INTO `db_academico`.`malla_academica_detalle` (`made_id`, `maca_id`, `asi_id`, `made_semestre`, `uest_id`, `nest_id`, `fmac_id`, `made_codigo_asignatura`, `made_hora`, `made_credito`, `made_usuario_ingreso`, `made_estado`, `made_fecha_creacion`, `made_estado_logico`) VALUES ('3505', '89', '631', '1', '3', '1', '2', 'POS-0089-0631-001', '100', '3', '1', '1', '2021-06-18 00:00:00', '1');
INSERT INTO `db_academico`.`malla_academica_detalle` (`made_id`, `maca_id`, `asi_id`, `made_semestre`, `uest_id`, `nest_id`, `fmac_id`, `made_codigo_asignatura`, `made_hora`, `made_credito`, `made_usuario_ingreso`, `made_estado`, `made_fecha_creacion`, `made_estado_logico`) VALUES ('3506', '89', '632', '1', '3', '1', '2', 'POS-0089-0632-002', '100', '3', '1', '1', '2021-06-18 00:00:00', '1');
INSERT INTO `db_academico`.`malla_academica_detalle` (`made_id`, `maca_id`, `asi_id`, `made_semestre`, `uest_id`, `nest_id`, `fmac_id`, `made_codigo_asignatura`, `made_hora`, `made_credito`, `made_usuario_ingreso`, `made_estado`, `made_fecha_creacion`, `made_estado_logico`) VALUES ('3507', '89', '633', '1', '3', '1', '2', 'POS-0089-0633-003', '100', '3', '1', '1', '2021-06-18 00:00:00', '1');
INSERT INTO `db_academico`.`malla_academica_detalle` (`made_id`, `maca_id`, `asi_id`, `made_semestre`, `uest_id`, `nest_id`, `fmac_id`, `made_codigo_asignatura`, `made_hora`, `made_credito`, `made_usuario_ingreso`, `made_estado`, `made_fecha_creacion`, `made_estado_logico`) VALUES ('3508', '89', '94', '1', '3', '1', '2', 'POS-0089-0094-004', '100', '3', '1', '1', '2021-06-18 00:00:00', '1');
INSERT INTO `db_academico`.`malla_academica_detalle` (`made_id`, `maca_id`, `asi_id`, `made_semestre`, `uest_id`, `nest_id`, `fmac_id`, `made_codigo_asignatura`, `made_hora`, `made_credito`, `made_usuario_ingreso`, `made_estado`, `made_fecha_creacion`, `made_estado_logico`) VALUES ('3509', '89', '754', '1', '3', '1', '2', 'POS-0089-0754-005', '102', '3', '1', '1', '2021-06-18 00:00:00', '1');
INSERT INTO `db_academico`.`malla_academica_detalle` (`made_id`, `maca_id`, `asi_id`, `made_semestre`, `uest_id`, `nest_id`, `fmac_id`, `made_codigo_asignatura`, `made_hora`, `made_credito`, `made_usuario_ingreso`, `made_estado`, `made_fecha_creacion`, `made_estado_logico`) VALUES ('3510', '89', '634', '1', '3', '1', '2', 'POS-0089-0634-006', '102', '3', '1', '1', '2021-06-18 00:00:00', '1');
INSERT INTO `db_academico`.`malla_academica_detalle` (`made_id`, `maca_id`, `asi_id`, `made_semestre`, `uest_id`, `nest_id`, `fmac_id`, `made_codigo_asignatura`, `made_hora`, `made_credito`, `made_usuario_ingreso`, `made_estado`, `made_fecha_creacion`, `made_estado_logico`) VALUES ('3511', '89', '635', '1', '3', '1', '2', 'POS-0089-0635-007', '102', '3', '1', '1', '2021-06-18 00:00:00', '1');
INSERT INTO `db_academico`.`malla_academica_detalle` (`made_id`, `maca_id`, `asi_id`, `made_semestre`, `uest_id`, `nest_id`, `fmac_id`, `made_codigo_asignatura`, `made_hora`, `made_credito`, `made_usuario_ingreso`, `made_estado`, `made_fecha_creacion`, `made_estado_logico`) VALUES ('3512', '89', '743', '1', '3', '1', '2', 'POS-0089-0743-008', '102', '3', '1', '1', '2021-06-18 00:00:00', '1');
INSERT INTO `db_academico`.`malla_academica_detalle` (`made_id`, `maca_id`, `asi_id`, `made_semestre`, `uest_id`, `nest_id`, `fmac_id`, `made_codigo_asignatura`, `made_hora`, `made_credito`, `made_usuario_ingreso`, `made_estado`, `made_fecha_creacion`, `made_estado_logico`) VALUES ('3513', '89', '636', '1', '3', '1', '2', 'POS-0089-0636-009', '102', '3', '1', '1', '2021-06-18 00:00:00', '1');
INSERT INTO `db_academico`.`malla_academica_detalle` (`made_id`, `maca_id`, `asi_id`, `made_semestre`, `uest_id`, `nest_id`, `fmac_id`, `made_codigo_asignatura`, `made_hora`, `made_credito`, `made_usuario_ingreso`, `made_estado`, `made_fecha_creacion`, `made_estado_logico`) VALUES ('3514', '89', '637', '1', '3', '1', '2', 'POS-0089-0637-010', '102', '3', '1', '1', '2021-06-18 00:00:00', '1');
INSERT INTO `db_academico`.`malla_academica_detalle` (`made_id`, `maca_id`, `asi_id`, `made_semestre`, `uest_id`, `nest_id`, `fmac_id`, `made_codigo_asignatura`, `made_hora`, `made_credito`, `made_usuario_ingreso`, `made_estado`, `made_fecha_creacion`, `made_estado_logico`) VALUES ('3515', '89', '638', '1', '3', '1', '2', 'POS-0089-0638-011', '102', '3', '1', '1', '2021-06-18 00:00:00', '1');
INSERT INTO `db_academico`.`malla_academica_detalle` (`made_id`, `maca_id`, `asi_id`, `made_semestre`, `uest_id`, `nest_id`, `fmac_id`, `made_codigo_asignatura`, `made_hora`, `made_credito`, `made_usuario_ingreso`, `made_estado`, `made_fecha_creacion`, `made_estado_logico`) VALUES ('3516', '89', '639', '1', '3', '1', '2', 'POS-0089-0639-012', '102', '3', '1', '1', '2021-06-18 00:00:00', '1');
INSERT INTO `db_academico`.`malla_academica_detalle` (`made_id`, `maca_id`, `asi_id`, `made_semestre`, `uest_id`, `nest_id`, `fmac_id`, `made_codigo_asignatura`, `made_hora`, `made_credito`, `made_usuario_ingreso`, `made_estado`, `made_fecha_creacion`, `made_estado_logico`) VALUES ('3517', '89', '757', '1', '3', '1', '2', 'POS-0089-0757-013', '240', '8', '1', '1', '2021-06-18 00:00:00', '1');

INSERT INTO db_academico.modalidad_estudio_unidad(meun_id, uaca_id, mod_id, eaca_id, emp_id, meun_usuario_ingreso, meun_fecha_creacion, meun_estado, meun_estado_logico) VALUES
(127,2,1,74,1,1,current_date(),1,1),
(128,2,2,75,1,1,current_date(),1,1),
(129,2,2,75,1,1,current_date(),1,1),
(130,2,1,76,1,1,current_date(),1,1),
(131,2,1,77,1,1,current_date(),1,1),
(132,2,1,78,1,1,current_date(),1,1),
(133,2,1,80,1,1,current_date(),1,1),
(134,2,2,19,1,1,current_date(),1,1),
(135,2,2,69,1,1,current_date(),1,1),
(136,2,2,67,1,1,current_date(),1,1),
(137,2,2,68,1,1,current_date(),1,1),
(138,2,1,79,1,1,current_date(),1,1),
(139,2,2,24,1,1,current_date(),1,1),
(140,2,1,73,1,1,current_date(),1,1)
;

INSERT INTO db_academico.malla_unidad_modalidad(mumo_id,maca_id,meun_id,mumo_fecha_creacion,mumo_estado,mumo_estado_logico) VALUES
(111, 16, 40, current_date(), 1, 1),
(112, 32, 63, current_date(), 1, 1),
(113, 46, 127, current_date(), 1, 1),
(114, 45, 128, current_date(), 1, 1),
(115, 45, 128, current_date(), 1, 1),
(116, 45, 129, current_date(), 1, 1),
(117, 45, 129, current_date(), 1, 1),
(118, 31, 130, current_date(), 1, 1),
(119, 85, 131, current_date(), 1, 1),
(120, 79, 132, current_date(), 1, 1),
(121, 87, 133, current_date(), 1, 1),
(122, 80, 134, current_date(), 1, 1),
(123, 34, 135, current_date(), 1, 1)
;