--
-- Base de datos: `db_asgard`
--
USE `db_asgard`;

-- --------------------------------------------------------
--
-- Tabla `dash`
--
-- INSERT INTO `dash` (`dash_id`, `dash_title`, `dash_detail`, `dash_link`, `dash_target`, `dash_estado`, `dash_fecha_creacion`, `dash_fecha_modificacion`, `dash_estado_logico`) VALUES
-- (1, 'Biblioteca Virtual', 'Permite a nuestros estudiantes acceder a los libros digitales desde cualquier lugar y en cualquier momento.', 'https://www.biblionline.pearson.com', '_blank', '1', '2017-02-01 15:05:20', NULL, '1'),
-- (2, 'Campus Virtual', 'Los programas que se ofertan bajo la modalidad Online para los distintos niveles de educación, son impartidos a través de la plataforma en internet “Campus Virtual UTEG”.', 'https://campusvirtual.uteg.edu.ec', '_blank', '1', '2017-02-01 15:05:20', NULL, '1'),
-- (3, 'Videos', 'Cras justo odio, dapibus ac facilisis in, egestas eget quam. Donec id elit non mi porta gravida at eget metus. Nullam id dolor id nibh ultricies vehicula ut id elit.', '[[BASE_VIDEO]]', '', '1', '2017-02-01 15:05:20', NULL, '1'),
-- (4, 'Asgard System', 'Cras justo odio, dapibus ac facilisis in, egestas eget quam. Donec id elit non mi porta gravida at eget metus. Nullam id dolor id nibh ultricies vehicula ut id elit.', '[[FIRST_MODULE]]', '', '1', '2017-02-01 15:05:20', NULL, '1');

INSERT INTO `dash` (`dash_id`, `dash_title`, `dash_detail`, `dash_link`, `dash_target`, `dash_estado`, `dash_fecha_creacion`, `dash_fecha_modificacion`, `dash_estado_logico`) VALUES
(1, 'Académico', '', '', '', '1', '2017-02-01 15:05:20', NULL, '1'),
(2, 'Financiero', '', '', '', '0', '2017-02-01 15:05:20', NULL, '0'),
(3, 'Bienestar Estudiantil', '', '', '', '0', '2017-02-01 15:05:20', NULL, '0'),
(4, 'Vinculación', '', '', '', '0', '2017-02-01 15:05:20', NULL, '0'),
(5, 'Administrativo', '', '', '', '1', '2017-02-01 15:05:20', NULL, '0');

-- --------------------------------------------------------
--
-- Tabla `dash_item`
--
-- dite_detail, vacio es link a vista de asgard, 1 es link a otra pagina externa de asgard
-- 2 es un boton de descarga

INSERT INTO `dash_item` (`dite_id`, `dash_id`, `dite_title`, `dite_detail`, `dite_link`, `dite_target`, `dite_estado`, `dite_fecha_creacion`, `dite_fecha_modificacion`, `dite_estado_logico`) VALUES
(1, 1, 'Matriculación en Línea', '', '/academico/matriculacion/registropago', '', '1', '2017-02-01 15:05:20', NULL, '1'),
(2, 1, 'Carnet', '', '/perfil/update', '', '1', '2017-02-01 15:05:20', NULL, '1'),
(3, 1, 'Malla Académica', '', '/academico/mallasacademicas/mallacarrera', '', '1', '2017-02-01 15:05:20', NULL, '1'),
(4, 1, 'Horarios', '', '/academico/distributivoestudiante/horarioestudiante', '', '1', '2017-02-01 15:05:20', NULL, '1'),
(5, 1, 'Cronogramas', '', '/academico/cronograma/cronograma', '', '1', '2017-02-01 15:05:20', NULL, '1'),
(6, 1, 'Calificaciones', '', '', '', '0', '2017-02-01 15:05:20', NULL, '0'),
(7, 2, 'Pagos en Línea', '', '', '', '1', '2017-02-01 15:05:20', NULL, '1'),
(8, 2, 'Facturas', '', '', '', '1', '2017-02-01 15:05:20', NULL, '1'),
(9, 3, 'Nivel Socio Económico', '', '', '', '0', '2017-02-01 15:05:20', NULL, '0'),
(10, 3, 'Pensión Diferenciada', '', '', '', '0', '2017-02-01 15:05:20', NULL, '0'),
(11, 3, 'Becas', '', '', '', '0', '2017-02-01 15:05:20', NULL, '0'),
(12, 3, 'Ficha Médica', '', '', '', '0', '2017-02-01 15:05:20', NULL, '0'),
(13, 4, 'Proyectos', '', '', '', '1', '2017-02-01 15:05:20', NULL, '1'),
(14, 5, 'Especies Valoradas', '', '/academico/especies/solicitudalumno', '', '1', '2017-02-01 15:05:20', NULL, '1'),
(15, 1, 'Mesa Servicios', '1', 'https://uteg.edu.ec/mesaserviciouteg', '', '1', '2021-01-14 12:10:20', NULL, '1'),
(16, 1, 'Biblioteca', '1', 'https://bc.vitalsource.com/tenants/uteg/bookshelf', '', '1', '2021-01-14 12:10:20', NULL, '1'),
(17, 1, 'Campus Virtual', '1', 'https://campusvirtual.uteg.edu.ec', '', '1', '2021-01-14 12:10:20', NULL, '1'),
(18, 1, 'Instructivos', '2', '/uploads/instructivos/instructivos.pdf', '', '0', '2021-01-14 12:10:20', NULL, '0'),
(19, 1, 'Reglamentos', '', '/academico/cronograma/reglamento', '', '1', '2021-01-14 12:10:20', NULL, '1');


-- --------------------------------------------------------
--
-- Volcado de datos para la tabla `CONTINENTE`
--
INSERT INTO `continente` (`cont_id`, `cont_nombre`, `cont_descripcion`, `cont_usuario_ingreso`, `cont_usuario_modifica`, `cont_estado`, `cont_fecha_creacion`, `cont_fecha_modificacion`, `cont_estado_logico`) VALUES
(1, 'América', 'América', 1, NULL, '1', '2017-01-01 05:00:00', NULL, '1'),
(2, 'Europa', 'Europa', 1, NULL, '1', '2017-01-01 05:00:00', NULL, '1'),
(3, 'África', 'África', 1, NULL, '1', '2017-01-01 05:00:00', NULL, '1'),
(4, 'Asia', 'Asia', 1, NULL, '1', '2017-01-01 05:00:00', NULL, '1'),
(5, 'Oceanía', 'Oceanía', 1, NULL, '1', '2017-01-01 05:00:00', NULL, '1');


-- --------------------------------------------------------
--
-- Volcado de datos para la tabla `PAIS`
--
INSERT INTO `pais` (`pai_id`, `cont_id`, `pai_nombre`, `pai_capital`, `pai_iso2`, `pai_iso3`, `pai_codigo_fono`, `pai_descripcion`, `pai_nacionalidad`, `pai_usuario_ingreso`, `pai_usuario_modifica`, `pai_estado`, `pai_fecha_creacion`, `pai_fecha_modificacion`, `pai_estado_logico`) VALUES
(1, 1, 'Ecuador', 'Quito', NULL, NULL, '0', 'Ecuador', 'Ecuatoriano/a', NULL, NULL, '1', '2017-01-01 05:00:00', NULL, '1'),
(2, 1, 'Antigua y Barbuda', 'Saint John', NULL, NULL, '0', 'Antigua Y Barbuda', 'Antiguano', NULL, NULL, '1', '2017-01-01 05:00:00', NULL, '1'),
(3, 1, 'Argentina', 'Buenos Aires', NULL, NULL, '0', 'Agentina', 'Argentino/a', NULL, NULL, '1', '2017-01-01 05:00:00', NULL, '1'),
(4, 1, 'Bahamas', 'Nassau', NULL, NULL, '0', 'Bahamas', 'Bahameño/ña', NULL, NULL, '1', '2017-01-01 05:00:00', NULL, '1'),
(5, 1, 'Barbados', 'Bridgetown', NULL, NULL, '0', 'Barbados', 'Barbadense', NULL, NULL, '1', '2017-01-01 05:00:00', NULL, '1'),
(6, 1, 'Belice', 'Belmopán', NULL, NULL, '0', 'Belice', 'Beliceño/ña', NULL, NULL, '1', '2017-01-01 05:00:00', NULL, '1'),
(7, 1, 'Bolivia', 'La Paz', NULL, NULL, '0', 'Bolivia', 'Boliviano/a', NULL, NULL, '1', '2017-01-01 05:00:00', NULL, '1'),
(8, 1, 'Brasil', 'Brasilia', NULL, NULL, '0', 'Brasil', 'Brasileño/a', NULL, NULL, '1', '2017-01-01 05:00:00', NULL, '1'),
(9, 1, 'Canadá', 'Ottawa', NULL, NULL, '0', 'Canadá', 'Canadiense', NULL, NULL, '1', '2017-01-01 05:00:00', NULL, '1'),
(10, 1, 'Chile', 'Santiago de Chile', NULL, NULL, '0', 'Chile', 'Chileno/a', NULL, NULL, '1', '2017-01-01 05:00:00', NULL, '1'),
(11, 1, 'Colombia', 'Bogotá', NULL, NULL, '0', 'Colombia', 'Colombiano/a', NULL, NULL, '1', '2017-01-01 05:00:00', NULL, '1'),
(12, 1, 'Costa Rica', 'San José', NULL, NULL, '0', 'Costa Rica', 'Costarricense', NULL, NULL, '1', '2017-01-01 05:00:00', NULL, '1'),
(13, 1, 'Cuba', 'La Habana', NULL, NULL, '0', 'Cuba', 'Cubano/a', NULL, NULL, '1', '2017-01-01 05:00:00', NULL, '1'),
(14, 1, 'Dominica', 'Roseau', NULL, NULL, '0', 'Dominica', 'Dominiqués', NULL, NULL, '1', '2017-01-01 05:00:00', NULL, '1'),
(15, 1, 'República Dominicana', 'Santo Domingo', NULL, NULL, '0', 'República Dominicana', 'Dominicano/na', NULL, NULL, '1', '2017-01-01 05:00:00', NULL, '1'),
(16, 1, 'El Salvador', 'San Salvador', NULL, NULL, '0', 'El Salvador', 'Salvadoreño/ña', NULL, NULL, '1', '2017-01-01 05:00:00', NULL, '1'),
(17, 1, 'Estados Unidos', 'Washignton D. C.', NULL, NULL, '0', 'Estados Unidos', 'Estadounidense', NULL, NULL, '1', '2017-01-01 05:00:00', NULL, '1'),
(18, 1, 'Granada', 'Saint George', NULL, NULL, '0', 'Granada', 'Granadino/a', NULL, NULL, '1', '2017-01-01 05:00:00', NULL, '1'),
(19, 1, 'Guatemala', 'Ciudad de Guatemala', NULL, NULL, '0', 'Guatemala', 'Guatemalteco/a', NULL, NULL, '1', '2017-01-01 05:00:00', NULL, '1'),
(20, 1, 'Guyana', 'Georgetown', NULL, NULL, '0', 'Guyana', 'Guyanés/esa', NULL, NULL, '1', '2017-01-01 05:00:00', NULL, '1'),
(21, 1, 'Surinam', 'Paramaribo', NULL, NULL, '0', 'Surinam', 'Surinamés/esa', NULL, NULL, '1', '2017-01-01 05:00:00', NULL, '1'),
(22, 1, 'Guyana Francesa', 'Cayenne', NULL, NULL, '0', 'Guyana Francesa', 'Francoguayanés', NULL, NULL, '1', '2017-01-01 05:00:00', NULL, '1'),
(23, 1, 'Haití', 'Puerto Príncipe', NULL, NULL, '0', 'Haití', 'Haitiano/a', NULL, NULL, '1', '2017-01-01 05:00:00', NULL, '1'),
(24, 1, 'Honduras', 'Tegucigalpa', NULL, NULL, '0', 'Honduras', 'Hondureño/a', NULL, NULL, '1', '2017-01-01 05:00:00', NULL, '1'),
(25, 1, 'Jamaica', 'Kingston', NULL, NULL, '0', 'Jamaica', 'Jamaicano/na', NULL, NULL, '1', '2017-01-01 05:00:00', NULL, '1'),
(26, 1, 'México', 'México D. F.', NULL, NULL, '0', 'México', 'Mexicano/a', NULL, NULL, '1', '2017-01-01 05:00:00', NULL, '1'),
(27, 1, 'Nicaragua', 'Managua', NULL, NULL, '0', 'Nicaragua', 'Nicaraguense', NULL, NULL, '1', '2017-01-01 05:00:00', NULL, '1'),
(28, 1, 'Panamá', 'Ciudad de Panamá', NULL, NULL, '0', 'Panamá', 'Panameño/ña', NULL, NULL, '1', '2017-01-01 05:00:00', NULL, '1'),
(29, 1, 'Paraguay', 'Asunción', NULL, NULL, '0', 'Paraguay', 'Paraguayo/a', NULL, NULL, '1', '2017-01-01 05:00:00', NULL, '1'),
(30, 1, 'Perú', 'Lima', NULL, NULL, '0', 'Perú', 'Peruano/a', NULL, NULL, '1', '2017-01-01 05:00:00', NULL, '1'),
(31, 1, 'Puerto Rico', 'San Juan', NULL, NULL, '0', 'Puerto Rico', 'Puertorriqueño/ña', NULL, NULL, '1', '2017-01-01 05:00:00', NULL, '1'),
(32, 1, 'San Cristóbal y Nieves', 'Basseterre', NULL, NULL, '0', 'San Cristóbal y Nieves', 'Cristobaleño/ña', NULL, NULL, '1', '2017-01-01 05:00:00', NULL, '1'),
(33, 1, 'Santa Lucía', 'Castries', NULL, NULL, '0', 'Santa Lucía', 'Santalucense', NULL, NULL, '1', '2017-01-01 05:00:00', NULL, '1'),
(34, 1, 'San Vicente y Las Granadinas', 'Kingstown', NULL, NULL, '0', 'San Vicente y Las Granadinas', 'Sanvicentino/na', NULL, NULL, '1', '2017-01-01 05:00:00', NULL, '1'),
(35, 1, 'Surinam', 'Paramaribo', NULL, NULL, '0', 'Surinam', 'Surinamés/esa', NULL, NULL, '1', '2017-01-01 05:00:00', NULL, '1'),
(36, 1, 'Trinidad y Tobago', 'Puerto España', NULL, NULL, '0', 'Trinidad y Tobago', 'Trinitense', NULL, NULL, '1', '2017-01-01 05:00:00', NULL, '1'),
(37, 1, 'Uruguay', 'Montevideo', NULL, NULL, '0', 'Uruguay', 'Uruguayo/a', NULL, NULL, '1', '2017-01-01 05:00:00', NULL, '1'),
(38, 1, 'Venezuela', 'Caracas', NULL, NULL, '0', 'Venezuela', 'Venezolano/a', NULL, NULL, '1', '2017-01-01 05:00:00', NULL, '1'),
(39, 2, 'Albania', 'Tirana', NULL, NULL, '0', 'Albania', 'Albanés/sa', NULL, NULL, '1', '2017-01-01 05:00:00', NULL, '1'),
(40, 2, 'Alemania', 'Berlín', NULL, NULL, '0', 'Alemania', 'Alemán/na', NULL, NULL, '1', '2017-01-01 05:00:00', NULL, '1'),
(41, 2, 'Andorra', 'Andorra la Vella', NULL, NULL, '0', 'Andorra', 'Andorrano/na', NULL, NULL, '1', '2017-01-01 05:00:00', NULL, '1'),
(42, 2, 'Armenia', 'Erevan', NULL, NULL, '0', 'Armenia', 'Armenio/nia', NULL, NULL, '1', '2017-01-01 05:00:00', NULL, '1'),
(43, 2, 'Austria', 'Viena', NULL, NULL, '0', 'Austria', 'Austriaco/ca', NULL, NULL, '1', '2017-01-01 05:00:00', NULL, '1'),
(44, 2, 'Azerbaiyan', 'Bakú', NULL, NULL, '0', 'Azerbaiyan', 'Azerbaiyano/na', NULL, NULL, '1', '2017-01-01 05:00:00', NULL, '1'),
(45, 2, 'Bélgica', 'Bruselas', NULL, NULL, '0', 'Bélgica', 'Belga', NULL, NULL, '1', '2017-01-01 05:00:00', NULL, '1'),
(46, 2, 'Bielorrusia', 'Minsk', NULL, NULL, '0', 'Bielorrusia', 'Bielorruso/sa', NULL, NULL, '1', '2017-01-01 05:00:00', NULL, '1'),
(47, 2, 'Bosnia-Herzegovina', 'Sarajevo', NULL, NULL, '0', 'Bosnia-Herzegovina', 'Bosnio/nia', NULL, NULL, '1', '2017-01-01 05:00:00', NULL, '1'),
(48, 2, 'Bulgaria', 'Sofia', NULL, NULL, '0', 'Bulgaria', 'Búlgaro/ra', NULL, NULL, '1', '2017-01-01 05:00:00', NULL, '1'),
(49, 2, 'Chipre', 'Nicosia', NULL, NULL, '0', 'Chipre', 'Chipriota', NULL, NULL, '1', '2017-01-01 05:00:00', NULL, '1'),
(50, 2, 'Croacia', 'Zagreb', NULL, NULL, '0', 'Croacia', 'Croata', NULL, NULL, '1', '2017-01-01 05:00:00', NULL, '1'),
(51, 2, 'Dinamarca', 'Copenhague', NULL, NULL, '0', 'Dinamarca', 'Danés/sa', NULL, NULL, '1', '2017-01-01 05:00:00', NULL, '1'),
(52, 2, 'Eslovaquia', 'Bratislava', NULL, NULL, '0', 'Eslovaquia', 'Eslovaco/ca', NULL, NULL, '1', '2017-01-01 05:00:00', NULL, '1'),
(53, 2, 'Eslovenia', 'Liubliana', NULL, NULL, '0', 'Eslovenia', 'Esloveno/na', NULL, NULL, '1', '2017-01-01 05:00:00', NULL, '1'),
(54, 2, 'España', 'Madrid', NULL, NULL, '0', 'España', 'Español/la', NULL, NULL, '1', '2017-01-01 05:00:00', NULL, '1'),
(55, 2, 'Estonia', 'Tallin', NULL, NULL, '0', 'Estonia', 'Estonio/nia', NULL, NULL, '1', '2017-01-01 05:00:00', NULL, '1'),
(56, 2, 'Finlandia', 'Helsinki', NULL, NULL, '0', 'Finlandia', 'Finlandés/sa', 1, NULL, '1', '2018-09-06 20:51:40', NULL, '1'),
(57, 2, 'Francia', 'París', NULL, NULL, '0', 'Francia', 'Francés/sa', NULL, NULL, '1', '2017-01-01 05:00:00', NULL, '1'),
(58, 2, 'Georgia', 'Tiflis', NULL, NULL, '0', 'Georgia', 'Georgiano/na', NULL, NULL, '1', '2017-01-01 05:00:00', NULL, '1'),
(59, 2, 'Grecia', 'Atenas', NULL, NULL, '0', 'Grecia', 'Griego/ga', NULL, NULL, '1', '2017-01-01 05:00:00', NULL, '1'),
(60, 2, 'Hungría', 'Budapest', NULL, NULL, '0', 'Hungría', 'Húngaro/ra', NULL, NULL, '1', '2017-01-01 05:00:00', NULL, '1'),
(61, 2, 'Irlanda', 'Dublín', NULL, NULL, '0', 'Irlanda', 'Irlandés/sa', NULL, NULL, '1', '2017-01-01 05:00:00', NULL, '1'),
(62, 2, 'Islandia', 'Reykjavik', NULL, NULL, '0', 'Islandia', 'Islandés/sa', NULL, NULL, '1', '2017-01-01 05:00:00', NULL, '1'),
(63, 2, 'Italia', 'Roma', NULL, NULL, '0', 'Italia', 'Italiano/na', NULL, NULL, '1', '2017-01-01 05:00:00', NULL, '1'),
(64, 2, 'Letonia', 'Riga', NULL, NULL, '0', 'Letonia', 'Letón/na', NULL, NULL, '1', '2017-01-01 05:00:00', NULL, '1'),
(65, 2, 'Liechtenstein', 'Vaduz', NULL, NULL, '0', 'Liechtenstein', 'liechtensteiniano/na', NULL, NULL, '1', '2017-01-01 05:00:00', NULL, '1'),
(66, 2, 'Lituania', 'Vilna', NULL, NULL, '0', 'Lituania', 'Lituano/na', NULL, NULL, '1', '2017-01-01 05:00:00', NULL, '1'),
(67, 2, 'Luxemburgo', 'Luxemburgo', NULL, NULL, '0', 'Luxemburgo', 'Luxemburgués/sa', NULL, NULL, '1', '2017-01-01 05:00:00', NULL, '1'),
(68, 2, 'Macedonia', 'Skopje', NULL, NULL, '0', 'Macedonia', 'Macedonio/nia', NULL, NULL, '1', '2017-01-01 05:00:00', NULL, '1'),
(69, 2, 'Malta', 'La Valletta', NULL, NULL, '0', 'Malta', 'Maltés/sa', NULL, NULL, '1', '2017-01-01 05:00:00', NULL, '1'),
(70, 2, 'Moldavia', 'Chisinau', NULL, NULL, '0', 'Moldavia', 'Moldavo/va', NULL, NULL, '1', '2017-01-01 05:00:00', NULL, '1'),
(71, 2, 'Mónaco', 'Mónaco', NULL, NULL, '0', 'Mónaco', 'Monegasco/ca', NULL, NULL, '1', '2017-01-01 05:00:00', NULL, '1'),
(72, 2, 'Montenegro', 'Podgorica', NULL, NULL, '0', 'Montenegro', 'Montenegrino/na', NULL, NULL, '1', '2017-01-01 05:00:00', NULL, '1'),
(73, 2, 'Noruega', 'Oslo', NULL, NULL, '0', 'Noruega', 'Noruego/ga', NULL, NULL, '1', '2017-01-01 05:00:00', NULL, '1'),
(74, 2, 'Países Bajos ', 'Amsterdam', NULL, NULL, '0', 'Países Bajos ', 'Holandez/a', NULL, NULL, '1', '2017-01-01 05:00:00', NULL, '1'),
(75, 2, 'Polonia', 'Varsovia', NULL, NULL, '0', 'Polonia', 'Polaco/ca', NULL, NULL, '1', '2017-01-01 05:00:00', NULL, '1'),
(76, 2, 'Portugal', 'Lisboa', NULL, NULL, '0', 'Portugal', 'Portugués/sa', NULL, NULL, '1', '2017-01-01 05:00:00', NULL, '1'),
(77, 2, 'Reino Unido', 'Londres', NULL, NULL, '0', 'Reino Unido', 'Británico/ca', NULL, NULL, '1', '2017-01-01 05:00:00', NULL, '1'),
(78, 2, 'República Checa', 'Praga', NULL, NULL, '0', 'República Checa', 'Checo/ca', NULL, NULL, '1', '2017-01-01 05:00:00', NULL, '1'),
(79, 2, 'Rumanía', 'Bucarest', NULL, NULL, '0', 'Rumanía', 'Rumano/na', NULL, NULL, '1', '2017-01-01 05:00:00', NULL, '1'),
(80, 2, 'Rusia', 'Moscú', NULL, NULL, '0', 'Rusia', 'Ruso/sa', NULL, NULL, '1', '2017-01-01 05:00:00', NULL, '1'),
(81, 2, 'San Marino', 'San Marino', NULL, NULL, '0', 'San Marino', 'Sanmarinense', NULL, NULL, '1', '2017-01-01 05:00:00', NULL, '1'),
(82, 2, 'Ciudad del Vaticano', 'Vaticano', NULL, NULL, '0', 'Ciudad del Vaticano', 'Vaticano/na', NULL, NULL, '1', '2017-01-01 05:00:00', NULL, '1'),
(83, 2, 'Serbia', 'Belgrado', NULL, NULL, '0', 'Serbia', 'Serbio/a', NULL, NULL, '1', '2017-01-01 05:00:00', NULL, '1'),
(84, 2, 'Suecia', 'Estocolmo', NULL, NULL, '0', 'Suecia', 'Sueco/ca', NULL, NULL, '1', '2017-01-01 05:00:00', NULL, '1'),
(85, 2, 'Suiza', 'Berna', NULL, NULL, '0', 'Suiza', 'Suizo/za', NULL, NULL, '1', '2017-01-01 05:00:00', NULL, '1'),
(86, 2, 'Turquía', 'Ankara Dushanbe', NULL, NULL, '0', 'Turquía', 'Turco/ca', NULL, NULL, '1', '2017-01-01 05:00:00', NULL, '1'),
(87, 2, 'Ucrania', 'Kiev', NULL, NULL, '0', 'Ucrania', 'Ucraniano/na', NULL, NULL, '1', '2017-01-01 05:00:00', NULL, '1'),
(88, 2, 'Kazajistán', 'Astaná ', NULL, NULL, '0', 'Kazajistán', 'Kazajo/ja', NULL, NULL, '1', '2017-01-01 05:00:00', NULL, '1'),
(89, 3, 'Angola', 'Luanda', NULL, NULL, '0', 'Angola', 'Angoleño/ña', NULL, NULL, '1', '2017-01-01 05:00:00', NULL, '1'),
(90, 3, 'Argelia', 'Argel', NULL, NULL, '0', 'Argelia', 'Argelino/na', NULL, NULL, '1', '2017-01-01 05:00:00', NULL, '1'),
(91, 3, 'Benín', 'Porto-Novo', NULL, NULL, '0', 'Benín', 'Beninés/sa', NULL, NULL, '1', '2017-01-01 05:00:00', NULL, '1'),
(92, 3, 'Botsuana', 'Gaborone', NULL, NULL, '0', 'Botsuana', 'Botsuano/na', NULL, NULL, '1', '2017-01-01 05:00:00', NULL, '1'),
(93, 3, 'Burkina Faso', 'Uagadugú', NULL, NULL, '0', 'Burkina Faso', 'Burkinés', NULL, NULL, '1', '2017-01-01 05:00:00', NULL, '1'),
(94, 3, 'Burundi', 'Buyumbura', NULL, NULL, '0', 'Burundi', 'Burundés/sa', NULL, NULL, '1', '2017-01-01 05:00:00', NULL, '1'),
(95, 3, 'Cabo Verde', 'Praia', NULL, NULL, '0', 'Cabo Verde', 'Caboverdiano/na', NULL, NULL, '1', '2017-01-01 05:00:00', NULL, '1'),
(96, 3, 'Camerún', 'Yaundé', NULL, NULL, '0', 'Camerún', 'Camerunés/sa', NULL, NULL, '1', '2017-01-01 05:00:00', NULL, '1'),
(97, 3, 'Chad', 'Yamena', NULL, NULL, '0', 'Chad', 'Chadiano/na', NULL, NULL, '1', '2017-01-01 05:00:00', NULL, '1'),
(98, 3, 'Comoras', 'Moroni', NULL, NULL, '0', 'Comoras', 'Comorense', NULL, NULL, '1', '2017-01-01 05:00:00', NULL, '1'),
(99, 3, 'Congo', 'Brazzaville', NULL, NULL, '0', 'Congo', 'Congoleño/ña', NULL, NULL, '1', '2017-01-01 05:00:00', NULL, '1'),
(100, 3, 'Costa de Marfil', 'Yamusukro', NULL, NULL, '0', 'Costa de Marfil', 'Marfileño/ña', NULL, NULL, '1', '2017-01-01 05:00:00', NULL, '1'),
(101, 3, 'Egipto', 'El Cairo', NULL, NULL, '0', 'Egipto', 'Egipcio/cia', NULL, NULL, '1', '2017-01-01 05:00:00', NULL, '1'),
(102, 3, 'Eritrea', 'Asmara', NULL, NULL, '0', 'Eritrea', 'Eritreo/a', NULL, NULL, '1', '2017-01-01 05:00:00', NULL, '1'),
(103, 3, 'Etiopía', 'Adís Abeba', NULL, NULL, '0', 'Etiopía', 'Etíope', NULL, NULL, '1', '2017-01-01 05:00:00', NULL, '1'),
(104, 3, 'Gabón', 'Libreville', NULL, NULL, '0', 'Gabón', 'Gabonés/sa', NULL, NULL, '1', '2017-01-01 05:00:00', NULL, '1'),
(105, 3, 'Gambia', 'Banjul', NULL, NULL, '0', 'Gambia', 'Gambiano/na', NULL, NULL, '1', '2017-01-01 05:00:00', NULL, '1'),
(106, 3, 'Ghana', 'Accra', NULL, NULL, '0', 'Ghana', 'Ghanés/sa', NULL, NULL, '1', '2017-01-01 05:00:00', NULL, '1'),
(107, 3, 'Guinea', 'Conakri', NULL, NULL, '0', 'Guinea', 'Guineano/na', NULL, NULL, '1', '2017-01-01 05:00:00', NULL, '1'),
(108, 3, 'Guinea Ecuatorial', 'Malabo', NULL, NULL, '0', 'Guinea Ecuatorial', 'Guineano/na', NULL, NULL, '1', '2017-01-01 05:00:00', NULL, '1'),
(109, 3, 'Guinea-Bisáu', 'Bisáu', NULL, NULL, '0', 'Guinea-Bisáu', 'Ecuatoguineano/na', NULL, NULL, '1', '2017-01-01 05:00:00', NULL, '1'),
(110, 3, 'Kenia', 'Nairobi', NULL, NULL, '0', 'Kenia', 'Keniano/na – Keniata', NULL, NULL, '1', '2017-01-01 05:00:00', NULL, '1'),
(111, 3, 'Lesoto', 'Maseru', NULL, NULL, '0', 'Lesoto', 'Lesotense', NULL, NULL, '1', '2017-01-01 05:00:00', NULL, '1'),
(112, 3, 'Liberia', 'Monrovia', NULL, NULL, '0', 'Liberia', 'Liberiano/na', NULL, NULL, '1', '2017-01-01 05:00:00', NULL, '1'),
(113, 3, 'Libia', 'Trípoli', NULL, NULL, '0', 'Libia', 'Libio/a', NULL, NULL, '1', '2017-01-01 05:00:00', NULL, '1'),
(114, 3, 'Madagascar', 'Antananarivo', NULL, NULL, '0', 'Madagascar', 'Malgache', NULL, NULL, '1', '2017-01-01 05:00:00', NULL, '1'),
(115, 3, 'Malaui', 'Lilongüe', NULL, NULL, '0', 'Malaui', 'Malauí', NULL, NULL, '1', '2017-01-01 05:00:00', NULL, '1'),
(116, 3, 'Malí', 'Bamako', NULL, NULL, '0', 'Malí', 'Maliense', NULL, NULL, '1', '2017-01-01 05:00:00', NULL, '1'),
(117, 3, 'Marruecos', 'Rabat', NULL, NULL, '0', 'Marruecos', 'Marroquí', NULL, NULL, '1', '2017-01-01 05:00:00', NULL, '1'),
(118, 3, 'Mauricio', 'Port Louis', NULL, NULL, '0', 'Mauricio', 'Mauriciano/na', NULL, NULL, '1', '2017-01-01 05:00:00', NULL, '1'),
(119, 3, 'Mauritania', 'Nuakchot', NULL, NULL, '0', 'Mauritania', 'Mauritano/na', NULL, NULL, '1', '2017-01-01 05:00:00', NULL, '1'),
(120, 3, 'Mozambique', 'Maputo', NULL, NULL, '0', 'Mozambique', 'Mozambiqueño/ña', NULL, NULL, '1', '2017-01-01 05:00:00', NULL, '1'),
(121, 3, 'Namibia', 'Windhoek', NULL, NULL, '0', 'Namibia', 'Namibio/bia', NULL, NULL, '1', '2017-01-01 05:00:00', NULL, '1'),
(122, 3, 'Níger', 'Niamey', NULL, NULL, '0', 'Níger', 'Nigerino/na', NULL, NULL, '1', '2017-01-01 05:00:00', NULL, '1'),
(123, 3, 'Nigeria', 'Abuya', NULL, NULL, '0', 'Nigeria', 'Nigeriano /na', NULL, NULL, '1', '2017-01-01 05:00:00', NULL, '1'),
(124, 3, 'República Centroafricana', 'Bangui', NULL, NULL, '0', 'República Centroafricana', 'Centroafricano/na', NULL, NULL, '1', '2017-01-01 05:00:00', NULL, '1'),
(125, 3, 'República Democrática del Congo', 'Kinsasa', NULL, NULL, '0', 'República Democrática del Congo', 'Congoleño/ña', NULL, NULL, '1', '2017-01-01 05:00:00', NULL, '1'),
(126, 3, 'Ruanda', 'Kigali', NULL, NULL, '0', 'Ruanda', 'Ruandés/sa', NULL, NULL, '1', '2017-01-01 05:00:00', NULL, '1'),
(127, 3, 'Santo Tomé y Príncipe', 'Santo Tomé', NULL, NULL, '0', 'Santo Tomé y Príncipe', 'Santotomense', NULL, NULL, '1', '2017-01-01 05:00:00', NULL, '1'),
(128, 3, 'Senegal', 'Dakar', NULL, NULL, '0', 'Senegal', 'Senegalés/sa', NULL, NULL, '1', '2017-01-01 05:00:00', NULL, '1'),
(129, 3, 'Seychelles', 'Victoria', NULL, NULL, '0', 'Seychelles', 'Seychellense/sa', NULL, NULL, '1', '2017-01-01 05:00:00', NULL, '1'),
(130, 3, 'Sierra Leona', 'Freetown', NULL, NULL, '0', 'Sierra Leona', 'Sierraleonés/sa', NULL, NULL, '1', '2017-01-01 05:00:00', NULL, '1'),
(131, 3, 'Somalia', 'Mogadiscio', NULL, NULL, '0', 'Somalia', 'Somalí', NULL, NULL, '1', '2017-01-01 05:00:00', NULL, '1'),
(132, 3, 'Suazilandia', 'Mbabane', NULL, NULL, '0', 'Suazilandia', 'Suazi', NULL, NULL, '1', '2017-01-01 05:00:00', NULL, '1'),
(133, 3, 'Sudáfrica', 'Pretoria', NULL, NULL, '0', 'Sudáfrica', 'Sudafricano/na', NULL, NULL, '1', '2017-01-01 05:00:00', NULL, '1'),
(134, 3, 'Sudán', 'Jartum', NULL, NULL, '0', 'Sudán', 'Sudanés/sa', NULL, NULL, '1', '2017-01-01 05:00:00', NULL, '1'),
(135, 3, 'Sudán del Sur', 'Yuba', NULL, NULL, '0', 'Sudán del Sur', 'Sursudanés/sa', NULL, NULL, '1', '2017-01-01 05:00:00', NULL, '1'),
(136, 3, 'Tanzania', 'Dodoma', NULL, NULL, '0', 'Tanzania', 'Tanzano/na', NULL, NULL, '1', '2017-01-01 05:00:00', NULL, '1'),
(137, 3, 'Togo', 'Lomé', NULL, NULL, '0', 'Togo', 'Togolés/sa', NULL, NULL, '1', '2017-01-01 05:00:00', NULL, '1'),
(138, 3, 'Túnez', 'Túnez', NULL, NULL, '0', 'Túnez', 'Tunecino/na', NULL, NULL, '1', '2017-01-01 05:00:00', NULL, '1'),
(139, 3, 'Uganda', 'Kampala', NULL, NULL, '0', 'Uganda', 'Ugandés/sa', NULL, NULL, '1', '2017-01-01 05:00:00', NULL, '1'),
(140, 3, 'Yibuti', 'Yibuti', NULL, NULL, '0', 'Yibuti', 'Yibutiano/na', NULL, NULL, '1', '2017-01-01 05:00:00', NULL, '1'),
(141, 3, 'Zambia', 'Lusaka', NULL, NULL, '0', 'Zambia', 'Zambiano/na', NULL, NULL, '1', '2017-01-01 05:00:00', NULL, '1'),
(142, 3, 'Zimbabue', 'Harare', NULL, NULL, '0', 'Zimbabue', 'Zimbabuense', NULL, NULL, '1', '2017-01-01 05:00:00', NULL, '1'),
(143, 4, 'Afganistán', 'Kabul', NULL, NULL, '0', 'Afganistán', 'Afgano/na', NULL, NULL, '1', '2017-01-01 05:00:00', NULL, '1'),
(144, 4, 'Arabia Saudita', 'Riad', NULL, NULL, '0', 'Arabia Saudita', 'Saudí/íta', NULL, NULL, '1', '2017-01-01 05:00:00', NULL, '1'),
(145, 4, 'Armenia', 'Ereván', NULL, NULL, '0', 'Armenia', 'Armenio/nia', NULL, NULL, '1', '2017-01-01 05:00:00', NULL, '1'),
(146, 4, 'Azerbaiyán', 'Bakú', NULL, NULL, '0', 'Azerbaiyán', 'Azerbaiyano/na', NULL, NULL, '1', '2017-01-01 05:00:00', NULL, '1'),
(147, 4, 'Bangladés', 'Daca', NULL, NULL, '0', 'Bangladés', 'Bangladesí', NULL, NULL, '1', '2017-01-01 05:00:00', NULL, '1'),
(148, 4, 'Baréin', 'Manama', NULL, NULL, '0', 'Baréin', 'Bareiní', NULL, NULL, '1', '2017-01-01 05:00:00', NULL, '1'),
(149, 4, 'Birmania', 'Naipyidó', NULL, NULL, '0', 'Birmania', 'Birmano/na', NULL, NULL, '1', '2017-01-01 05:00:00', NULL, '1'),
(150, 4, 'Brunéi', 'Bandar Seri Begawan', NULL, NULL, '0', 'Brunéi', 'Bruneano/na', NULL, NULL, '1', '2017-01-01 05:00:00', NULL, '1'),
(151, 4, 'Bután', 'Thimphu', NULL, NULL, '0', 'Bután', 'Butanés/sa', NULL, NULL, '1', '2017-01-01 05:00:00', NULL, '1'),
(152, 4, 'Camboya', 'Nom Pen', NULL, NULL, '0', 'Camboya', 'Camboyano/na', NULL, NULL, '1', '2017-01-01 05:00:00', NULL, '1'),
(153, 4, 'Chipre', 'Lefkosa', NULL, NULL, '0', 'Chipre', 'Chipriota', NULL, NULL, '1', '2017-01-01 05:00:00', NULL, '1'),
(154, 4, 'China', 'Pekín', NULL, NULL, '0', 'China', 'Chino/na', NULL, NULL, '1', '2017-01-01 05:00:00', NULL, '1'),
(155, 4, 'Corea del Norte', 'Pionyang', NULL, NULL, '0', 'Corea del Norte', 'Norcoreano/na', NULL, NULL, '1', '2017-01-01 05:00:00', NULL, '1'),
(156, 4, 'Corea del Sur', 'Seúl', NULL, NULL, '0', 'Corea del Sur', 'Surcoreano/na', NULL, NULL, '1', '2017-01-01 05:00:00', NULL, '1'),
(157, 4, 'Federacion Rusa ', 'Moscu', NULL, NULL, '0', 'Federacion Rusa ', 'Ruso/sa', NULL, NULL, '1', '2017-01-01 05:00:00', NULL, '1'),
(158, 4, 'Emiratos Árabes Unidos', 'Abu Dabi', NULL, NULL, '0', 'Emiratos Árabes Unidos', 'Emiratí', NULL, NULL, '1', '2017-01-01 05:00:00', NULL, '1'),
(159, 4, 'Filipinas', 'Manila', NULL, NULL, '0', 'Filipinas', 'Filipino/na', NULL, NULL, '1', '2017-01-01 05:00:00', NULL, '1'),
(160, 4, 'Georgia', 'Tiflis', NULL, NULL, '0', 'Georgia', 'Georgiano/na', NULL, NULL, '1', '2017-01-01 05:00:00', NULL, '1'),
(161, 4, 'India', 'Nueva Delhi', NULL, NULL, '0', 'India', 'Indio/dia – Hindú', NULL, NULL, '1', '2017-01-01 05:00:00', NULL, '1'),
(162, 4, 'Indonesia', 'Yakarta', NULL, NULL, '0', 'Indonesia', 'Indonesio/sia', NULL, NULL, '1', '2017-01-01 05:00:00', NULL, '1'),
(163, 4, 'Irak', 'Bagdad', NULL, NULL, '0', 'Irak', 'Iraquí', NULL, NULL, '1', '2017-01-01 05:00:00', NULL, '1'),
(164, 4, 'Irán', 'Teherán', NULL, NULL, '0', 'Irán', 'Iraní', NULL, NULL, '1', '2017-01-01 05:00:00', NULL, '1'),
(165, 4, 'Israel', 'Jerusalén', NULL, NULL, '0', 'Israel', 'Israelí', NULL, NULL, '1', '2017-01-01 05:00:00', NULL, '1'),
(166, 4, 'Japón', 'Tokio', NULL, NULL, '0', 'Japón', 'Japonés/sa', NULL, NULL, '1', '2017-01-01 05:00:00', NULL, '1'),
(167, 4, 'Jordania', 'Amán', NULL, NULL, '0', 'Jordania', 'Jordano/na', NULL, NULL, '1', '2017-01-01 05:00:00', NULL, '1'),
(168, 4, 'Kazajistán', 'Astaná', NULL, NULL, '0', 'Kazajistán', 'Kazajo/ja', NULL, NULL, '1', '2017-01-01 05:00:00', NULL, '1'),
(169, 4, 'Kirguistán', 'Biskek', NULL, NULL, '0', 'Kirguistán', 'Kirguís', NULL, NULL, '1', '2017-01-01 05:00:00', NULL, '1'),
(170, 4, 'Kuwait', 'Kuwait City', NULL, NULL, '0', 'Kuwait', 'Kuwaití', NULL, NULL, '1', '2017-01-01 05:00:00', NULL, '1'),
(171, 4, 'Líbano', 'Beirut', NULL, NULL, '0', 'Líbano', 'Libanés/sa', NULL, NULL, '1', '2017-01-01 05:00:00', NULL, '1'),
(172, 4, 'Malasia', 'Kuala Lumpur', NULL, NULL, '0', 'Malasia', 'Malasio/sia', NULL, NULL, '1', '2017-01-01 05:00:00', NULL, '1'),
(173, 4, 'Maldivas', 'Malé', NULL, NULL, '0', 'Maldivas', 'Maldivo/va', NULL, NULL, '1', '2017-01-01 05:00:00', NULL, '1'),
(174, 4, 'Mongolia', 'Ulán Bator', NULL, NULL, '0', 'Mongolia', 'Mongol/la', NULL, NULL, '1', '2017-01-01 05:00:00', NULL, '1'),
(175, 4, 'Nepal', 'Katmandú', NULL, NULL, '0', 'Nepal', 'Nepalés/sa', NULL, NULL, '1', '2017-01-01 05:00:00', NULL, '1'),
(176, 4, 'Omán', 'Mascate', NULL, NULL, '0', 'Omán', 'Omaní', NULL, NULL, '1', '2017-01-01 05:00:00', NULL, '1'),
(177, 4, 'Pakistán', 'Islamabad', NULL, NULL, '0', 'Pakistán', 'Pakistaní', NULL, NULL, '1', '2017-01-01 05:00:00', NULL, '1'),
(178, 4, 'República Democrática Popular Laos ', 'Vientián', NULL, NULL, '0', 'República Democrática Popular Laos ', 'Laosiano/na', NULL, NULL, '1', '2017-01-01 05:00:00', NULL, '1'),
(179, 4, 'Qatar', 'Doha', NULL, NULL, '0', 'Qatar', 'Catarí', NULL, NULL, '1', '2017-01-01 05:00:00', NULL, '1'),
(180, 4, 'Palestina', 'Jerusalén Este', NULL, NULL, '0', 'Palestina', 'Palestino/na', NULL, NULL, '1', '2017-01-01 05:00:00', NULL, '1'),
(181, 4, 'Singapur', 'Singapur', NULL, NULL, '0', 'Singapur', 'Singapurense', NULL, NULL, '1', '2017-01-01 05:00:00', NULL, '1'),
(182, 4, 'Siria', 'Damasco', NULL, NULL, '0', 'Siria', 'Sirio/ria', NULL, NULL, '1', '2017-01-01 05:00:00', NULL, '1'),
(183, 4, 'Sri Lanka', 'Sri Jayawardenapura Kotte', NULL, NULL, '0', 'Sri Lanka', 'Esrilanqués/sa', NULL, NULL, '1', '2017-01-01 05:00:00', NULL, '1'),
(184, 4, 'Tailandia', 'Bangkok', NULL, NULL, '0', 'Tailandia', 'Tailandés/sa', NULL, NULL, '1', '2017-01-01 05:00:00', NULL, '1'),
(185, 4, 'Taiwán', 'Taipéi', NULL, NULL, '0', 'Taiwán', 'Taiwanés/sa', NULL, NULL, '1', '2017-01-01 05:00:00', NULL, '1'),
(186, 4, 'Tayikistán', 'Dusambé', NULL, NULL, '0', 'Tayikistán', 'Tayiko/ka', NULL, NULL, '1', '2017-01-01 05:00:00', NULL, '1'),
(187, 4, 'Turkmenistán', 'Asjabad', NULL, NULL, '0', 'Turkmenistán', 'Turkmeno/a', NULL, NULL, '1', '2017-01-01 05:00:00', NULL, '1'),
(188, 4, 'Turquía', 'Ankara', NULL, NULL, '0', 'Turquía', 'Turco/ca', NULL, NULL, '1', '2017-01-01 05:00:00', NULL, '1'),
(189, 4, 'Uzbekistán', 'Taskent', NULL, NULL, '0', 'Uzbekistán', 'Uzbeko/ka', NULL, NULL, '1', '2017-01-01 05:00:00', NULL, '1'),
(190, 4, 'Vietnam', 'Hanói', NULL, NULL, '0', 'Vietnam', 'Vietnamita', NULL, NULL, '1', '2017-01-01 05:00:00', NULL, '1'),
(191, 4, 'Yemen', 'Saná', NULL, NULL, '0', 'Yemen', 'Yemení', NULL, NULL, '1', '2017-01-01 05:00:00', NULL, '1'),
(192, 5, 'Australia', 'Camberra', NULL, NULL, '0', 'Australia', 'Australiano/na', NULL, NULL, '1', '2017-01-01 05:00:00', NULL, '1'),
(193, 5, 'Nueva Zelanda', 'Wellington', NULL, NULL, '0', 'Nueva Zelanda', 'Neozelandés/sa', NULL, NULL, '1', '2017-01-01 05:00:00', NULL, '1'),
(194, 5, 'Papúa Nueva Guinea', 'Port Moresby', NULL, NULL, '0', 'Papúa Nueva Guinea', 'Papú', NULL, NULL, '1', '2017-01-01 05:00:00', NULL, '1'),
(195, 5, 'Fiyi', 'Suva', NULL, NULL, '0', 'Fiyi', 'Fiyiano/na', NULL, NULL, '1', '2017-01-01 05:00:00', NULL, '1'),
(196, 5, 'Islas Marshall', 'Majuro', NULL, NULL, '0', 'Islas Marshall', 'Marshalés/sa', NULL, NULL, '1', '2017-01-01 05:00:00', NULL, '1'),
(197, 5, 'Islas Salomón', 'Honiara', NULL, NULL, '0', 'Islas Salomón', 'Salomonense', NULL, NULL, '1', '2017-01-01 05:00:00', NULL, '1'),
(198, 5, 'Kiribati', 'Tarawa Sur', NULL, NULL, '0', 'Kiribati', 'Kiribatiano/na', NULL, NULL, '1', '2017-01-01 05:00:00', NULL, '1'),
(199, 5, 'Tonga', 'Nukualofa', NULL, NULL, '0', 'Tonga', 'Tongano/na', NULL, NULL, '1', '2017-01-01 05:00:00', NULL, '1'),
(200, 5, 'Samoa', 'Apia', NULL, NULL, '0', 'Samoa', 'Samoano/na', NULL, NULL, '1', '2017-01-01 05:00:00', NULL, '1'),
(201, 5, 'Tuvalu', 'Funafuti', NULL, NULL, '0', 'Tuvalu', 'Tuvaluano/na', NULL, NULL, '1', '2017-01-01 05:00:00', NULL, '1'),
(202, 5, 'Vanuatu', 'Port Vila', NULL, NULL, '0', 'Vanuatu', 'Vanuatuense', NULL, NULL, '1', '2017-01-01 05:00:00', NULL, '1'),
(203, 5, 'Micronesia', 'Palikir', NULL, NULL, '0', 'Micronesia', 'Micronesio/sia', NULL, NULL, '1', '2017-01-01 05:00:00', NULL, '1'),
(204, 5, 'Nauru', 'Yaren', NULL, NULL, '0', 'Nauru', 'Nauruano/na', NULL, NULL, '1', '2017-01-01 05:00:00', NULL, '1'),
(205, 5, 'Palaos', 'Ngerulmud', NULL, NULL, '0', 'Palaos', 'Palauano/na', NULL, NULL, '1', '2017-01-01 05:00:00', NULL, '1');

