--
-- Base de datos: `db_asgard`
--
USE `db_asgard`;

--
-- Volcado de datos para la tabla `usuario`
--


INSERT INTO `usuario` (`usu_id`, `per_id`, `usu_user`, `usu_sha`, `usu_password`, `usu_time_pass`, `usu_session`, `usu_last_login`, `usu_link_activo`, `usu_estado`, `usu_fecha_creacion`, `usu_fecha_modificacion`, `usu_estado_logico`) VALUES
(1, 1, 'dlopez@uteg.edu.ec', 'jkYnLjpgwzse50H4VbKE7zsbvTnC2uIb', '+Y97uXDhL0F9CQaHKKLcbjdmOGUyYTZkZWQxYWYyOGI0ZjhiNzViNDNkM2JkODlkMDMxZGMwYzg1MWM5NjhkMWIxMDI1YzlhY2M3YjUxZTSaXXoLsPecZttR73ENLIgbcsBkgGJ0huoMwIynpIoZv1mEbcqHxwiqBU8ryDMUPNGYoA/M0XhPLYH7dtlD6otV', NULL, NULL, NULL, NULL, '1', '2017-09-01 09:14:00', NULL, '1'),
(2, 2, 'jefedesarrollo@uteg.edu.ec', '794ltR5DqemjtNFGKaOSTu4ocR3th1ye', 'dgWGPBvnyq0nahe0rOGIMzc2MjhiNDRkNzY3OWUxMmU2ZTUwZTBhZWNhYWU2MzVlM2JjOGNiODM2NWEzOGYzOWZlNmEzMzkwOTgxOTZkMTTb9veShSHbneOW24tqn/6BFUtC8T8aXrPFCF3A3nLR44ZYsk9FOogTO20ztQvdcgYpLmKmC/Ap4EqQ3yvKyamZ', NULL, NULL, NULL, NULL, '1', '2019-04-12 22:37:38', NULL, '1'),
(3, 3, 'analistadesarrollo01@uteg.edu.ec', 'Yx3qhhAGkpXookfk3KwmgRvF_6HYgNG1', 'OaBC5s2VpMbUckJzlXxpXGI3NjVjMjZjZjRiNmY0ZjhiZTIyOTBkNGU3ZGRlMjgzODMxYzQ0NzFmNzNhYzAyNWJhODZmNzUwNWM2NmVjYTdE1qNxG5rxvcvfpFS6wdLnGmp3DDSlJROm1XVkkSUrkvHsezAXaFxoA1+VlNsAPDk//NBkeqwWuPy8Os3OKuSO', NULL, NULL, NULL, NULL, '1', '2019-04-12 22:37:38', NULL, '1'),
(4, 4, 'analistadesarrollo02@uteg.edu.ec', 'aP0XxgvEdoBZ8sr19fnN34L_PxTqu3wd', 'HiafLl62OR9qInOO705nwDI3NTczY2Q5MDViYjM5NWFlYTFlZGZkZTdlNTA2MThhMTUzNjc1MjhlYTlkZGZjMDBhMjA2ZTZhMDFmMThkZTcbj9uW0LIhjc0Z1IwPfDMMAfqHOfxNRiKCxVPFWrGNLxzaIPDXaUGGCQH8cyM00AFArFj4MpKR7+fCPiSxXVuF', NULL, NULL, NULL, NULL, '1', '2017-09-01 06:53:00', NULL, '1'),
(5, 5, 'analistadesarrollo03@uteg.edu.ec', 'oEs6pt6Sb6AD8-qzgHmFgxnaXDN2Da-f', 'ZfxfAH1XLHqTtMT+VrKieDg2ZDc4NjkzNjYzMTM1YjNjM2Y0ODM4YzZlYmZhM2VlNzY1ZWNmYzMwY2NlOWRiODY1MjMxNGViMjNlYTVhOGTmsigCJ44CjcYiARBeeNt8qQGaLLku3JKuK2k3n+LL5crRFgPDFhRRJqUr3y94KSmNaZTHaEAgdW1MZKi7Rhii', NULL, NULL, NULL, NULL, '1', '2019-04-22 19:12:05', NULL, '1'),
(6, 6, 'coordinacionadmisiones@uteg.edu.ec', '1kdkWi0IdtjhCE2zwHKZ7aFBTnni2lUw', 'OHm9CPshygAzIY8ZNYXq/TRmZTFmNjM0NmRmZjNlOWZhMjcyZmY2NDVjMzI3ZGMxMmIzNjlhOWI4YjdmZjgyZGRkMGZlZWQwZTNmYTgxYjjp0KYSsU8LxRg0LCoFXTqq6z+EUa56WD8Li3MXsDn9YdICiPtD5Pzr868BeYJtOSHileM4u252ViY2GsnEQANV', NULL, NULL, NULL, NULL, '1', '2019-09-11 19:59:59', NULL, '1'),
(7, 7, 'info@ulink', '60sU04pqQwiP0I5NLm0pbLFhU8x_eUJw', 'PMLFqAeA3TjsRNVHHkSrEzMwZDI4OTVlNjU1YzBjMTgxNzQ2NWM3YTQ3NTk1MjcwZWMzZjYxYThlMGFlZjgyZGQ3YzA5MjM1ZWFjMTY3MWXB0IJRlKOw/a2OCww0lEq+NsDMShqFj8ufvXsVXRlIqUwkv6yvkFcw0Y9+adGlvMMfTI/GXubd9+VqnfYSfdjl', NULL, NULL, NULL, NULL, '0', '2019-03-01 19:59:13', NULL, '1'),
(8, 8, 'educacioncontinua@uteg.edu.ec', 'mKtIkfPXhpz2-7dGoi0F6gnzoOJylXzW', 'z0mMH1HA1hvuGX+cgRRghjQ4NGQ3NTE3ZWMxODQ5MTg2YjY0MWI4OTEwNjM3YWVmYWUzYTQ4ODFjZGE4ZTc2NzZlOGEyYmUwMmViOTM3ZmIKRiQJ8b+gPAfDxoxaSx4xeJO36ywxWvmIf2RgOJKstMngUKMRGpu8AN/ho1lNaBMj1uO6R23QK+6KY3Pmcp20', NULL, NULL, NULL, NULL, '1', '2018-11-09 22:14:42', NULL, '1'),
(9, 11, 'admisiones01@uteg.edu.ec', '1kdkWi0IdtjhCE2zwHKZ7aFBTnni2lUw', 'OHm9CPshygAzIY8ZNYXq/TRmZTFmNjM0NmRmZjNlOWZhMjcyZmY2NDVjMzI3ZGMxMmIzNjlhOWI4YjdmZjgyZGRkMGZlZWQwZTNmYTgxYjjp0KYSsU8LxRg0LCoFXTqq6z+EUa56WD8Li3MXsDn9YdICiPtD5Pzr868BeYJtOSHileM4u252ViY2GsnEQANV', NULL, NULL, NULL, NULL, '1', '2019-04-02 17:01:34', NULL, '1'),
(10, 9, 'admisiones02@uteg.edu.ec', '1kdkWi0IdtjhCE2zwHKZ7aFBTnni2lUw', 'OHm9CPshygAzIY8ZNYXq/TRmZTFmNjM0NmRmZjNlOWZhMjcyZmY2NDVjMzI3ZGMxMmIzNjlhOWI4YjdmZjgyZGRkMGZlZWQwZTNmYTgxYjjp0KYSsU8LxRg0LCoFXTqq6z+EUa56WD8Li3MXsDn9YdICiPtD5Pzr868BeYJtOSHileM4u252ViY2GsnEQANV', NULL, NULL, NULL, NULL, '1', '2019-04-02 17:01:34', NULL, '1'),
(11, 15, 'ventasposgrado04@uteg.edu.ec', '1kdkWi0IdtjhCE2zwHKZ7aFBTnni2lUw', 'OHm9CPshygAzIY8ZNYXq/TRmZTFmNjM0NmRmZjNlOWZhMjcyZmY2NDVjMzI3ZGMxMmIzNjlhOWI4YjdmZjgyZGRkMGZlZWQwZTNmYTgxYjjp0KYSsU8LxRg0LCoFXTqq6z+EUa56WD8Li3MXsDn9YdICiPtD5Pzr868BeYJtOSHileM4u252ViY2GsnEQANV', NULL, NULL, NULL, NULL, '1', '2019-04-02 18:34:06', NULL, '1'),
(12, 12, 'admisiones06@uteg.edu.ec', '1kdkWi0IdtjhCE2zwHKZ7aFBTnni2lUw', 'OHm9CPshygAzIY8ZNYXq/TRmZTFmNjM0NmRmZjNlOWZhMjcyZmY2NDVjMzI3ZGMxMmIzNjlhOWI4YjdmZjgyZGRkMGZlZWQwZTNmYTgxYjjp0KYSsU8LxRg0LCoFXTqq6z+EUa56WD8Li3MXsDn9YdICiPtD5Pzr868BeYJtOSHileM4u252ViY2GsnEQANV', NULL, NULL, NULL, NULL, '1', '2019-04-02 17:01:34', NULL, '1'),
(13, 10, 'ventasposgrado01@uteg.edu.ec', '1kdkWi0IdtjhCE2zwHKZ7aFBTnni2lUw', 'OHm9CPshygAzIY8ZNYXq/TRmZTFmNjM0NmRmZjNlOWZhMjcyZmY2NDVjMzI3ZGMxMmIzNjlhOWI4YjdmZjgyZGRkMGZlZWQwZTNmYTgxYjjp0KYSsU8LxRg0LCoFXTqq6z+EUa56WD8Li3MXsDn9YdICiPtD5Pzr868BeYJtOSHileM4u252ViY2GsnEQANV', NULL, NULL, NULL, NULL, '1', '2019-09-11 20:01:32', NULL, '1'),
(14, 14, 'ventasposgrado02@uteg.edu.ec', '1kdkWi0IdtjhCE2zwHKZ7aFBTnni2lUw', 'OHm9CPshygAzIY8ZNYXq/TRmZTFmNjM0NmRmZjNlOWZhMjcyZmY2NDVjMzI3ZGMxMmIzNjlhOWI4YjdmZjgyZGRkMGZlZWQwZTNmYTgxYjjp0KYSsU8LxRg0LCoFXTqq6z+EUa56WD8Li3MXsDn9YdICiPtD5Pzr868BeYJtOSHileM4u252ViY2GsnEQANV', NULL, NULL, NULL, NULL, '1', '2019-08-06 14:52:39', NULL, '1'),
(15, 13, 'ventasposgrado03@uteg.edu.ec', '1kdkWi0IdtjhCE2zwHKZ7aFBTnni2lUw', 'OHm9CPshygAzIY8ZNYXq/TRmZTFmNjM0NmRmZjNlOWZhMjcyZmY2NDVjMzI3ZGMxMmIzNjlhOWI4YjdmZjgyZGRkMGZlZWQwZTNmYTgxYjjp0KYSsU8LxRg0LCoFXTqq6z+EUa56WD8Li3MXsDn9YdICiPtD5Pzr868BeYJtOSHileM4u252ViY2GsnEQANV', NULL, NULL, NULL, NULL, '1', '2019-04-02 17:01:34', NULL, '1'),
(16, 16, 'lidercontactcenter@uteg.edu.ec', '60sU04pqQwiP0I5NLm0pbLFhU8x_eUJw', 'PMLFqAeA3TjsRNVHHkSrEzMwZDI4OTVlNjU1YzBjMTgxNzQ2NWM3YTQ3NTk1MjcwZWMzZjYxYThlMGFlZjgyZGQ3YzA5MjM1ZWFjMTY3MWXB0IJRlKOw/a2OCww0lEq+NsDMShqFj8ufvXsVXRlIqUwkv6yvkFcw0Y9+adGlvMMfTI/GXubd9+VqnfYSfdjl', NULL, NULL, NULL, NULL, '1', '2017-09-01 06:53:00', NULL, '1'),
(17, 17, 'contactcenter01@uteg.edu', '60sU04pqQwiP0I5NLm0pbLFhU8x_eUJw', 'PMLFqAeA3TjsRNVHHkSrEzMwZDI4OTVlNjU1YzBjMTgxNzQ2NWM3YTQ3NTk1MjcwZWMzZjYxYThlMGFlZjgyZGQ3YzA5MjM1ZWFjMTY3MWXB0IJRlKOw/a2OCww0lEq+NsDMShqFj8ufvXsVXRlIqUwkv6yvkFcw0Y9+adGlvMMfTI/GXubd9+VqnfYSfdjl', NULL, NULL, NULL, NULL, '0', '2019-03-01 19:55:42', NULL, '1'),
(18, 18, 'contactcenter02@uteg.edu', '60sU04pqQwiP0I5NLm0pbLFhU8x_eUJw', 'PMLFqAeA3TjsRNVHHkSrEzMwZDI4OTVlNjU1YzBjMTgxNzQ2NWM3YTQ3NTk1MjcwZWMzZjYxYThlMGFlZjgyZGQ3YzA5MjM1ZWFjMTY3MWXB0IJRlKOw/a2OCww0lEq+NsDMShqFj8ufvXsVXRlIqUwkv6yvkFcw0Y9+adGlvMMfTI/GXubd9+VqnfYSfdjl', NULL, NULL, NULL, NULL, '0', '2019-03-01 19:55:41', NULL, '1'),
(19, 19, 'contactcenter03@uteg.edu', '60sU04pqQwiP0I5NLm0pbLFhU8x_eUJw', 'PMLFqAeA3TjsRNVHHkSrEzMwZDI4OTVlNjU1YzBjMTgxNzQ2NWM3YTQ3NTk1MjcwZWMzZjYxYThlMGFlZjgyZGQ3YzA5MjM1ZWFjMTY3MWXB0IJRlKOw/a2OCww0lEq+NsDMShqFj8ufvXsVXRlIqUwkv6yvkFcw0Y9+adGlvMMfTI/GXubd9+VqnfYSfdjl', NULL, NULL, NULL, NULL, '0', '2019-03-01 19:55:42', NULL, '1'),
(20, 20, 'contactcenter04@uteg.edu', '60sU04pqQwiP0I5NLm0pbLFhU8x_eUJw', 'PMLFqAeA3TjsRNVHHkSrEzMwZDI4OTVlNjU1YzBjMTgxNzQ2NWM3YTQ3NTk1MjcwZWMzZjYxYThlMGFlZjgyZGQ3YzA5MjM1ZWFjMTY3MWXB0IJRlKOw/a2OCww0lEq+NsDMShqFj8ufvXsVXRlIqUwkv6yvkFcw0Y9+adGlvMMfTI/GXubd9+VqnfYSfdjl', NULL, NULL, NULL, NULL, '0', '2019-03-01 19:55:42', NULL, '1'),
(21, 21, 'supervisorcolecturia@uteg.edu.ec', '60sU04pqQwiP0I5NLm0pbLFhU8x_eUJw', 'PMLFqAeA3TjsRNVHHkSrEzMwZDI4OTVlNjU1YzBjMTgxNzQ2NWM3YTQ3NTk1MjcwZWMzZjYxYThlMGFlZjgyZGQ3YzA5MjM1ZWFjMTY3MWXB0IJRlKOw/a2OCww0lEq+NsDMShqFj8ufvXsVXRlIqUwkv6yvkFcw0Y9+adGlvMMfTI/GXubd9+VqnfYSfdjld', NULL, NULL, NULL, NULL, '1', '2019-08-29 16:15:00', NULL, '1'),
(22, 22, 'colecturia@uteg.edu.ec', '5ZSDLiC_OFlbibkEQ7ILDbUULNJjYpOX', 'EN/O1jrjQgSHZE6w+bd/nzI0MzJiYzFmZmMzNWMyNzRlMzIyZjdlZjdiMWJhYjJkNzkwMDYzNTAwZmFkMzljY2JiZGFmNWQ5MDI5MWI3Nzc1IMolYpiaYr9M2WC5m5c0JWGU5kQqWtB2gqoQ7gaGsJqiyn7F6x3hpOz5AUU0QrLmerh67ejvhUAAow9Pjefb', NULL, NULL, NULL, NULL, '1', '2017-09-01 06:53:00', NULL, '1'),
(23, 23, 'aalcivar@uteg.edu.ec', 'DI8IHwXsfNeFrNwdwI_cSwb_Gu7MmFf4', 'uGiTkVrUkRBXTiO2ktA4WTcwMTI1OWI0MTM4YzYwYjBlNDAyODVmMDA2NmZhZjc0MWNmMmZjNGI2OTdjNzEwYWE2M2RjYmI3ZWYxYzQ1MTSui71RbleQi0pTbykQBgrrfDnwAgJkDbij0mICOqkZK1UGn9stLQKZt4TYXU/lQKW9PVWZ9DfiW5KOPHR67Zov', NULL, NULL, NULL, NULL, '0', '2019-03-19 18:42:20', NULL, '1'),
(24, 24, 'xmosquera@uteg.edu.ec', '60sU04pqQwiP0I5NLm0pbLFhU8x_eUJw', 'PMLFqAeA3TjsRNVHHkSrEzMwZDI4OTVlNjU1YzBjMTgxNzQ2NWM3YTQ3NTk1MjcwZWMzZjYxYThlMGFlZjgyZGQ3YzA5MjM1ZWFjMTY3MWXB0IJRlKOw/a2OCww0lEq+NsDMShqFj8ufvXsVXRlIqUwkv6yvkFcw0Y9+adGlvMMfTI/GXubd9+VqnfYSfdjl', NULL, NULL, NULL, NULL, '1', '2017-09-01 06:53:00', NULL, '1'),
(25, 25, 'decanasemipresencial@uteg.edu.ec', '60sU04pqQwiP0I5NLm0pbLFhU8x_eUJw', 'PMLFqAeA3TjsRNVHHkSrEzMwZDI4OTVlNjU1YzBjMTgxNzQ2NWM3YTQ3NTk1MjcwZWMzZjYxYThlMGFlZjgyZGQ3YzA5MjM1ZWFjMTY3MWXB0IJRlKOw/a2OCww0lEq+NsDMShqFj8ufvXsVXRlIqUwkv6yvkFcw0Y9+adGlvMMfTI/GXubd9+VqnfYSfdjl', NULL, NULL, NULL, NULL, '0', '2019-03-19 18:43:13', NULL, '1'),
(26, 26, 'decanoposgrado@uteg.edu.ec', 'eZrhOGdNS4v-iOjIVc4iD7VoTcgzdfdh', 'agCcfjNmTxFaaFI1x5iwfzcyNjhiMTk0YWZiNzllZDlkNzE2YzNiYmYyNmQ1ZmFmNTFhNjZlMjhmMGNkNTcwYzc3YjBmYTNkMDQ5YzhjYjF00Ns8uGVPxmyc29f4Q5yl3neHLah/uxTMo9WuiookJ1i419eqKCHsC+LC7eERw+QEYG77MrePpHp4PVnAEbX7', NULL, NULL, NULL, NULL, '1', '2019-04-12 22:12:20', NULL, '1'),
(27, 27, 'secretariaonline@uteg.edu.ec', 'Zso9HhfUjWAo4oTOqx3dx6bJkab3yOhp', 'VXu9Ab+jhCp7EQLtSjtnPTcwZGM5MjVmODc5MmFlN2I3ZmQ3Nzk3NGNjOWMyZGVjN2NjYWM5OWM3OGZjMzIxNmFlYmVlY2QxMGVjNWNhOWIL04zbRKowoUHAejOfzVcXsbXouO37UTxuNnOeKuWgT+W3IvNSYiGC/l1ej3FB7z/DUzjQXD6p9VR7viiYqYX+', NULL, NULL, NULL, NULL, '1', '2017-09-01 06:53:00', NULL, '1'),
(28, 28, 'ahernandez@uteg.edu.ec', 'rdU7iXMtMxYg9rbY0PzYchl4aembO1he', 'bHkWqGyz97zbXAd5ISx+vGFhY2JlNmM3ZTQ3ZTdkZWNmNjVhNWM1Y2FjNzg1MzBlNWM3NjJiMWU1ZjQ3YTFkZDgwMWMxYzQ1OTRkZGM1MzRVcr6R1D6SPogM+cdnSInfd08RdMkpFt6br7/HscjjlKSfZ+jztzbzvHKLjHg4Q5/ENLzf13OHXvR7kAQYucze', NULL, NULL, NULL, NULL, '1', '2019-04-15 18:37:03', NULL, '1'),
(29, 29, 'administradorplataforma@uteg.edu.ec', '60sU04pqQwiP0I5NLm0pbLFhU8x_eUJw', 'PMLFqAeA3TjsRNVHHkSrEzMwZDI4OTVlNjU1YzBjMTgxNzQ2NWM3YTQ3NTk1MjcwZWMzZjYxYThlMGFlZjgyZGQ3YzA5MjM1ZWFjMTY3MWXB0IJRlKOw/a2OCww0lEq+NsDMShqFj8ufvXsVXRlIqUwkv6yvkFcw0Y9+adGlvMMfTI/GXubd9+VqnfYSfdjl', NULL, NULL, NULL, NULL, '1', '2017-09-01 06:53:00', NULL, '1'),
(30, 30, 'decanato_online@uteg.edu.ec', 'w1IEIDTlokj9zFxQcYxFRC4G6JR-xcdK', 'hZKlf3LMqteU98rRHTBJ5zI2OTEwNTM0MDIyNTIzY2FhMDIwNjgyZTU0NWFlMTdiZjBjZjQxZDM5YjYxNDA4OWJlZjUyN2VlNGYzOThlYjeALicLvZ9hQee1bImP7JFlJHCJ+rvvGIJMrEQGRSBm2e3VYYvdxupDn7wTQ5ZckM2h7jVOowM/YS1gbyW1hTw8', NULL, NULL, NULL, NULL, '1', '2019-04-13 18:37:28', NULL, '1'),
(31, 31, 'cvelez@uteg.edu.ec', '60sU04pqQwiP0I5NLm0pbLFhU8x_eUJw', 'PMLFqAeA3TjsRNVHHkSrEzMwZDI4OTVlNjU1YzBjMTgxNzQ2NWM3YTQ3NTk1MjcwZWMzZjYxYThlMGFlZjgyZGQ3YzA5MjM1ZWFjMTY3MWXB0IJRlKOw/a2OCww0lEq+NsDMShqFj8ufvXsVXRlIqUwkv6yvkFcw0Y9+adGlvMMfTI/GXubd9+VqnfYSfdjl', NULL, NULL, NULL, NULL, '1', '2017-09-01 06:53:00', NULL, '1'),
(32, 32, 'cbarros@uteg.edu.ec', '60sU04pqQwiP0I5NLm0pbLFhU8x_eUJw', 'PMLFqAeA3TjsRNVHHkSrEzMwZDI4OTVlNjU1YzBjMTgxNzQ2NWM3YTQ3NTk1MjcwZWMzZjYxYThlMGFlZjgyZGQ3YzA5MjM1ZWFjMTY3MWXB0IJRlKOw/a2OCww0lEq+NsDMShqFj8ufvXsVXRlIqUwkv6yvkFcw0Y9+adGlvMMfTI/GXubd9+VqnfYSfdjl', NULL, NULL, NULL, NULL, '1', '2017-09-01 06:53:00', NULL, '1'),
(33, 33, 'kmunoz@uteg.edu.ec', 'CAicEoZdi_BcSnAr-IYSlTgmDs_YugrA', '6+udn2zYLrtd9lYZqT6urGE0MTFkNDVmNzNjNzZjYjgyZWU4NDU3NzZjNzRhNDc0ZWNkNTY4YWNiMDgwMzkwMjExNGJlYTgwNmJhMDk0ZDUXfWBBMOErH9L08lmp5SZl47bKOq8F5u6FBTD5AvfR/4FNx3tbM019qogYdX3XxuR0xnF/QM7bsuJ7S21XuzS6', NULL, NULL, NULL, NULL, '1', '2019-04-12 22:37:38', NULL, '1'),
(34, 34, 'gmoran@uteg.edu.ec', '3ej633pWtXvxC_HM-l7SWUiAqKohIRt4', 'y+LeXEtbVuIglcJjOgPAvWQ5NjcyMGJiNGZiY2FlNjk1MDQ0M2NhZjEyZDIzNDBjOTJhODQ2MzI5NjhkZDFhYzY1NWNkNGY0OWMxMGQ5OGSDjgNOiPtIwXLbeR0cGNI0/YVsEzYuM//beSNnxs+bpdwxhTRVPP4cJu05VcZ0tT5ru//5zplJdRTn9nrxTeZu', NULL, NULL, NULL, NULL, '1', '2019-04-12 22:37:38', NULL, '1'),
(35, 35, 'jhoyos@uteg.edu.ec', '60sU04pqQwiP0I5NLm0pbLFhU8x_eUJw', 'PMLFqAeA3TjsRNVHHkSrEzMwZDI4OTVlNjU1YzBjMTgxNzQ2NWM3YTQ3NTk1MjcwZWMzZjYxYThlMGFlZjgyZGQ3YzA5MjM1ZWFjMTY3MWXB0IJRlKOw/a2OCww0lEq+NsDMShqFj8ufvXsVXRlIqUwkv6yvkFcw0Y9+adGlvMMfTI/GXubd9+VqnfYSfdjl', NULL, NULL, NULL, NULL, '1', '2017-09-01 06:53:00', NULL, '1'),
(36, 36, 'mviteri@uteg.edu.ec', 'ImLUAmB3dBCmLw8UA40a_nC54ghpGBnr', 'uEI7bI6w2D3vHTY9cAs/ojAyZThhMzQ1MWJhOTVmMDQyZDNhMDkyMmVjODBmMzBiZTg1Mjg3NjQ4ZTkzYWYzYTNlZTllMjU3MzM2YTg5OTkf6NGOoG3nxeH/k/ldRaG+PIxcFiOqReXqB70dSD9CO7E76+uw59DNSqCUfXUienQgiopJe0jFtZXRoAZqlliY', NULL, NULL, NULL, NULL, '1', '2019-04-12 22:37:38', NULL, '1'),
(37, 37, 'sgarcia@uteg.edu.ec', '06ZHdgWpgeiw1xA74ObobirFZqkIGa89', 'Kka17wMtpPklLnWMUfiCkWZlN2E1MzA0OTQxOTEwZDNjMWFjNTcyZWJlNDcxZmU2ZDhiNDAxYjg0NjY3Y2IxN2RkMDIwM2NmNTBjYmMyZjVwox9VNen2SMz/sol+jVItNSg0yAKaNrJOdx4fI8+gHSZ5mOsVaRanM8nQBHo+a3DVw6SAMP8SAV76FeBJe4We', NULL, NULL, NULL, NULL, '1', '2019-04-12 22:37:38', NULL, '1'),
(38, 38, 'aleyton@uteg.edu.ec', '60sU04pqQwiP0I5NLm0pbLFhU8x_eUJw', 'PMLFqAeA3TjsRNVHHkSrEzMwZDI4OTVlNjU1YzBjMTgxNzQ2NWM3YTQ3NTk1MjcwZWMzZjYxYThlMGFlZjgyZGQ3YzA5MjM1ZWFjMTY3MWXB0IJRlKOw/a2OCww0lEq+NsDMShqFj8ufvXsVXRlIqUwkv6yvkFcw0Y9+adGlvMMfTI/GXubd9+VqnfYSfdjl', NULL, NULL, NULL, NULL, '1', '2017-09-01 06:53:00', NULL, '1'),
(39, 39, 'malvarado@cranea.com.ec', '60sU04pqQwiP0I5NLm0pbLFhU8x_eUJw', 'PMLFqAeA3TjsRNVHHkSrEzMwZDI4OTVlNjU1YzBjMTgxNzQ2NWM3YTQ3NTk1MjcwZWMzZjYxYThlMGFlZjgyZGQ3YzA5MjM1ZWFjMTY3MWXB0IJRlKOw/a2OCww0lEq+NsDMShqFj8ufvXsVXRlIqUwkv6yvkFcw0Y9+adGlvMMfTI/GXubd9+VqnfYSfdjl', NULL, NULL, NULL, NULL, '1', '2017-09-01 06:53:00', NULL, '1'),
(40, 40, 'community@cranea.com.ec', '60sU04pqQwiP0I5NLm0pbLFhU8x_eUJw', 'PMLFqAeA3TjsRNVHHkSrEzMwZDI4OTVlNjU1YzBjMTgxNzQ2NWM3YTQ3NTk1MjcwZWMzZjYxYThlMGFlZjgyZGQ3YzA5MjM1ZWFjMTY3MWXB0IJRlKOw/a2OCww0lEq+NsDMShqFj8ufvXsVXRlIqUwkv6yvkFcw0Y9+adGlvMMfTI/GXubd9+VqnfYSfdjl', NULL, NULL, NULL, NULL, '1', '2017-09-01 06:53:00', NULL, '1'),
(41, 41, 'coordinadministrativaposgrados@uteg.edu.ec', '60sU04pqQwiP0I5NLm0pbLFhU8x_eUJw', 'PMLFqAeA3TjsRNVHHkSrEzMwZDI4OTVlNjU1YzBjMTgxNzQ2NWM3YTQ3NTk1MjcwZWMzZjYxYThlMGFlZjgyZGQ3YzA5MjM1ZWFjMTY3MWXB0IJRlKOw/a2OCww0lEq+NsDMShqFj8ufvXsVXRlIqUwkv6yvkFcw0Y9+adGlvMMfTI/GXubd9+VqnfYSfdjl', NULL, NULL, NULL, NULL, '1', '2019-02-28 16:38:13', NULL, '1'),
(42, 42, 'msubia@cranea.com.ec', '60sU04pqQwiP0I5NLm0pbLFhU8x_eUJw', 'PMLFqAeA3TjsRNVHHkSrEzMwZDI4OTVlNjU1YzBjMTgxNzQ2NWM3YTQ3NTk1MjcwZWMzZjYxYThlMGFlZjgyZGQ3YzA5MjM1ZWFjMTY3MWXB0IJRlKOw/a2OCww0lEq+NsDMShqFj8ufvXsVXRlIqUwkv6yvkFcw0Y9+adGlvMMfTI/GXubd9+VqnfYSfdjl', NULL, NULL, NULL, NULL, '1', '2018-11-14 23:00:00', NULL, '1'),
(43, 43, 'asistentecontable@uteg.edu.ec', '60sU04pqQwiP0I5NLm0pbLFhU8x_eUJw', 'PMLFqAeA3TjsRNVHHkSrEzMwZDI4OTVlNjU1YzBjMTgxNzQ2NWM3YTQ3NTk1MjcwZWMzZjYxYThlMGFlZjgyZGQ3YzA5MjM1ZWFjMTY3MWXB0IJRlKOw/a2OCww0lEq+NsDMShqFj8ufvXsVXRlIqUwkv6yvkFcw0Y9+adGlvMMfTI/GXubd9+VqnfYSfdjl', NULL, NULL, NULL, NULL, '1', '2018-11-22 18:45:00', NULL, '1'),
(44, 44, 'caja01@uteg.edu.ec', '60sU04pqQwiP0I5NLm0pbLFhU8x_eUJw', 'PMLFqAeA3TjsRNVHHkSrEzMwZDI4OTVlNjU1YzBjMTgxNzQ2NWM3YTQ3NTk1MjcwZWMzZjYxYThlMGFlZjgyZGQ3YzA5MjM1ZWFjMTY3MWXB0IJRlKOw/a2OCww0lEq+NsDMShqFj8ufvXsVXRlIqUwkv6yvkFcw0Y9+adGlvMMfTI/GXubd9+VqnfYSfdjl', NULL, NULL, NULL, NULL, '1', '2018-12-20 15:30:00', NULL, '1'),
(45, 45, 'caja02@uteg.edu.ec', '60sU04pqQwiP0I5NLm0pbLFhU8x_eUJw', 'PMLFqAeA3TjsRNVHHkSrEzMwZDI4OTVlNjU1YzBjMTgxNzQ2NWM3YTQ3NTk1MjcwZWMzZjYxYThlMGFlZjgyZGQ3YzA5MjM1ZWFjMTY3MWXB0IJRlKOw/a2OCww0lEq+NsDMShqFj8ufvXsVXRlIqUwkv6yvkFcw0Y9+adGlvMMfTI/GXubd9+VqnfYSfdjl', NULL, NULL, NULL, NULL, '1', '2018-12-20 15:30:00', NULL, '1'),
(46, 46, 'webmastermkt@uteg.edu.ec', '60sU04pqQwiP0I5NLm0pbLFhU8x_eUJw', 'PMLFqAeA3TjsRNVHHkSrEzMwZDI4OTVlNjU1YzBjMTgxNzQ2NWM3YTQ3NTk1MjcwZWMzZjYxYThlMGFlZjgyZGQ3YzA5MjM1ZWFjMTY3MWXB0IJRlKOw/a2OCww0lEq+NsDMShqFj8ufvXsVXRlIqUwkv6yvkFcw0Y9+adGlvMMfTI/GXubd9+VqnfYSfdjl', NULL, NULL, NULL, NULL, '1', '2019-02-09 16:30:00', NULL, '1'),
(47, 47, 'fcedeno@uteg.edu.ec', 'UoOST_05XQD9fm2kZ1HC7h1CLdkbzlGp', 'eISGRrRjgo2W84rlit5asTE4ZjcxM2ZiNTQ5ZDJmOTQxZjlhZDc5MTY0NWRkMzM5YjZkMWFiOWRjY2Y5MWVlNmZjNWVmNmQ2NDEwNDFiZWXzbEVTolPOW0ofysVa7/J7NjlYdu4UN99LnBaJAHhKcBG78RVmtwCK+w14VoR6cbZX2g+RY1SqoUe0/zOowSJJ', NULL, NULL, NULL, NULL, '1', '2019-04-13 15:41:00', NULL, '1'),
(48, 48, 'jbohorquez@uteg.edu.ec', 'ne33P9z2buik87oh_D57PuBX186WExve', '1+HSb+3QsAz+AU8x57PM0mQxNDc1NTUwOGE4MTg0MzJkODhlYWVkYWMyNTEzNDY4MzAzM2Q4M2Y3MTcwOTA0ZjU0YWNlNTZhMjI0YjUyNTDaoT3kMCH5x5TgmezsDnr1MHhDI/w3LBFlaMnBLJarr3GahUE87h6X81Zy5e42wAoeMPCV7scKKR16dBbwy8rY', NULL, NULL, NULL, NULL, '1', '2019-04-12 03:06:58', NULL, '1'),
(49, 49, 'glamota@uteg.edu.ec', 'GUJBJCYuWwk2ulxOh9pb9uWwXLcgo2PE', 'JRh4pLGxmOiwGZQn+BUBsDkxNDcwN2Q1ZjU3NWJhNTJiYTc3Yzk0OTVhMTFjZWUxMzEyZGI1YWZkMGE0YmY5MDMyNTE1MDhkMGZlZmY4NmQrtawj4yum3CRCO/rs5El1tibWsOgLVFNMO3nGkBFupA0D93BcaaXl9jIZdAG1j8869CNmm+4FVVUYfbqf7Y2K', NULL, NULL, NULL, NULL, '1', '2019-02-26 04:07:16', NULL, '1'),
(50, 50, 'esalinas@uteg.edu.ec', 'YovPo1syC7WCFbPXgPGdidwMgSBmaK3O', '4NAac64lJizRybixFJ8r3TMwYWViZTVmOTc0ZDJkZTc0NjZiYTllNjY2Yjc5NWQyMjZiOWVhZWYxMjc2YmZiNGU1ZjkzYmFiNTA3ZDg3ZDW90/nlITR/NORjCAb41XVlH8iAT8jjn+TL6YcCcl/25aanaTTT9Es/AKFiCd8Zr3XTHgnlIMoT6Fx3kP9cG9Qp', NULL, NULL, NULL, NULL, '1', '2019-02-26 04:07:33', NULL, '1'),
(51, 51, 'directortalento@uteg.edu.ec', 'OuqZELx7gG3mI_oOO7OPRG6712eu3_dk', 'l6pCBdHEONFut9tQX8X16WJjZTdlY2JmZjI3ZjI3NDY3N2QyODBiZTkxOGU4YjQ5YTMzNTJkZTcyOGUwNThlMDc0NjY1MDNhY2RmODJmNmb5xHrz7SHRY9zagl0iSs32uKwn067j9vNVDy/UkAd0AXMWJYZkv4VPShR0Ge/LJGgK55bzfmMX/4siEIrXdb+H', NULL, NULL, NULL, NULL, '1', '2019-02-26 04:07:33', NULL, '1'),
(52, 52, 'msanandres@uteg.edu.ec', 'udmbTIeKk3qsLOMa_E4MQdv5BqodeUuP', 'E1zr8jr93czOIQ0KelGFyjk4YzBiOWYwYjZhY2Y0NWFhMDUyYTdlNjNjZWYyOTI1ZDQ0ZWJlNTFjNjc4YTBhYWM0ZDU5MDNmYTBjOTgwOWYTSLnDRXYTAFlDHlBHD/EEBTQz7rkCEP2bZvK3SX1Sm81nN0VVfpQNiGBHso8HDQvpMRxdFmg49b/vzyeVxd2z', NULL, NULL, NULL, NULL, '1', '2019-02-26 04:07:34', NULL, '1'),
(53, 53, 'fsojos@uteg.edu.ec', 'bcSctDXglx04JSL3JyqjQF0JI8Ass2Vx', '911QACp0/WhXdvx0NXa3ZGZlZGYzYTU3MDFhZTg0MzBkMTA1ZWEwYjgyMzNlMTg5Y2NhNzAzZWQyMTI5NjU2NTJlNjc5ODBhNzFjNmQwNzgWKvkSBb3Nf9kVKeube6W3rOthOUBMfyMO1u4hLFzgESFi4YezhLwRy2lW7SW3m99zxNiGEGRHOfNRgwpodtsR', NULL, NULL, NULL, NULL, '1', '2019-02-26 04:07:37', NULL, '1'),
(54, 54, 'gaguirre@uteg.edu.ec', 'b3g_yjGX0prPkUzv12_TGLVcB6cFedDj', 'UztXVa6BQljhKay6XvuGVjgwMDE4YWZiZjQ4OWExOTFmMzA0ZmY5M2JiMzg5N2QyNGQ0ZmQ4YThiMjE1MjczYTVjOWNkODAxYzYyYjQwOTK9s4J9p0mpX7zB4+VenxTUE+mlFHKtli7Whfly84Ao5Xhqfngez8HmfqZKsIx4O3wJNZ2fnJIG9kA/iAVqdJgx', NULL, NULL, NULL, NULL, '1', '2019-02-26 04:06:56', NULL, '1'),
(55, 55, 'xavier_avalos@yahoo.com.mx', 'TCRzdlwuIGM6fTM76l3T1QmjChEJKGGm', 'ZM8MC7wsceHFIai84dY51TkzZDY1M2FiZGQ4MWM2OWM5OGNlZWFmOTRmZjEwNWNlMjNmNTU3MmRlZGUxNTMwZGJkYzQ4NmQzY2NmMmZjZGLb73rkf8a5K2ftGHww3qvPSyuvYPYVqJnwfoLDdgys2hrrhbA+vKd3Vi9PymaquClUKzF/41u96+MO6kA1g95G', NULL, NULL, NULL, NULL, '1', '2019-02-26 04:06:57', NULL, '1'),
(56, 56, 'obravo@uteg.edu.ec', 'AgwyV4DyiS4d1Ccuhvuwy1O2fV0AOvtl', 'iF1vuqTDv+XtYNwbaWZsKDIzYzJlNzAyMjJiMzBlMDUzZDVmYzI1MWFjMWM3YzBlZGEwMDMwNGQxODgyNDBiMDY1NmE1ZGFlNDIwZmRiMWJ3fD5QJLx/+tD3O0XWr0zu8mQBRd+J46b4aFZFXJ4xTp5tgcj/d57XSIeJ34VrsAsX8DsTn+TIhtz8N68IOXOO', NULL, NULL, NULL, NULL, '1', '2019-02-26 04:06:59', NULL, '1'),
(57, 57, 'ing.bolivar.castro@gmail.com', 'MX5cYexiPN7iBabEyiogP0D9rmZK7OPb', 'TiIj+BsYbqceCE3VvKqwz2RjZWQwNjlmZjgyYzgyNDAzOWYwMGQ1Njg5NmFlMDQyMWY1ZWZmYjU5MTZjYWU2YWYzNzkxOGUxZGIyNzdhODiK9q2wHkymLdq6jrs/CaZoqtEwPe3sS1wl0x+uNv8gBOWD7AC8ql83oysg3YdxgaTSE0mcmP9I9xB57Apiqyy2', NULL, NULL, NULL, NULL, '1', '2019-02-26 04:07:01', NULL, '1'),
(58, 58, 'carlos.corral@uteg.edu.ec', 'sh36sQWaro9yguU36aUQ6D3T8ZNfJfPC', 'j8X1F8xWrUnGQ5n+j8xGyzEyYjg5MjNlNWY1YWY0ZmNhODFkNWUxZmE5N2FlYjFhMDc2M2E3NTUxNjUwMzVkNjc0NzlmZTgwODJhMDY4NWGm64gUX+miQrh68V+WYyPqhDvGIQV6xfANY87jk3BfSv3LtDSaRFRdZEDjygajr8qEIAJO+3gymcDkpfqjLTHX', NULL, NULL, NULL, NULL, '1', '2019-02-26 04:07:04', NULL, '1'),
(59, 59, 'edu19432@gmail.com', 'WU93bHhLQglBvIkH_unxozVE7ZPlXt0K', 'p0etsbPCsp5IR37QAn7612QwODYyZjI0MGRjN2RmNDM2ODRkMmM5N2IxNDY5N2JmZDMyMjZhMGU3OWRhODk2MzljMmQ5Yjk0ZTc1NTkzMTCNKihRyezi7ve7t9almCR7bBguU+e0hFtEZPnt5WtAqnwL1XCtnMgYNpwM/oMzXbwfqy+vjoCsl3BQhskJoQtl', NULL, NULL, NULL, NULL, '1', '2019-02-26 04:07:05', NULL, '1'),
(60, 60, 'vhfernan@espol.edu.ec', '2GGsaEat_EyLIrziMJP55ShUihd-nBfG', 'h0fsSvf0XaKSsMuzNXKYGTRiYmFlNjdlZmVlZjI5MGU3NmFmMmJlNTQ4ZWFmOTYxMWU3NjljZTFhNzJiODNjZTZjMTA4MDc1MzUzM2NlYTM3Nx8U2Qfcqnp3Bd3wZbpxDOPDAkMoHd9Ak11jRdc9YU1U/bQD50MbxvithOM8Sb91/PeWVpQttPVOAxyhp3U2', NULL, NULL, NULL, NULL, '1', '2019-02-26 04:07:07', NULL, '1'),
(61, 61, 'aagarcia@espol.edu.ec', 'HbIoq3QXFtonJuc2rRHp2LGwOCyMOw52', 'r+5EeLS4LeqNRcLUIUE3y2RkMGZjYWEyMTg2ODJmMWQ0ZDNiMDJhNTkyY2M0OTZkYjFkYTUxYzRjZDdmM2VmMWU3MTc1ZTg2NWUyOTcxNTAfK6uYqUmbgLCT9KsxM4QS8cnf4QiO+lu3P0qpUL9Vco+9C88zzGzh0EWiMniG0OdzSHVf2Dk7GIViDip7m36i', NULL, NULL, NULL, NULL, '1', '2019-02-26 04:07:11', NULL, '1'),
(62, 62, 'mcgranda@hotmail.com', '4cAQFAlb6dIeWNO44-oOeLnUKo1SVGTD', 'qUJyx7BF4RYuNBCmCvUOaGE3MmNkODZlNzY3ZDA0ZGExNDMwYjc5ZjRiNzI0OTBlMzZlMzJiYTkyOGRjNWU5MmY3NmVlZDBlMThkOWJkYjbgiqyB9NJUXSFjpVzotFCttGIfBiaIgECwQ2b3zM3ZyqWQjNXF3WiNxz7hf2nPODwJKgFFaReVwFToB0JTTC00', NULL, NULL, NULL, NULL, '1', '2019-08-19 20:39:41', NULL, '1'),
(63, 63, 'directorejecutivo@uteg.edu.ec', 'iSuFybzq4ll7MlLS-pi1PUKzlbyfCvf-', '1B3C6hnTyKUZ6F0vBL416WIyOWQ1YjU3YWZjNTU1ZWY3ODgwZDc5MzE0YzczYTMwOTAzODMwNzZhZTZiYzk0Yzc4NDllZTVhNjNjMTgzYTL4pBwk0ao+93SE4Qn9G7Qi0EGeH9LkwtW0HrI8iw1IISe9HM09J20ELLPp4mVU5Mkmeml2C6FlgsMWcA6sKCYF', NULL, NULL, NULL, NULL, '1', '2019-02-26 04:07:15', NULL, '1'),
(64, 64, 'enrique.moncayo@gmail.com', 'xBSIrjjdRzRoMN-mST8in8wwiEnPrq-9', 'oyHkG9xrb7UT2K0yVrR/aDVjNDRjNDVjNmVhNWY2ZDgzNzU5NjQ2ZjNhM2NlZmM3OTlhZDkwMjJmZTE5OTYzNjM3Nzc4OTVjZjk4ZGVkNTXWV0Jrgj1+EeNlfNHBLT/QJ6YuJPPhXqES/JsKE1Jwz29W2/S9LophqvnbiJWpak7wBCdyk5wPq6mihJBF7RV3', NULL, NULL, NULL, NULL, '1', '2019-02-26 04:07:20', NULL, '1'),
(65, 65, 'aselegsa@gmail.com', 'BbwL-h6a4zDBI6BBXzBZMD2BwBgzqEZI', '0pf1wTDIKdyUZbxYynAjrmY2ZGM1MzM4NTRiMDYzN2JjNjQ2OTMwNzQ1ODNiOGY5OWU2NjllOTM3MzExOWE1NWYxNjNmNjQyMDU1YTg2ZDNL1JGL4/abX0ANAOW3lJQDNL1NI77Y4onTCJmItspbX7R6TjMyZNFynT27iUOnvWWSbPCHqdirO5yUsF42Z1Kp', NULL, NULL, NULL, NULL, '1', '2019-02-26 04:07:21', NULL, '1'),
(66, 66, 'ymoreiras@outlook.com', 'TBGE_m7BU-9GDGknBZlsknqWtNNM5OOR', 'Fv/UEqzuPDswhV9/708unTY2MzdhNGQxOGQ2NzU3NWMxZDBhY2JmMGM5YjQwZjBiMDhjNTU0OGViNGExNThjMjA2ZmYyODllZmViYWY4Y2Z2gU88hOFeT24WDEA8ichBljhj452TvQl65qehjNTL+dL0jYlEkz/+u66LgmBB2xWyPurS9k17pk5BhLmlKqT9', NULL, NULL, NULL, NULL, '1', '2019-02-26 04:07:22', NULL, '1'),
(67, 67, 'directorlenguaje@uteg.edu.ec', 'hKz8fUsneGYitWBgHtTIg5Ke-RHddp-t', 'vjJTb3yMb5aEC7ANYtN+Z2IwZDJjODkyNzdhN2FjYzdiNWE4NzAxZjBjMzFmMmNiMDBhYWYwNjQ1NzNjYjZmMDNjYzAxZTc0NzIzZThmMGJx9IlRo5Idke12A5M/BQytwMdK1C4OWnlF86+pC/uxSBYeTcf9GkQGNY0LxLXQkj4ryVRgTT32nBTanX/Ho+Jx', NULL, NULL, NULL, NULL, '1', '2019-02-26 04:07:23', NULL, '1'),
(68, 68, 'gonzanarvaez@gmail.com', 'raVBCmtFRE8FPZdx9ZxDGq8eJdHB4YT3', '8hGTJ3PeQbjvb/hzqzImvTQwMjgzMTEyMWJhOGU2MTFkNTA2ZDYyYThlOWEwZDYzOTdhODhlODRjNzdiNDFhNWM4ZWYwMzVlZDE0ZTY4ZGaAjjjmP1eK61TK5+6aY7Vve0W7fh8/7qg62Ql52eNeF8Z/O42LvFplfVv+LKe7y5T2c0a+Hh1UfnMEgp4a5d9x', NULL, NULL, NULL, NULL, '1', '2019-02-26 04:07:24', NULL, '1'),
(69, 69, 'mercedes.padilla@gmail.com', 'd942GYIXeKcsyUuYr0xEhzM7Zne6CVKB', 'UViCTHyuJSNoRS3SEXvYnzk0NDdiOGM3OGY3YWM1NjA3ZWNkOGFmNzhlNjhkZGZjODdkYWEyZWU0NDlmYzJjNWNjNjJjMmY0OGMxMWNmYjEtFEOB2nkyt0vC8gs9VuvzQWNMUIfMeY8Kzmr6OVr5GhJ2DRVqOcyNn35ZJHrvOc9wDQnOvmfwJtSp+HSaHvwS', NULL, NULL, NULL, NULL, '1', '2019-02-26 04:07:26', NULL, '1'),
(70, 70, 'mishquipacha@yahoo.com', 'IPNDK_jqyFnG5uHGB0nrpnyfAV6vtUkT', 'ml88b59g96ooFwMxCDblHmM0OTEyYjBmMWQ0NGRiNjkyYzI5YjY3ZDY1MjlmMjdiZTllZTZmOWU3Zjg1MzBjMTFiMmY0NTNkMzVhMGM1ZmagwDcOAnuTs2VZVqULpeyvkcM9QR7LlXjYDjfLYyAuQZPqbQ/ffv6PcqxT1OcNhoV/poq4XnvwRFtwHt5nSbk9', NULL, NULL, NULL, NULL, '1', '2019-02-26 04:07:37', NULL, '1'),
(71, 71, 'opgsr@hotmail.com', 'aS8pl6Y-jvXF4DYKTJ4o7tWmTfmROgIE', 'c8gbvv//tgEJfCGIThYSjDQzYzI5MjkzYTNiNzExZTVhNjYyMzA2MWIxMTYzN2QxNGZkZDg1MWIxOGE2YmM1NjMxMzc4YzZjY2I1N2VhYmW8eZChaWICjLrT9MYrsgVHRbWf6BuyufblRO3Z/CWlObo0sYEI+ogYTLoCgKzgDDakW4J0VKtN0SQJVmCkjPDr', NULL, NULL, NULL, NULL, '1', '2019-02-26 04:07:38', NULL, '1'),
(72, 72, 'gaston_uefsa@hotmail.com', 'CjVGrXMIn4UOBM4hx4iUfejZcvimRF87', 'y+pf+bX1K4louUJ0cSsEUTdkZmYyMjk1ZDY4NTlmMzYxNjI4YmM2NjY1NDVjYWRjMTQ3MjRhNGQ4MTUxYWNhNmE5YTIyZDU3MzVhZDg3NWSIzagNF67ZezxPpDNKvvXIarHFQvdddUxnu6UjYLufcJNW5Wk48vsoJsOKyvUrfWAVvxM+vUCxIB3Lbtm+R1l1', NULL, NULL, NULL, NULL, '1', '2019-02-26 04:07:40', NULL, '1'),
(73, 73, 'luisvalverdeq@hotmail.com', 'iF8wMQ3PTaeib0A4VJ2mNI3P9mTeqMYn', 'nrgd4DCJvRkYSV+Heu2aETNiZDRhOGMxNmM1NmJiMzkyMjQyMzFmMmQ3NTJkZjM0ZTI5MDBhYzQ2MmZiMmFiMjhiMDdjOWMwMWM3NjNjYmHrJLfg0X+891fSh7s5nvcilstr4JEspUzoGV/4gjNXhxT0soGfy1cOagonIkKGfQvUZ6weJznRpvDzj1M2EBja', NULL, NULL, NULL, NULL, '1', '2019-02-26 04:07:41', NULL, '1'),
(74, 74, 'ogvargas@hotmail.com', 'AqBSe7_R0_NXb2txyEQJgYiyNL0lyDao', 'XeFy3xK/juTizPEkDQwuejIwZjZjMzE3ODY1OWVmZWU4NzgyMTI0YzY4ODdmMGVjYmIwYTFkMTNhMDhlNmYxMTBjZjJkZDA2NGQ1ODhlYjWwMRwj2ZndE+B+Gfri6jz4uZualZGnTXGDqP38jWHDBiJO3AROWuxVkjTn3KSpHsxj4cEFmYai+5GlImMkN9WY', NULL, NULL, NULL, NULL, '1', '2019-02-26 04:07:42', NULL, '1'),
(75, 75, 'jovelizt@gmail.com', 'C29yZK29FxcacN0ka72VJ7jHxcGZXwhu', 'Y9VuSRfuezs6dQEg0JwsUzNmZjdmNTY4MjAxODBjY2EwNGE2OTBjOThmODBmNDVhM2MyYTQwMDg0NmU2OGY1YTc1YTI2ZTQ4NWY2YzYyMzEE+JBxlIzkyiuNOv/rKalyaeFbDuIA24scql75SykITe2FclG03ytqXyYUBw0CGH8VYdILZfIys3HxBvjHoyy/', NULL, NULL, NULL, NULL, '1', '2019-02-26 04:07:42', NULL, '1'),
(76, 76, 'vvillacr@espol.edu.ec', 'TX7SRg7hwLbfRrI8lSkAaG8-tnPXAg7s', '4JucBj5D+j52XvbkH5bSyWE3ZGY0ZjIxYTdhZWIyZTJiNTRiM2MxMDEyNzNjNmI1NzJkMTg0NTAwNmI4NDAwZmVjNjI0MmNhOWVjMDg5MDR3VGiQYskaIS6IcJblwM0OWBFpAZv3AkdO8yC2IfR2dBsRGbJohrRCCQhi5oLYhDlWXiOi7WyN/hR2/0SOC9gR', NULL, NULL, NULL, NULL, '1', '2019-02-26 04:07:44', NULL, '1'),
(77, 77, 'contador@uteg.edu.ec', 'U7SaMICqoeTAzO2F-E2-Y-KHvjzMTbgu', 'T/e98IFa3JaA6CXV1j7o0mE3N2JhMmUyNmFkMGJlNTI4Y2FjZWZkZTI1YzI0NDVlZjM0NzBjZDBkZDlmNTJjNTBkYWMwNzA0ZTFlOWIwMTGBxJzmeJrioc7+WtQDwnP9QEOD4MNy4rqckbck0LE/08RS1xRMS46CbYOQyPtbvcg+9/32o9tY0K76gupkw7F7', NULL, NULL, NULL, NULL, '1', '2019-02-26 04:07:47', NULL, '1'),
(78, 78, 'eduardo.zea.74@gmail.com', 'VHWml2hcagvyq5_7fvKF6Ry6gPqedV_2', 'wfuExCSSzjZpX2SrkzJMKzA2Y2UwZTE0Zjk5Y2I1NmI2Y2JiNjc1N2JjYzJhZTM0YzlkYTg3MzYyZDUwMDNkNTQwNzNlN2M4MWJjOWFkNzJKl+LIvUxSWLiRbJqB+YHQUrJ1APuuSRK0h3u9uXdj19vuIfp4of3HSt1k3impjD41iW0VlqkpDm1edwrEe+hY', NULL, NULL, NULL, NULL, '1', '2019-02-26 04:07:47', NULL, '1'),
(79, 79, 'juridicojorgsosa@hotmail.com', 'cz8mgIl1YhamfMfaH0o412pUGTRnb3iP', '7nPIJyuciEcWmxR/s+Jeo2M5MDgzYTdmOTk0Y2Y2YWYwM2ZjZmM1YmFkZjM3YzdjYjk5ZjM5YzU4NTY1YmMzZmViOWMxMGRjYzQyY2QzMWYib4zoO3WnmPifdeyOUij6FlVhOFmyNl5u8uWcVJxznLKdOV8TmQVvyImcrwZnXMhmgMfOczlTblUADy3TpxBH', NULL, NULL, NULL, NULL, '1', '2019-02-26 04:07:47', NULL, '1'),
(80, 80, 'ingjosediaz@hotmail.es', 'wW-jh6REU8BpHOY316S23WUawnc3lGd7', '3EgH2/BuzgovQ47FdOy5WmNjZTRkZDI5MzkyNWFjNTYwMjdmMzAyNGI1NGMzMzkyNTljZTM3Njg2ZTY1MWE3NmY4YjhkNzI2NDQxOTUwNzfowYzXjpHFSKWY26vdZ14RAVhi63Me587TYt+o+ZZfyYnT46VjUDJ9UqlmykG1BdIb91lvrk2FFbLMEhB6440J', NULL, NULL, NULL, NULL, '1', '2019-02-26 04:07:47', NULL, '1'),
(81, 81, 'guilleocho@hotmail.com', '2TuzhZCoax0GU6YXmJ4DqPJYkHKioCc_', 'c6RAwDBVOKau3Gd/PHO8UGQ1ZmIyODJhZjNkYzgzNzhiYjc4NmU3MjNkMzFhYTUxMzVlN2QyZDQ4MWJiODQxN2VkMzM3N2Q4OGMxMzhkYjNMSEPdFDaMTdpR5ROEDs1bsEZWg6MPXOy0G3iFZh5HSn5+Gcd1bYK7tTtmpuzAMhQ5idMQvSpgK6nrye9davZY', NULL, NULL, NULL, NULL, '1', '2019-02-26 04:07:47', NULL, '1'),
(82, 82, 'elisalaragar@gmail.com', 'Ndkm62bgZGCAWGO4XCFduHYF95A9uLSK', '+raCxUlCKWscTLS7ihI4oTQ5ZjBmZTFjYjAwOGQ1ZjJiYmY4MTgxNzc0MzEyODExMDA5NDMzNDIyOTFmMWFiZjk2YzQ4ZTBjODMxMzE1YTTiYI8/PMzEhroANmj6MHZdjSU3FWr9YNBURxdMlGvjgihYQsGq8t/9TFLmnCfqpTIHp36zCNFaC37d8mLPNy6d', NULL, NULL, NULL, NULL, '1', '2019-02-26 04:07:47', NULL, '1'),
(83, 83, 'katcasan@gmail.com', 'gbzawfhfAqXwrMa-kMrWecKovgydM-MG', 'xvJ0klodkeFtSkJ0XGVQ8zEzM2VjYTU5ODJiZGYwZGMyZmQzYThmZDQ0NDAwMmI0YTRlNTRhNDk1YzBhYmVhZjBhYmJkN2JiMGQwNTBjNWEvnzl7Z3+9iIoxuyUj+vOPJ7GlrgkH/lthyMf9JzlsFD3mCLUQa3ci3vnamiAqlUJ8bKPr5H9WqfY8cKxjzJNI', NULL, NULL, NULL, NULL, '1', '2019-02-26 04:07:47', NULL, '1'),
(84, 84, 'hectorgoku666@hotmail.com', 'kDl2MzPhXcIJRiK0sJHVwhERRsrskH5E', 'bPyzSShK4HEwpYO9AFDjoWU0ZjdkZWNhNzhjNWJjMmQ1MTViNjdlYTg3YzMxZDk2MzM2ZWY3NWQ2NjExMjc2MmZhMWNjMDdjOGZhNTM5ZDnp1L2mMxR/7fViMwsUmzQu1/zmm0IA2WMBTwlq45HrNn399wuZRNJrV1tIDJGcf50dZQTyCtYR7GtouDQpucvf', NULL, NULL, NULL, NULL, '0', '2019-05-02 19:08:46', NULL, '1'),
(85, 85, 'cesar.pillajo@gmail.com', 'QKLZ8q6wYzVrES0CzNRzo_EZNp-h0L4y', 'YrxT4FyECSQ5hOJTktHjX2YwN2VhMjA3MTAyZDM2M2I1ZjVkNGYzY2NhYjkyZGJmZTg2OTdlODE3YzY1MzMzNTRhNDNmMzc1YTRmMmYxOTX9HgllauYIvNC00x/6hlZRWw9EeHHNGZzrUOfjTIWtnfBXYP/rbc5CjpSKQV73I5dsNetgIXqBtqGsXiBPyleJ', NULL, NULL, NULL, NULL, '1', '2019-08-16 01:28:37', NULL, '1'),
(86, 86, 'mfreire76@hotmail.com', '-UCPTjjoZWjjPjyUUpVHmNQkfteo8yKh', 'xsCyctpBL8ZORkAI7wtZ8WE1ZmMxMTgyNDQ5NTFjNmUyOThhODllZWIwNDUzZDVhYzk3NjY1NThiMDVlNmRjMzk0YmQ3ZDNlOTVjNWMxNGIbuOh7NKbbjL4XPqJEUAj4w38H92QlabkgoWec/6mb+9mTG2wIY1dKl9kLY7mGYgtzCnAGFZE9nFACr95h9pm6', NULL, NULL, NULL, NULL, '1', '2019-02-26 04:07:47', NULL, '1'),
(87, 87, 'insotecsa@live.com', 'XlBeiIew4OlUJq-tsm4b7g7k0ZFnLp9v', 'lAJkE0rrROquCyDZZwOMrzFlZWI5YWRmOGM3YWI1Mzk2MzE4MTEyNjFkNTdkMjNhOGQ3ZjJkMGIxNzI2MmEzM2VjMTcxMDRjNTZiYjdhYTBHqMUd99JQDen9yD1XFe34yXMDSib5M/hIRrdgIW+4AxMUOguMLRkgANHJLP37x2eh/6hOJS9WGIjPjTcygYe6', NULL, NULL, NULL, NULL, '1', '2019-04-29 17:38:56', NULL, '1'),
(88, 88, 'sandra.vargas.lopez3@gmail.com', '6EnUQtAR0rh8TzmQkgySe00Geyu2zQsY', 'mmIEZPAG4Fv3X1HKQv6xLDAxNjA3ZTYyM2JmYTlkNjI3YTVmMTI4ODE5MTZjYTU4OTNhM2U1YTJkMWZiZjBlYzAwZDE1YjcxOGU3YWU3YjLSQZo5Tros20sE6XdvkmtBvs64eT2PhhNU3Ph2tLxHIffYEDJ3yXVGP5DqG+eRZkqGS9fjBF9S/Fpj0wv1JRQ3', NULL, NULL, NULL, NULL, '1', '2019-02-26 04:07:42', NULL, '1'),
(89, 89, 'dannyguns144@hotmail.com', 'VhJbmVMsdRsR-RgATz6j6ktldMqmlcPP', 'krbiLOANrMpNMSAVR0iv0jNiZjdiMGU0MjY3ZDEwMzM2OGI3ZjZhYmI0NWMyNmJmN2RhYWQ1ZTRmYjQ2ODc0YTM0YjdkOWUzNmJhZTczYjcBG3bx8rPdXvgFZioElcwujvlbYx9ZilUJzaixYTv4hjqhoNaU2aP1dIm9KUN2WoQ6WCfdbnmALcpRTcLy+Uty', NULL, NULL, NULL, NULL, '1', '2019-02-26 04:06:56', NULL, '1'),
(90, 90, 'jazmive1984@hotmail.com', 'SARM2aSSpu8GXr2ZUgGWenP7XhWoIE-a', '+vUiSMSoZI5t/tTL0iKrODZkNTAyZjUxN2ZlMWY5ZGQ5YmI2NzlhMmY5ODAzMTdhZjZiMTUwNjhmNDQ1NWY3YzE0MjJjOTU3MTAyYjc2ZGO0meQJL7qWzgMRHlGeuXPnOs/0mkEBuO8JJYzQ7vKQAzwKWXH0yg7E6pLVU3fm2aRiITxYzcmNlUk2r7r9aCwa', NULL, NULL, NULL, NULL, '1', '2019-02-26 04:07:02', NULL, '1'),
(91, 91, 'wendyrcortes@hotmail.com', 'jq7mlhd8AQpNjbgok2ZBmG8U5yxfLlXo', 'kDCzCmOJw9cEhks0nN1IQWQ4MDFiOThhYzI2MjZhYTFiOTQ1NzI5N2RmZmU0OTQ2N2QxNTFmNDVhNjIwMTQwOWU2OWY2MWJiMmFiNmFiZTJbpIpYbMPAM7BcJ7npBxdIwe+bepLsK9frpaXy/+XnmKrtJj1uiS+CU4EdbKQblzpuV9NQUynlH8oB+UNZRl8/', NULL, NULL, NULL, NULL, '1', '2019-02-26 04:07:04', NULL, '1'),
(92, 92, 'cortesruth56@gmail.com', 'EqYpvU7I_ysnkWGQZzafiq2nRq_dpDUQ', 'gwDyucEdyFBDggxxLr7ifTIzZWQ3MmRiNTNkOTAxOTJlMTc4MzFhNzVlZmM4NDdkYzQ5ODExYTI2OWE3ODI2M2UwNmZlNDE1Nzg0YTg0OThNZrP87v3mBUKyST/TVaQUQXo9qFkSJ4YvF909y9hf5h3VAy1mwWH+nfwxuXzyLpu83LKnVjCyZmr5Q0mGd+oc', NULL, NULL, NULL, NULL, '1', '2019-02-26 04:07:04', NULL, '1'),
(93, 93, 'marlon.figueroa78@gmail.com', 'b7scnzlVPvldOG30Q3j4Z5-6JW07mGlN', 'qBSzAHYr74NXHBm525MWf2M0MDdhNjJjYThkOGJiMDY2OWI5ZWNlZWMwNGE0Y2IwYTcxNWU1YTMzMTBkNGU4YTQ2NjRkYjAyNDExNmU1NTC+F65EZYkb+pLZWRVAmh2g06BB7rj2t6ev3jfz4Kitu1+dhGQANyTpGhQGy08abfCkWhWrEOdER7G2iA9tRt0w', NULL, NULL, NULL, NULL, '1', '2019-02-26 04:07:07', NULL, '1'),
(94, 94, 'martinezdealvarez@gmail.com', '_lwHne-0xG5MDmZjKH_NJznYmGpye-oF', 'ZDZksdIkDsU9bK6SMcEdt2MzMTBiMTE5ODBkMzVlY2ZjMTk1YWUwNTE4YzA1ZGQ0ZDg2Y2MyOTAyZGY4YWFiMTRjNTM2N2U4MjIzNjA5M2MNabeO0BnxI0O4RlnYXCEL8sa+DBnZhtsZfEhXPqt7jH0EPzvwFBvDCE0Yo3zdOS5Zz/e1AE5jU0ZumHYEHnzO', NULL, NULL, NULL, NULL, '1', '2019-02-26 04:07:18', NULL, '1'),
(95, 95, 'andrea.narvaez.figueroa@gmail.com', 'VpCNGflR6QTOtkZ4IoC3og0kh_ALKjUv', 'nkcGxoIC8cjGNaItA+NU8WYzNmFhNzkyMmNhYTIyMzZiOWJlOTI4YTEzOTIwMzZkMmJiNjlmYjkyZThkYTgzZDRhYzAyZmRhMTIyYjk5YjNYzK/f1mZC9Te2V8zhXcV2PEsGDZUZFZdNZh2/ncb6KE79TuQEuU1XBqiwEtMuEEC+bf9nw1DD4uxtkRWCfHwd', NULL, NULL, NULL, NULL, '1', '2019-02-26 04:07:24', NULL, '1'),
(96, 96, 'javier.rendon@sherwin.com', '_5QSqHP9DSFCvqoHdJIJ8nOOAsPap6JM', '9XbGrlsYfNCfKYbQFkR/Gjk3Zjg5ZWU1OWIxYjIyMzliOGVmYzc3YWYxNmM2YTYxZGNmY2RiN2IwZmU5NDU4ZjQ0NzJlYjkyYTY5MzIyY2FkvGEajg6Kichx8k8VylsMBafH32tivRh8dbG3iNSgQYRKH3LXhoCqtPddGdr4MajKxKYZWcYuWFbWaIMerVHo', NULL, NULL, NULL, NULL, '1', '2019-02-26 04:07:32', NULL, '1'),
(97, 97, 'rosero.gabriel@gmail.com', 'z2qcIPI9RNkudgNsevn5h1XXXh5jehvi', 'RaG9UdfwCNKC/V5W3nD/g2YzY2U2NDE0NDNiNDcwYjE1NjE3MjE3YzkzNGQ0ZTVkNjJiMWUxNTA1NmM4OWU4MmQ3MDE5ODU5NDZiNjc4NjVJgATZzb77JcspvQT+/vOb8uVtVJ+IjucqUS6wAmDu36WHrM02VO47oyCTUSZ6p1qKLPQziYL6tJafhPeYqhdD', NULL, NULL, NULL, NULL, '1', '2019-02-26 04:07:32', NULL, '1'),
(98, 98, 'von.valladares@gmail.com', 'zoG4TDlZUV3NxH1KxO152cIkAYGrExlt', 'SUvyynfwHCfVDPFXdeifzmI4MGMzNzVjNmI5NTc1MjNkMmM3OWU3ZmU0MTdiZmUzNzkyNDM5MThiNmY0N2IwZmZjOWFkMjVkOTYxNGNlOGHOTjutodqiDaBiPgpISAcs+0oRYQjxE5CdhtT0LEt+hraz87LvHnOScE4Hr5X+GoHVQEG/l5tDBmdM0UsOBgpy', NULL, NULL, NULL, NULL, '1', '2019-02-26 04:07:40', NULL, '1'),
(99, 99, 'juanmanuel.villamar@uteg.edu.ec', 'Fy4huj8FvtmMNQOKN3YYVqbSD2nn2b8L', 'bAtyNqBLjMS/WRR2/zrFeGVkZWYxNDQxNjM1NGJmYWYyNGIyZTRhYzJmMjM0OTljMjZiYjRhYjFmMjllYTQyOWI2YTE2ZjY5MzJlMDE5MDKYVHCQLmkPusf4Yli2j+yJiFEBmUPUtS2GG2NrMtiirnvXnI9eCXTDxZhc2t7mVLIMkW/1Rgr+pZRP2prSETiF', NULL, NULL, NULL, NULL, '1', '2019-02-26 04:07:40', NULL, '1'),
(100, 100, 'jussen.facuy@gmail.com', 'bp8jT9scHMEcdO3bHHQpLtQKkeTFEaV4', 'Am6Mymeyix7aDRmJDro0cGRlYmZjYWVhNzZkNDFmMTE0NzM2NWM1YmY2NjU1MzdkMDJjOTNkN2YyY2EzY2M5ZmM0YjZmYjUxODExM2M3MmOeaSUNAxo6ptCA3lc1Pf9fpoYFU3VcUb33d7eOGG3LFSatLiuCMiA8Z4VqX7uc5TDLmXVzVzeOyfK7S9xRENJ9', NULL, NULL, NULL, NULL, '1', '2019-02-26 04:07:40', NULL, '1'),
(101, 101, 'priscillavgc@hotmail.com', '03dldtmP5CbBUaX-Pn4h9Yi9ZPaG4Lev', 'dkd4xxn5HhAtn37paVGYoGM4NzdjMmU1ZjI5MjFkN2Y3YWViOGNmM2RiYjJjNjlmMDY0ZWRiZjc2NzJiZDI3NTliN2JmN2Q5MWU0NGU0YjnWwHdwlh5HnisjQBFfIYZQnsBi7JeU8Hx5GznOcR+qyaD8AWqGIkq22KNGv2qQQ49Hoe5IJnajr54PF8Gsy1qX', NULL, NULL, NULL, NULL, '1', '2019-02-26 04:07:40', NULL, '1'),
(102, 102, 'carlos.bourne1@gmail.com', 'UyKxZHgUNWpy5iXt5SYTcX1M-tuAfYA2', 'SlGdL3pNxLv2NF4CzWJUTzFjNTQ0NzgyNDBhNjQyY2VhMjA3ODBiNjI4NTE5ZDU3ZDI0ZjRkYTA1M2Y0MmRlZGU2YWY4NzFiYmY4NmY4ZTWrrEEEae1bHL7KaDmd9RWAE15I6DhredDDzB2T63OBekjsXocYrOmMIWaWlkJgDadk8RPyQm1iUnsT1C7sU7eI', NULL, NULL, NULL, NULL, '1', '2019-02-26 04:07:40', NULL, '1'),
(103, 103, 'djzhanga@espol.edu.ec', 'N6dudTgEq08FCFOud_MwJbwgbKN3isCi', 'PAcZ6ixNvrBwolwCKs8aAjJiYjA0NzY4MTdhZTEyNzljMzIwOTRjMDBiYmQ5MmE0MjFmZGVkODcxN2VjZGI3OWVjNDJhMWRjMzMzOWU4ZTX8injV5+z1aOSIO9LPeGA+Wz3a7Tj1OB77K/4TsvN5ODw7cK0U2Di7HLgwDUGyaLCm8l2uam89Y/sfggiqivgP', NULL, NULL, NULL, NULL, '1', '2019-02-26 04:07:40', NULL, '1'),
(104, 104, 'cviteri2011@gmail.com', 'Zv1zK8UMU-gqKwyy4EVWXfwSxAihmxrP', 'dMU/xyftZunGSr7lBIgYlzcwYTc5ZTFmOTAxODc0YWIxNWVjZmNiZWIyMDIzNTdjZmZhNGU2MGJlMzk0ZGEzMTk0MzYxMWM0MzJjOWRjZWThuR8/H5ONOtuy2I+gARPozPu6vJMcaoaWnrKDUQAM2OqPv1hf7zJM+VWu9x6WATBaQhJwfM2nDQ4LqjcxVaiB', NULL, NULL, NULL, NULL, '1', '2019-02-26 04:07:45', NULL, '1'),
(105, 105, 'griffithlvo@yahoo.es', 'DmRccdYrr7FIAiHYTh2z5N5Z4XRaC_iE', 'EHzETtb5pzk0Dsjdd7blQThlZGI2OGI1MTc1ZGYxODA3YWE1OWFjNjljMGYzODM5M2ViYjU1MjdkODQ2ZjYyNWU2YWFmZDIwMjY4NThmMmNaZoR8tujeSy+L01MEpxyCHpKwtCtQ6wfgSLlYr5BdSla5cHG9X3m3yk8vfcLYUfWtmynpPKNI7biFMeyiBsfM', NULL, NULL, NULL, NULL, '1', '2019-02-26 04:07:35', NULL, '1'),
(106, 106, 'marlon_q77@hotmail.com', 'PrOEdy2lByYFwhndpHD0XYQR332Tkzps', 'mwYiEh4m3Qo5zICov5grwWExZDllZmIxYmJkYTQzNTQzZmQ2YTY0YmZlYWU0MTI2N2JlNDVmY2Y2YmQ2ODdhZTQ1OWY2ZjY5OTc4ZjA3NzKLZVPjaxIlFaBF7kFHEKjeHj/Z4M9P3j4QEI0RSlh2frhbLwjgFZVvdM5iibQulTqdyFb8UHn+/dyYbI4YSno9', NULL, NULL, NULL, NULL, '1', '2019-02-26 04:07:31', NULL, '1'),
(107, 107, 'crcmespol@hotmail.com', 'AYOkSsk7hLIxHHbCoMhowrxgYDcL81fL', 'Of/Zyoqima+Y80FLlXbK7GFkNmRiZWIyYmZkMmM0NzM3MTY3ZmMxZDJkMWI4M2YzMmNhYjNhNTBjODZkMjQ1M2NmNWFmYTgzMWM4YmEzMTQHmIhPo17DKeCN822C8dLOwlgoWxVOnM+g1xQq6NzXAsThLTt1n66E15MiWF2KHZZbO0h5HJgoNQVyYZ0ebbc9', NULL, NULL, NULL, NULL, '1', '2019-02-26 04:07:00', NULL, '1'),
(108, 108, 'pedalvaradoandino@hotmail.com', 'MM4GObIkVkT2a3AtHYl0LiB29DOQkMpU', '8qaNVxHWSpklMb/+qgpQ1mEyM2JiMGNmNjUwNTA4NWZhYzkyODUzMmQxNDdkMmQ4ZGVhNmFkN2Q3NTBhYWRhOTdkZWU3YzRkMDc2YjBhOTizUUfXR5L9nxpVPfkUo5M3jqDRwQpWu5R75Xcece22w1U1377v3CkOQC1gsFI0sQqwmLBfV/6SbLUgLO5c4KMH', NULL, NULL, NULL, NULL, '1', '2019-02-26 04:07:00', NULL, '1'),
(109, 109, 'evelyn.vera.sotomayor@gmail.com', 'y0htln67zWLJI-jd_QLXPIR5T_4XR8pX', '8+SMPR2wNXogF5iLIeaix2Y0NjA3ZmE4MWIxM2U0YmU4ZWM4OTQyYTJlMzg0N2NjMTFmYzFiNjEwM2QwZDFmNjAwMGIyZWYwNzAwYjkzYjmZ69pRZjzVoC272fLo9ZBXNOKiJZd+vOrr+Gy+13GXdtOizI5CbreaoOs7LLpjb/hgfA4p1G1ZvHwWL27+0Bzj', NULL, NULL, NULL, NULL, '0', '2019-05-09 21:55:45', NULL, '1'),
(110, 110, 'docenteidiomas@uteg.edu.ec', 'ZXE9nmPKFv80Q-mn467va7aXQKkF-rLh', 'ZjoN5r426oZS6yeFHi/z7jcyMDVmNjQ1OTFkNzQzY2M2ODY5MDg2NzRjNmNiZjAxMDdjNDg0ODMyMDExOTM2NjVjZjc0ODU5YzQwMjAzMTTz6NH/u2Y1kJ0+uQCEwOU2wvgDqI8x8TPgLfxM787ECbG+tmj7eGVNMuMri/12BgjHAAuxDQFC/wy23UCEjSWl', NULL, NULL, NULL, NULL, '1', '2019-02-26 04:07:16', NULL, '1'),
(111, 111, 'mplopezgarces@gmail.com', 'TVbGt-ekmgZbQfIWjL2FiVj4FbIVPDul', '6YM23JYmhXF92VK0x+tomzQ4MjE0MTA1ZTRlODUyODVmOWI2Y2FhZTI3NDNiMGNiNTRhZjU3NjkwOTM5ZDRiODI1YjUxOWE2MjdhMDc3N2ZfNfku3n8uF7UmlzdlzXX+OUq3+rKlYz22YKrjbljmVGGO38ldMY1LzR9vC+SGaF2ldooKRfvGKURrmeGmRne7', NULL, NULL, NULL, NULL, '1', '2019-02-26 04:07:35', NULL, '1'),
(112, 112, 'lgarzon81@yahoo.com', '01jj6g96sEOMdN9aQQ9ELDOQMvbHKGsa', 'seAQ17FdU3qZpCPoK1E/1jM2OGNiMzk0YmVkZTNhZjZkM2NlNDBkMWU4ZjRlMzk1MDBjNjRmN2RlOTBhMDdhMGE2OTRiZGIwOThiZmVlOWR66cYRybHvLI4P7xWAL6yrmCewdviv3NCQdjmRGHJo2jg2G99CP1nrqmfZnIHPAk8yADcpoJMT3yR9o5gBfTDp', NULL, NULL, NULL, NULL, '1', '2019-02-26 04:07:35', NULL, '1'),
(113, 113, 'linamunozmora@gmail.com', 'jUrFeLy0OFjm3mjNO01mU2pCZXTcigyc', 'DSK3TJw5L7xcv5WDbo11AzBjNjdjNDE0MGEyZjRmZjc2OWNjNmFmMGNhYjVhODJjMjFjYmM0MDc1NjQ3MGRiZTc5YTFlY2VhZjdkYzVmOGV1NhNrT1cFV+x8Lav6QwPUxSgtSEOMkz/P/Z79ZbXcM5h+o5w2TGquWTF5ajZB9YTNprWHBVIoxwB+KQPpXGX6', NULL, NULL, NULL, NULL, '1', '2019-02-26 04:07:23', NULL, '1'),
(114, 114, 'lvasquez@gbt.tfo.upm.es', 'WCIwb0mEfUWUTjBOEdRS3xWVhcFNsEcf', 'jRBg5GYUZyRhjrhKPqS/nmMzMGRhZjNjZDhlMzY0ZGE4MjRmMDAwMGUzMGJmMThlY2I5NmUwOWY0OTVjNWUyNTdmNWIyZjU4NWM2YmIwMDKHEpslGYG0maOd4DYmBjsBbIzi89sCOU64vbaC9F53PXNASrKl/3TcFRDxXkyx9FVtz9r9SSr6bmqb3GkkH39C', NULL, NULL, NULL, NULL, '1', '2019-05-21 20:00:35', NULL, '1'),
(115, 115, 'marcos.zambrano55@gmail.com', 'bjNaHknH_fE_RdLc9BZTJpk0vcQaWP44', 'RL2ABeKD75eSWEIKuG3NQGQyMDAzOTQ4ZDVhMjBmZmFkMjI3N2U3MWMwZGI5MzdmMDA1ZjEyODkxMGIyNjI0ODg0ZTdkZTVhMDFlZmUwMmHbffXT+H8bMiam77hGgJ3a1virXr+pc0AH+jkF9Jm27mOLMKxWXMaQ/J/hjGEzfe3BJpHukmdmM8t8xMu4Z5ai', NULL, NULL, NULL, NULL, '1', '2019-07-11 17:06:58', NULL, '1'),
(116, 116, 'klizanob@hotmail.com', 'pP08Pw-U6ILoj7NX5BrDKB3bMkmZP8B7', 'gLkbbsXpmRb8yLf16uU94WIwMTRiNWVmN2I3YTE3MjhjNjRjODk4NGU4Njg3NjFhN2Y5MWE3MjQ5ZjY0YmIwMTg3YTk4MThmODYwODYzNzMLp8H+xav4CVjavHtAqJrqz4Q+iHjJVjxS8zpxgJJ7OQski+88e5r/S9ttMJBQ8UhnLVySUHNu8oxj+8qb0BHS', NULL, NULL, NULL, NULL, '1', '2019-07-11 17:06:58', NULL, '1'),
(117, 117, 'mariaangelicacorrea@hotmail.com', 'CzH3P5-JV_XH0xnr7JVLfPq3pCGMUxcu', 'bx3CCUuuomCCTfhkJXKYCzhhMjMxMDNkYmU5ZThiZmQzZmNhMjgwM2EyZmQ4NjdjYTdmMGM1ZTY2MDA1ZTcxN2ExYmRjMGZjMWNmMTEyZDISCl6R6qRa/Zjc+YddhCFosgNWyprL/FYsngccLlNUCcFd+kc7wSHJy93jTn9KcDcVq4PFWM6oafa4h+J1t1km', NULL, NULL, NULL, NULL, '1', '2019-07-11 17:06:58', NULL, '1'),
(118, 118, 'arturoalfredointriagoandrade@hotmail.com', 'EZQCXbSL8Q4LTaQ3w-oKtdPqb6h67wyq', 'SgmIr5uGLGnYgYND1K/QKjE2MWI5YTkwZWIyZWRiZTQ1Y2U3NzFhNjhhZjM1ZWQ1NDYzMWEwMmViNjBjNWU1ZDIyN2JjZmE2N2IwZDEzMmRZ8y7w4u+kVY6hS+D8rU1D3v1yjXrYB6XqRL3yDHgmyerYFBiCC+5I92EQZr1B9MwGwXnYtrNSt5zyfAYQHKI9', NULL, NULL, NULL, NULL, '1', '2019-07-11 17:06:58', NULL, '1'),
(119, 119, 'rgabo.moran28@gmail.com', 'K5_kTlo9asfEu9XIHxjr_BFQ8SGwOW-s', 'tHmtyF6eYAx0dsUZstld62RkNWY2MThlYWM3Y2YyYTZhODI3NWUzYTBhNjVjOTI0ODFiZTY2ZjM4YmQ5MmMwNGI2Yzk1MmU5MzExNDhkYmMJbcv0to2JRHvSqQPP6PozeM5RkByz/kHVIvL+uEMKAa+Xv94EGzHdrIKwmnFA0fSrdi6d875kGDcOT7D1XrSV', NULL, NULL, NULL, NULL, '1', '2019-08-13 23:13:27', NULL, '1'),
(120, 120, 'gamomar01@gmail.com', 'w74w7PdoovnMEEcHzDFA-ZOO1L9lTvKM', 'dzZM7g737zdwzYmMOm7aDzMyMWU4ODYzYmU4YWFjYWNhNTkyMGFhYWYzNDRlZGI1ZWQ4YmYyMDNmOGI0YTZjOTFjNmI3YjE3MDU4NDVhNWX3QWURbFyQznVALzsJmjbWqFXwhiuWmAJKEHz0+DvHBT9SKCAciMy6T+D87hhyu6wX3XyXy3kQLP3A5Nf5MrUG', NULL, NULL, NULL, NULL, '1', '2019-07-11 17:06:58', NULL, '1'),
(121, 121, 'romin1105@gmail.com', '_P8_UrC_9o5qkw8KegFXxEJyj_l_zs_d', 'jGK38+ZkRT7nUR6PX6UCLTY2MjU3MjZkYmM2MGU5ODc5NTNkMThiYWZhODEzNTIxZTAyZWJkZjZlMjE1M2JhM2U4ZGFiYjhiZmI3MzA4M2ECa9oZ3dxJ8omxbgg2y4EkZEaRpsdXs9q3BlxETbgHOHhbAi6dPhQDrNCBJtfcLrem2oquxfyRRExqRH/0XyPh', NULL, NULL, NULL, NULL, '1', '2019-08-13 20:07:08', NULL, '1'),
(122, 122, 'wilerfabricio1981@hotmail.com', '96FZmdMS9EfryJtcSfuJBOzTdLMk93Xc', 'NiBRjL9yQeBC1JbVPNX9mTk0YjEzOTIxOGUyZTQyODIzZmUzMzFlOWQzY2Y4ZmE5NzYxYjVlZDgzYTQyM2M4N2RlNDc2ZGVkOGRlYTc1ZTN3C2hd6mVSq7xeE5sNCP0f5cIzwAbbjkw9YlXy0D99hLynnkmX2is1J942pV/KhuWdoMM0tld26wXSLcENAuNU', NULL, NULL, NULL, NULL, '1', '2019-08-13 22:42:15', NULL, '1'),
(123, 123, 'rolandojavierportilla@hotmail.com', 'oPw5jLsFNXMNeYYDs-os2FQ3lc9zfOcv', 'xTz9PuJ+psmNy5IKgMkpTjMzYjhlYjJiMzU1YWM5Mjc5NTg1MzRkYjI2Y2UxMGM5ZmYxODM3YzNkNmU4MmE2ZmIxMDE4NDYzNWMyZWEwMGKsQL9Tbqao9dNSb2sMxW/Nm2ywft5hHvC2lAW922h6Z3AEHcKIzR9PwspwmGvYPr/Sd5tgX5PtvZU61CUVYsI/', NULL, NULL, NULL, NULL, '1', '2019-07-11 17:06:58', NULL, '1'),
(124, 124, 'rcevallos58@gmail.com', '-MQZNw4AnEJp3UgewnIR8MEst6ruI1Qu', '8um83EtcRcT938GN8Zq+lGVjYmMyYTcyYWI1OTRlMTBhMjVlN2I4YTM4ZDc4OGZhMDVlNjEzYTIwNmIwZmJiZGM0ZjMwYjc4ZWIzZmNmODPAYeVyM8Bn4VEF/2gkYx2B74ah7hOgAWYIXjK+ee5sGvKZiBRIyRtfU5sk4+lUZYp5P/ACsJjkflsRrVSTe0aG', NULL, NULL, NULL, NULL, '1', '2019-07-11 17:06:58', NULL, '1'),
(125, 125, 'jczerna@espol.edu.ec', 'pbwaEVyRml1Rg7DX_Ch3FDJgnInZjjsa', 'c04YutX9B5JLa6Sdlsk/SGE4OTNhYmUyYjE1ZDE2ZTZmZTljZjRkMDgzMWI5MWRiMjRiNTVmZDdiMTliMjk1ZDQ3NDUxMzJkMWY3YzViOWGkBTmuXfFpXlnEpH8EF/mmuNxknnIazqwDawnJXH/9iGaafbpLmNBwxajQjCeZQSniNGpRzhi9VkjGXx5MGZfz', NULL, NULL, NULL, NULL, '1', '2019-07-11 17:06:58', NULL, '1'),
(126, 126, 'landivar@espol.edu.ec', 'Q_G0wWx3T6oSYSp-TuPvuI0YVcaEWwfh', 'G4Xhu84sp41+OxvF2uNAmTZlMzM5ZTg5Y2FkOTNiYzgzZTZiYzA1MjE3NzQxNTc3ZjYwMTY3MjZhNmY5NDgxMjFiNjdmZGYzNThjNTcwYWOaXYS4daHUtyG7RMuj30XqW3/wlL0QXRovYkGXNfF//J/6TIMexgJ4wUAfkxXPBJoUHnDv9NrJqutqVqdkY1rb', NULL, NULL, NULL, NULL, '1', '2019-07-11 17:06:58', NULL, '1'),
(127, 127, 'dolores.orellana@ec.pwc.com', '-0dm3AaQkPGgEQlKAF1_m3R7fcwhMZWf', 'gOnUurLp3ELbvcPWl55qIzM3NWRkN2ZjZjZhZjUzNDJkNmM0ZWQ3NDVkMTAzMWExYjRkODIxYzYxODU2NDZhNWY2Y2ZjOTk5MjNjMGQzMGJLiIvB9X++tWtpBvokYtsEq7yJ26uJ5n6yvSpr6pk7fQyT8sVC/N0GgV9YIBZONv9BT9SjAtUVVNL4N/W9MUi+', NULL, NULL, NULL, NULL, '1', '2019-07-11 17:06:58', NULL, '1'),
(128, 128, 'freddytubay@hotmail.com', 'NRUpI591eQ-KOHawUNp3BzH63AfaLg4Q', 'Hh3fD7RxJUEkHx+w/G18xmMxOGRiOTI4OWVlYzViMWQ2N2M5ZjBiNWU5ZmQ3ZjA4OTRmNGI5NjdmZWY5ZmVjOGZlNTg1OWYyMzI5YTQ4MTn1UnHpOi4lpz0yTzO0OnhpCtPFaveZDcrvBKTGB0+bwHBHShNoDhyXr6DvpV/yO1dqDrETkU/NDi10LzkPa0Vq', NULL, NULL, NULL, NULL, '1', '2019-07-11 17:06:58', NULL, '1'),
(129, 129, 'wilson.cuadrado@outlook.com', 'Wg-sqF4w37sMXEMU_Q8lyfAx1CBSf-wJ', 'ILr6GbPBlsSKFbooCDlqGTMxOGE1NzViMjFiZTZmM2Q2NWZlZjQ0ODdmYWNjNmY1ZjI2MzhmMzExYTk1MTQwY2Q5NDg3YmMwYzZmZWU5ZDfX4HsxUCXt9gL2+VwETX5QboUh6tY7arEHxS3Z5+p5ZN8lDB0YXXOouCqd/IBkh//CG+eUjngCjL6x/OYIKQbw', NULL, NULL, NULL, NULL, '1', '2019-07-11 17:06:58', NULL, '1'),
(130, 130, 'crojasheredia@gmail.com', 'bW8hpcRGZY98rzDaGNJaxHE8Uj8MqGnd', 'bScbk91swWYCTJMQlMtGkDUwMjgwMTFkZDFhM2FjZjg2OTRkMmI2OThiMGVkZjAzYjk4YTMzMzMwNThhODlmODZmYmE3MmY2ODBmZmViYzZrQLUkpErPwZDBg/tZcj895zmEamIzOiQkjnCbNqClA1cf2ZHwniqW9BeQwYXHPV0QdEFivv0ANFKGbRrqDWgo', NULL, NULL, NULL, NULL, '1', '2019-07-11 17:06:58', NULL, '1'),
(131, 131, 'ellannyzp07@hotmail.com', 'TtRpZmqgxGbmK4_E0Vu_UXWHLvg4qcPV', 'OVl/E9UySLteFWOUMF92STAzZjdhNGQ5ODQwM2JiY2Q0ZDZlODhiZWJiMmUwMjFlOTBjYzVhMGRlODk4NjRkNDM1M2ExY2ViZWZhN2UyMWUlRbWgsKBY/RDUQ7OkukBjnZBwnBRTB62W4qeUZoy5zyvaHwp3vnAVxtuZQf0tjgyTUS0wfuS2HbzFhKAYdnfz', NULL, NULL, NULL, NULL, '1', '2019-07-11 17:06:58', NULL, '1'),
(132, 132, 'israelpjimenez@gmail.com', 'cE2CjC6yYjFeOWox1mz68XPgaHgK_NjD', 'TDXfQJKxA9nZsT69DokaZDQ3ZTViZTI1Njg2YzM0ZGJjOGQyYjNlMGU4MDUwYWMzMWFhNmRkOTI4Y2YwYTkxZDdmMWUwMDdmNjlkOTI2MTAzKvApwPcCuJQQPNWJyl8vRBXJ5PoKsmxHo9ey+uMWifSwxVEv8B6SaxS7An8UKbuAkL1KrqiHMEMJdUmg6jXW', NULL, NULL, NULL, NULL, '1', '2019-07-11 17:06:58', NULL, '1'),
(133, 133, 'eveuquilla@hotmail.com', 'VW-JcovIVSXw8gXHkjTW0adjw1afDwrD', '6N8HtrNjnuAapLyddKktiTExZDhmOGJlODIyZDFkZmZkNGYyZDJkMzk3NTAwNTgyZGQ5ZTFhMjY3MjE3ZTg2NTE0OTlkZmJhYjUzNGQ1ZTB8hElXWYOwbV3xt9rE8QnQNunAjuiafgKdb++cqJKayxlGTPztpu1BlEJezxSOvcEmBQsSowHRa72lj1jMgu4I', NULL, NULL, NULL, NULL, '1', '2019-07-11 17:06:58', NULL, '1'),
(134, 134, 'joan.reyes89@hotmail.com', 'Ohn1CcZNBs6uDV6CBnxjv_b21e0SSPCp', 'dCz77SsqIXZo8m10nZVpCDI3MjYzNWQ3M2Y2OTI5ZTEzYTFlNGNkZjkwZTRhMmE2ODliYjczYTU2NGNjZDNkMjk5ZDAwY2VjY2MzNGUwNWaYX47iUagOvRVyTDEcdEZB4voULOR0Tj2kBoxCMnyjBli4AP1CYQMycgJG2k6bBuYv6+K5OTqXly5YyX2KDBTt', NULL, NULL, NULL, NULL, '1', '2019-07-11 17:06:58', NULL, '1'),
(135, 135, 'vergarajob@gmail.com', 'vq5xAcJ27o0tjVuJXnwI2mEyBBHCKPqS', 'm68iJHCOqgetJ4PnbTUxImRmOWJiNDdlYmM4YjhkYmY1MWJhYTQ3MmI3ZjMwMTRlYThiMzE2OTU1ZTNmYjQ1ZTE0M2NkZGUwZDMwY2Q0MjSHxFq46cNQgUGzVeeEhxJeDwbTiLSP+pD+AacK84tTWHZtZMT76lrcoroxYXKr9ElVecbGj9sTLJnoJYRhlb9A', NULL, NULL, NULL, NULL, '1', '2019-07-11 17:06:58', NULL, '1'),
(136, 136, 'danielcruzdan@gmail.com', '-CLUa_CHrpZ8eIiD88NJFQrEuWEbHz-s', '2bEcennZv1hxS/mV0aiAw2MzYjU5MDU4OWI1Y2M3ZTdkYzc4OGNmODExNWU5M2RiZjNjZmM4YmZhYjM0NzFmNjFlN2Q0MTQ3ZDljMDdjZDlwr4JJ/5M4bQNeZwLOP3KNtjcuxRD4TCSfSMB/9JlcZQ7ixim2CCm+x0kMvWTpsgY2vJWmZCiUNsm0jzWWtGoO', NULL, NULL, NULL, NULL, '1', '2019-08-19 23:09:46', NULL, '1'),
(137, 137, 'nestoralba65@gmail.com', 'mGWsMLPWyBLGx7B0o8Ah4oldgdgUCP9b', 'Z7Xc8uKnnTjCjYa4l4m4/jMwMmY4NmE5ZGM5YmU4ZWMzN2EwOTM2OGUzNWZiY2Y3YTEzYjJjMmQ2Y2RhNDkxOTQzMGFkMTFiNzk4YWZkZjk6swb+Vcdry5nUDkwBKX3jm2ccGEwvlp0DKrRHP7Bmi60+ZKOn02fnD9oDSxLi4uLvocjWbemQZwikvW052yIs', NULL, NULL, NULL, NULL, '1', '2019-07-11 20:38:38', NULL, '1'),
(138, 138, 'lideradmisiones@uteg.edu.ec', '1kdkWi0IdtjhCE2zwHKZ7aFBTnni2lUw', 'OHm9CPshygAzIY8ZNYXq/TRmZTFmNjM0NmRmZjNlOWZhMjcyZmY2NDVjMzI3ZGMxMmIzNjlhOWI4YjdmZjgyZGRkMGZlZWQwZTNmYTgxYjjp0KYSsU8LxRg0LCoFXTqq6z+EUa56WD8Li3MXsDn9YdICiPtD5Pzr868BeYJtOSHileM4u252ViY2GsnEQANV', NULL, NULL, NULL, NULL, '1', '2019-08-15 21:00:00', NULL, '1'),
(139, 139, 'asistenteadministrativo01@uteg.edu.ec', '1kdkWi0IdtjhCE2zwHKZ7aFBTnni2lUw', 'OHm9CPshygAzIY8ZNYXq/TRmZTFmNjM0NmRmZjNlOWZhMjcyZmY2NDVjMzI3ZGMxMmIzNjlhOWI4YjdmZjgyZGRkMGZlZWQwZTNmYTgxYjjp0KYSsU8LxRg0LCoFXTqq6z+EUa56WD8Li3MXsDn9YdICiPtD5Pzr868BeYJtOSHileM4u252ViY2GsnEQANV', NULL, NULL, NULL, NULL, '1', '2019-08-23 16:42:00', NULL, '1'),
(140, 140, 'asistenteadministrativo02@uteg.edu.ec', '1kdkWi0IdtjhCE2zwHKZ7aFBTnni2lUw', 'OHm9CPshygAzIY8ZNYXq/TRmZTFmNjM0NmRmZjNlOWZhMjcyZmY2NDVjMzI3ZGMxMmIzNjlhOWI4YjdmZjgyZGRkMGZlZWQwZTNmYTgxYjjp0KYSsU8LxRg0LCoFXTqq6z+EUa56WD8Li3MXsDn9YdICiPtD5Pzr868BeYJtOSHileM4u252ViY2GsnEQANV', NULL, NULL, NULL, NULL, '1', '2019-08-23 16:42:01', NULL, '1'),
(141, 141, 'admisiones03@uteg.edu.ec', '1kdkWi0IdtjhCE2zwHKZ7aFBTnni2lUw', 'OHm9CPshygAzIY8ZNYXq/TRmZTFmNjM0NmRmZjNlOWZhMjcyZmY2NDVjMzI3ZGMxMmIzNjlhOWI4YjdmZjgyZGRkMGZlZWQwZTNmYTgxYjjp0KYSsU8LxRg0LCoFXTqq6z+EUa56WD8Li3MXsDn9YdICiPtD5Pzr868BeYJtOSHileM4u252ViY2GsnEQANV', NULL, NULL, NULL, NULL, '1', '2019-09-11 19:43:00', NULL, '1'),
(142, 142, 'admisiones04@uteg.edu.ec', '1kdkWi0IdtjhCE2zwHKZ7aFBTnni2lUw', 'OHm9CPshygAzIY8ZNYXq/TRmZTFmNjM0NmRmZjNlOWZhMjcyZmY2NDVjMzI3ZGMxMmIzNjlhOWI4YjdmZjgyZGRkMGZlZWQwZTNmYTgxYjjp0KYSsU8LxRg0LCoFXTqq6z+EUa56WD8Li3MXsDn9YdICiPtD5Pzr868BeYJtOSHileM4u252ViY2GsnEQANV', NULL, NULL, NULL, NULL, '1', '2019-09-11 19:44:01', NULL, '1');
--
-- Volcado de datos para la tabla `empresa_persona`
--
INSERT INTO `empresa_persona` (`eper_id`, `emp_id`, `per_id`, `eper_estado`, `eper_fecha_creacion`, `eper_fecha_modificacion`, `eper_estado_logico`) VALUES
(1, 1, 1, '1', '2017-09-01 06:53:00', NULL, '1'),
(2, 1, 2, '1', '2017-09-01 06:53:00', NULL, '1'),
(3, 1, 3, '1', '2017-09-01 06:53:00', NULL, '1'),
(4, 1, 4, '1', '2017-09-01 06:53:00', NULL, '1'),
(5, 1, 5, '1', '2017-09-01 06:53:00', NULL, '1'),
(6, 1, 6, '1', '2017-09-01 06:53:00', NULL, '1'),
(7, 1, 7, '1', '2017-09-01 06:53:00', NULL, '1'),
(8, 1, 8, '1', '2017-09-01 06:53:00', NULL, '1'),
(9, 1, 9, '1', '2017-09-01 06:53:00', NULL, '1'),
(10, 1, 10, '1', '2017-09-01 06:53:00', NULL, '1'),
(11, 1, 11, '1', '2017-09-01 06:53:00', NULL, '1'),
(12, 1, 12, '1', '2017-09-01 06:53:00', NULL, '1'),
(13, 1, 13, '1', '2017-09-01 06:53:00', NULL, '1'),
(14, 1, 14, '1', '2017-09-01 06:53:00', NULL, '1'),
(15, 1, 15, '1', '2017-09-01 06:53:00', NULL, '1'),
(16, 1, 16, '1', '2017-09-01 06:53:00', NULL, '1'),
(17, 1, 17, '1', '2017-09-01 06:53:00', NULL, '1'),
(18, 1, 18, '1', '2017-09-01 06:53:00', NULL, '1'),
(19, 1, 19, '1', '2017-09-01 06:53:00', NULL, '1'),
(20, 1, 20, '1', '2017-09-01 06:53:00', NULL, '1'),
(21, 1, 21, '1', '2017-09-01 06:53:00', NULL, '1'),
(22, 1, 22, '1', '2017-09-01 06:53:00', NULL, '1'),
(23, 1, 23, '1', '2017-09-01 06:53:00', NULL, '1'),
(24, 1, 24, '1', '2017-09-01 06:53:00', NULL, '1'),
(25, 1, 25, '1', '2017-09-01 06:53:00', NULL, '1'),
(26, 1, 26, '1', '2017-09-01 06:53:00', NULL, '1'),
(27, 1, 27, '1', '2017-09-01 06:53:00', NULL, '1'),
(28, 1, 28, '1', '2017-09-01 06:53:00', NULL, '1'),
(29, 1, 29, '1', '2017-09-01 06:53:00', NULL, '1'),
(30, 1, 30, '1', '2017-09-01 06:53:00', NULL, '1'),
(31, 1, 31, '1', '2017-09-01 06:53:00', NULL, '1'),
(32, 1, 32, '1', '2017-09-01 06:53:00', NULL, '1'),
(33, 1, 33, '1', '2017-09-01 06:53:00', NULL, '1'),
(34, 1, 34, '1', '2017-09-01 06:53:00', NULL, '1'),
(35, 1, 35, '1', '2017-09-01 06:53:00', NULL, '1'),
(36, 1, 36, '1', '2017-09-01 06:53:00', NULL, '1'),
(37, 1, 37, '1', '2017-09-01 06:53:00', NULL, '1'),
(38, 1, 38, '1', '2017-09-01 06:53:00', NULL, '1'),
(39, 1, 39, '1', '2017-09-01 06:53:00', NULL, '1'),
(40, 1, 40, '1', '2017-09-01 06:53:00', NULL, '1'),
(41, 1, 41, '1', '2018-11-14 23:00:00', NULL, '1'),
(42, 1, 42, '1', '2018-11-14 23:45:00', NULL, '1'),
(43, 1, 43, '1', '2018-11-22 18:45:00', NULL, '1'),
(44, 1, 44, '1', '2018-12-20 15:30:00', NULL, '1'),
(45, 1, 45, '1', '2018-12-20 15:30:00', NULL, '1'),
(46, 1, 46, '1', '2019-02-09 16:30:00', NULL, '1'),
(47, 1, 47, '1', '2019-02-09 16:30:00', NULL, '1'),
(48, 1, 48, '1', '2019-04-11 16:00:00', NULL, '1'),
(49, 1, 49, '1', '2019-04-11 16:00:00', NULL, '1'),
(50, 1, 50, '1', '2019-04-11 16:00:00', NULL, '1'),
(51, 1, 51, '1', '2019-04-11 16:00:00', NULL, '1'),
(52, 1, 52, '1', '2019-04-11 16:00:00', NULL, '1'),
(53, 1, 53, '1', '2019-04-11 16:00:00', NULL, '1'),
(54, 1, 54, '1', '2019-04-11 16:00:00', NULL, '1'),
(55, 1, 55, '1', '2019-04-11 16:00:00', NULL, '1'),
(56, 1, 56, '1', '2019-04-11 16:00:00', NULL, '1'),
(57, 1, 57, '1', '2019-04-11 16:00:00', NULL, '1'),
(58, 1, 58, '1', '2019-04-11 16:00:00', NULL, '1'),
(59, 1, 59, '1', '2019-04-11 16:00:00', NULL, '1'),
(60, 1, 60, '1', '2019-04-11 16:00:00', NULL, '1'),
(61, 1, 61, '1', '2019-04-11 16:00:00', NULL, '1'),
(62, 1, 62, '1', '2019-04-11 16:00:00', NULL, '1'),
(63, 1, 63, '1', '2019-04-11 16:00:00', NULL, '1'),
(64, 1, 64, '1', '2019-04-11 16:00:00', NULL, '1'),
(65, 1, 65, '1', '2019-04-11 16:00:00', NULL, '1'),
(66, 1, 66, '1', '2019-04-11 16:00:00', NULL, '1'),
(67, 1, 67, '1', '2019-04-11 16:00:00', NULL, '1'),
(68, 1, 68, '1', '2019-04-11 16:00:00', NULL, '1'),
(69, 1, 69, '1', '2019-04-11 16:00:00', NULL, '1'),
(70, 1, 70, '1', '2019-04-11 16:00:00', NULL, '1'),
(71, 1, 71, '1', '2019-04-11 16:00:00', NULL, '1'),
(72, 1, 72, '1', '2019-04-11 16:00:00', NULL, '1'),
(73, 1, 73, '1', '2019-04-11 16:00:00', NULL, '1'),
(74, 1, 74, '1', '2019-04-11 16:00:00', NULL, '1'),
(75, 1, 75, '1', '2019-04-11 16:00:00', NULL, '1'),
(76, 1, 76, '1', '2019-04-11 16:00:00', NULL, '1'),
(77, 1, 77, '1', '2019-04-11 16:00:00', NULL, '1'),
(78, 1, 78, '1', '2019-04-11 16:00:00', NULL, '1'),
(79, 1, 79, '1', '2019-04-11 16:00:00', NULL, '1'),
(80, 1, 80, '1', '2019-04-11 16:00:00', NULL, '1'),
(81, 1, 81, '1', '2019-04-11 16:00:00', NULL, '1'),
(82, 1, 82, '1', '2019-04-11 16:00:00', NULL, '1'),
(83, 1, 83, '1', '2019-04-11 16:00:00', NULL, '1'),
(84, 1, 84, '1', '2019-04-11 16:00:00', NULL, '1'),
(85, 1, 85, '1', '2019-04-11 16:00:00', NULL, '1'),
(86, 1, 86, '1', '2019-04-11 16:00:00', NULL, '1'),
(87, 1, 87, '1', '2019-04-11 16:00:00', NULL, '1'),
(88, 1, 88, '1', '2019-04-11 16:00:00', NULL, '1'),
(89, 1, 89, '1', '2019-04-11 16:00:00', NULL, '1'),
(90, 1, 90, '1', '2019-04-11 16:00:00', NULL, '1'),
(91, 1, 91, '1', '2019-04-11 16:00:00', NULL, '1'),
(92, 1, 92, '1', '2019-04-11 16:00:00', NULL, '1'),
(93, 1, 93, '1', '2019-04-11 16:00:00', NULL, '1'),
(94, 1, 94, '1', '2019-04-11 16:00:00', NULL, '1'),
(95, 1, 95, '1', '2019-04-11 16:00:00', NULL, '1'),
(96, 1, 96, '1', '2019-04-11 16:00:00', NULL, '1'),
(97, 1, 97, '1', '2019-04-11 16:00:00', NULL, '1'),
(98, 1, 98, '1', '2019-04-11 16:00:00', NULL, '1'),
(99, 1, 99, '1', '2019-04-11 16:00:00', NULL, '1'),
(100, 1, 100, '1', '2019-04-11 16:00:00', NULL, '1'),
(101, 1, 101, '1', '2019-04-17 19:00:00', NULL, '1'),
(102, 1, 102, '1', '2019-04-22 19:00:00', NULL, '1'),
(103, 1, 103, '1', '2019-04-22 19:00:00', NULL, '1'),
(104, 1, 104, '1', '2019-04-22 19:00:00', NULL, '1'),
(105, 1, 105, '1', '2019-04-25 17:30:00', NULL, '1'),
(106, 1, 106, '1', '2019-04-25 17:30:00', NULL, '1'),
(107, 1, 107, '1', '2019-04-25 17:30:00', NULL, '1'),
(108, 1, 108, '1', '2019-04-25 17:30:00', NULL, '1'),
(109, 1, 109, '1', '2019-04-25 17:30:00', NULL, '1'),
(110, 1, 110, '1', '2019-04-25 17:30:00', NULL, '1'),
(111, 1, 111, '1', '2019-05-02 18:30:00', NULL, '1'),
(112, 1, 112, '1', '2019-05-10 21:30:00', NULL, '1'),
(113, 1, 113, '1', '2019-05-13 19:40:00', NULL, '1'),
(114, 1, 114, '1', '2019-05-21 18:30:00', NULL, '1'),
(115, 1, 115, '1', '2019-07-11 17:00:00', NULL, '1'),
(116, 1, 116, '1', '2019-07-11 17:00:00', NULL, '1'),
(117, 1, 117, '1', '2019-07-11 17:00:00', NULL, '1'),
(118, 1, 118, '1', '2019-07-11 17:00:00', NULL, '1'),
(119, 1, 119, '1', '2019-07-11 17:00:00', NULL, '1'),
(120, 1, 120, '1', '2019-07-11 17:00:00', NULL, '1'),
(121, 1, 121, '1', '2019-07-11 17:00:00', NULL, '1'),
(122, 1, 122, '1', '2019-07-11 17:00:00', NULL, '1'),
(123, 1, 123, '1', '2019-07-11 17:00:00', NULL, '1'),
(124, 1, 124, '1', '2019-07-11 17:00:00', NULL, '1'),
(125, 1, 125, '1', '2019-07-11 17:00:00', NULL, '1'),
(126, 1, 126, '1', '2019-07-11 17:00:00', NULL, '1'),
(127, 1, 127, '1', '2019-07-11 17:00:00', NULL, '1'),
(128, 1, 128, '1', '2019-07-11 17:00:00', NULL, '1'),
(129, 1, 129, '1', '2019-07-11 17:00:00', NULL, '1'),
(130, 1, 130, '1', '2019-07-11 17:00:00', NULL, '1'),
(131, 1, 131, '1', '2019-07-11 17:00:00', NULL, '1'),
(132, 1, 132, '1', '2019-07-11 17:00:00', NULL, '1'),
(133, 1, 133, '1', '2019-07-11 17:00:00', NULL, '1'),
(134, 1, 134, '1', '2019-07-11 17:00:00', NULL, '1'),
(135, 1, 135, '1', '2019-07-11 17:00:00', NULL, '1'),
(136, 1, 136, '1', '2019-07-11 17:00:00', NULL, '1'),
(137, 1, 137, '1', '2019-07-11 20:00:00', NULL, '1'),
(138, 1, 138, '1', '2019-08-15 21:00:00', NULL, '1'),
(139, 1, 139, '1', '2019-08-23 16:45:00', NULL, '1'),
(140, 1, 140, '1', '2019-08-23 16:45:01', NULL, '1'),
(141, 1, 141, '1', '2019-09-11 19:43:00', NULL, '1'),
(142, 1, 142, '1', '2019-09-11 19:44:01', NULL, '1');

--
-- Volcado de datos para la tabla `usua_grol_eper`
--
INSERT INTO `usua_grol_eper` (`ugep_id`, `eper_id`, `usu_id`, `grol_id`, `ugep_estado`, `ugep_fecha_creacion`, `ugep_fecha_modificacion`, `ugep_estado_logico`) VALUES
(1, 1, 1, 1, '1', '2017-09-01 06:53:00', NULL, '1'),
(2, 2, 2, 2, '1', '2017-09-01 06:53:00', NULL, '1'),
(3, 3, 3, 2, '1', '2017-09-01 06:53:00', NULL, '1'),
(4, 4, 4, 2, '1', '2017-09-01 06:53:00', NULL, '1'),
(5, 5, 5, 2, '1', '2017-09-01 06:53:00', NULL, '1'),
(6, 6, 6, 3, '1', '2017-09-01 06:53:00', NULL, '1'),
(7, 7, 7, 5, '1', '2017-09-01 06:53:00', NULL, '1'),
(8, 8, 8, 5, '1', '2017-09-01 06:53:00', NULL, '1'),
(9, 9, 9, 5, '1', '2017-09-01 06:53:00', NULL, '1'),
(10, 10, 10, 5, '1', '2017-09-01 04:48:43', NULL, '1'),
(11, 11, 11, 5, '1', '2017-09-01 04:50:52', NULL, '1'),
(12, 12, 12, 5, '1', '2017-09-01 04:52:46', NULL, '1'),
(13, 13, 13, 5, '1', '2017-09-01 04:56:57', NULL, '1'),
(14, 14, 14, 5, '1', '2017-09-01 04:59:26', NULL, '1'),
(15, 15, 15, 5, '1', '2017-09-01 05:00:58', NULL, '1'),
(16, 16, 16, 4, '1', '2017-09-01 04:41:49', NULL, '1'),
(17, 17, 17, 5, '1', '2017-09-01 04:31:16', NULL, '1'),
(18, 18, 18, 5, '1', '2017-09-01 04:33:26', NULL, '1'),
(19, 19, 19, 5, '1', '2017-09-01 04:34:27', NULL, '1'),
(20, 20, 20, 5, '1', '2017-09-01 04:35:32', NULL, '1'),
(21, 21, 21, 11, '1', '2017-09-01 05:11:06', NULL, '1'),
(22, 22, 22, 12, '1', '2017-09-02 02:54:04', NULL, '1'),
(23, 23, 23, 15, '1', '2017-11-07 06:36:00', NULL, '1'),
(24, 24, 24, 19, '1', '2017-09-01 05:20:19', NULL, '1'),
(25, 25, 25, 19, '1', '2017-09-01 05:21:17', NULL, '1'),
(26, 26, 26, 23, '1', '2017-09-01 05:24:46', NULL, '1'),
(27, 27, 27, 17, '1', '2017-09-01 09:01:00', NULL, '1'),
(28, 28, 28, 16, '1', '2017-09-01 07:16:11', NULL, '1'),
(29, 29, 29, 14, '1', '2017-09-01 07:22:54', NULL, '1'),
(30, 30, 30, 15, '1', '2019-03-18 18:37:48', NULL, '1'),
(31, 31, 31, 33, '1', '2017-09-01 07:34:01', NULL, '1'),
(33, 33, 33, 35, '1', '2019-04-11 19:46:37', NULL, '1'),
(34, 34, 34, 33, '1', '2017-09-01 05:18:00', NULL, '1'),
(35, 35, 35, 33, '1', '2017-09-01 09:01:00', NULL, '1'),
(36, 36, 36, 33, '1', '2017-09-02 02:46:00', NULL, '1'),
(37, 37, 37, 33, '1', '2017-09-01 06:53:00', NULL, '1'),
(38, 38, 38, 27, '1', '2017-09-01 06:53:00', NULL, '1'),
(39, 39, 39, 28, '1', '2017-09-02 02:46:00', NULL, '1'),
(40, 40, 40, 28, '1', '2017-09-01 06:53:00', NULL, '1'),
(41, 41, 41, 24, '1', '2018-11-14 23:00:00', NULL, '1'),
(42, 42, 42, 27, '1', '2018-11-14 23:45:00', NULL, '1'),
(43, 43, 43, 9, '1', '2018-11-22 18:45:00', NULL, '1'),
(44, 44, 44, 12, '1', '2018-12-20 15:30:00', NULL, '1'),
(45, 45, 45, 12, '1', '2018-12-20 15:30:00', NULL, '1'),
(46, 46, 46, 34, '1', '2019-02-09 16:30:00', NULL, '1'),
(47, 47, 47, 19, '1', '2019-02-09 16:30:00', NULL, '1'),
(48, 48, 48, 33, '1', '2019-04-11 16:00:00', NULL, '1'),
(49, 49, 49, 35, '1', '2019-04-15 18:35:51', NULL, '1'),
(50, 50, 50, 33, '1', '2019-04-11 16:00:00', NULL, '1'),
(51, 51, 51, 36, '1', '2019-04-11 16:00:00', NULL, '1'),
(52, 52, 52, 33, '1', '2019-04-11 16:00:00', NULL, '1'),
(53, 53, 53, 33, '1', '2019-04-11 16:00:00', NULL, '1'),
(54, 54, 54, 33, '1', '2019-04-11 16:00:00', NULL, '1'),
(55, 55, 55, 33, '1', '2019-04-11 16:00:00', NULL, '1'),
(56, 56, 56, 33, '1', '2019-04-11 16:00:00', NULL, '1'),
(57, 57, 57, 33, '1', '2019-04-11 16:00:00', NULL, '1'),
(58, 58, 58, 33, '1', '2019-04-11 16:00:00', NULL, '1'),
(59, 59, 59, 33, '1', '2019-04-11 16:00:00', NULL, '1'),
(60, 60, 60, 33, '1', '2019-04-11 16:00:00', NULL, '1'),
(61, 61, 61, 33, '1', '2019-04-11 16:00:00', NULL, '1'),
(62, 62, 62, 33, '1', '2019-04-11 16:00:00', NULL, '1'),
(63, 63, 63, 33, '1', '2019-04-11 16:00:00', NULL, '1'),
(64, 64, 64, 33, '1', '2019-04-11 16:00:00', NULL, '1'),
(65, 65, 65, 33, '1', '2019-04-11 16:00:00', NULL, '1'),
(66, 66, 66, 33, '1', '2019-04-11 16:00:00', NULL, '1'),
(67, 67, 67, 33, '1', '2019-04-11 16:00:00', NULL, '1'),
(68, 68, 68, 33, '1', '2019-04-11 16:00:00', NULL, '1'),
(69, 69, 69, 33, '1', '2019-04-11 16:00:00', NULL, '1'),
(70, 70, 70, 33, '1', '2019-04-11 16:00:00', NULL, '1'),
(71, 71, 71, 33, '1', '2019-04-11 16:00:00', NULL, '1'),
(72, 72, 72, 33, '1', '2019-04-11 16:00:00', NULL, '1'),
(73, 73, 73, 33, '1', '2019-04-11 16:00:00', NULL, '1'),
(74, 74, 74, 33, '1', '2019-04-11 16:00:00', NULL, '1'),
(75, 75, 75, 33, '1', '2019-04-11 16:00:00', NULL, '1'),
(76, 76, 76, 33, '1', '2019-04-11 16:00:00', NULL, '1'),
(77, 77, 77, 33, '1', '2019-04-11 16:00:00', NULL, '1'),
(78, 78, 78, 33, '1', '2019-04-11 16:00:00', NULL, '1'),
(79, 79, 79, 33, '1', '2019-04-11 16:00:00', NULL, '1'),
(80, 80, 80, 33, '1', '2019-04-11 16:00:00', NULL, '1'),
(81, 81, 81, 33, '1', '2019-04-11 16:00:00', NULL, '1'),
(82, 82, 82, 33, '1', '2019-04-11 16:00:00', NULL, '1'),
(83, 83, 83, 33, '1', '2019-04-11 16:00:00', NULL, '1'),
(84, 84, 84, 33, '1', '2019-04-11 16:00:00', NULL, '1'),
(85, 85, 85, 33, '1', '2019-04-11 16:00:00', NULL, '1'),
(86, 86, 86, 33, '1', '2019-04-11 16:00:00', NULL, '1'),
(87, 87, 87, 33, '1', '2019-04-11 16:00:00', NULL, '1'),
(88, 88, 88, 33, '1', '2019-04-11 16:00:00', NULL, '1'),
(89, 89, 89, 33, '1', '2019-04-11 16:00:00', NULL, '1'),
(90, 90, 90, 33, '1', '2019-04-11 16:00:00', NULL, '1'),
(91, 91, 91, 33, '1', '2019-04-11 16:00:00', NULL, '1'),
(92, 92, 92, 33, '1', '2019-04-11 16:00:00', NULL, '1'),
(93, 93, 93, 33, '1', '2019-04-11 16:00:00', NULL, '1'),
(94, 94, 94, 33, '1', '2019-04-11 16:00:00', NULL, '1'),
(95, 95, 95, 33, '1', '2019-04-11 16:00:00', NULL, '1'),
(96, 96, 96, 33, '1', '2019-04-11 16:00:00', NULL, '1'),
(97, 97, 97, 33, '1', '2019-04-11 16:00:00', NULL, '1'),
(98, 98, 98, 33, '1', '2019-04-11 16:00:00', NULL, '1'),
(99, 99, 99, 33, '1', '2019-04-11 16:00:00', NULL, '1'),
(100, 100, 100, 33, '1', '2019-04-11 16:00:00', NULL, '1'),
(101, 101, 101, 33, '1', '2019-04-17 19:00:00', NULL, '1'),
(102, 102, 102, 33, '1', '2019-04-21 19:00:00', NULL, '1'),
(103, 103, 103, 33, '1', '2019-04-21 19:00:00', NULL, '1'),
(104, 104, 104, 33, '1', '2019-04-21 19:00:00', NULL, '1'),
(105, 105, 105, 33, '1', '2019-04-21 19:00:00', NULL, '1'),
(106, 106, 106, 33, '1', '2019-04-21 19:00:00', NULL, '1'),
(107, 107, 107, 33, '1', '2019-04-21 19:00:00', NULL, '1'),
(108, 108, 108, 33, '1', '2019-04-21 19:00:00', NULL, '1'),
(109, 109, 109, 33, '1', '2019-04-21 19:00:00', NULL, '1'),
(110, 110, 110, 33, '1', '2019-04-21 19:00:00', NULL, '1'),
(111, 111, 111, 33, '1', '2019-05-02 20:00:00', NULL, '1'),
(112, 112, 112, 33, '1', '2019-05-10 21:30:00', NULL, '1'),
(113, 113, 113, 33, '1', '2019-05-13 19:30:00', NULL, '1'),
(114, 114, 114, 33, '1', '2019-05-21 20:00:00', NULL, '1'),
(115, 115, 115, 33, '1', '2019-07-11 17:00:00', NULL, '1'),
(116, 116, 116, 33, '1', '2019-07-11 17:00:00', NULL, '1'),
(117, 117, 117, 33, '1', '2019-07-11 17:00:00', NULL, '1'),
(118, 118, 118, 33, '1', '2019-07-11 17:00:00', NULL, '1'),
(119, 119, 119, 33, '1', '2019-07-11 17:00:00', NULL, '1'),
(120, 120, 120, 33, '1', '2019-07-11 17:00:00', NULL, '1'),
(121, 121, 121, 33, '1', '2019-07-11 17:00:00', NULL, '1'),
(122, 122, 122, 33, '1', '2019-07-11 17:00:00', NULL, '1'),
(123, 123, 123, 33, '1', '2019-07-11 17:00:00', NULL, '1'),
(124, 124, 124, 33, '1', '2019-07-11 17:00:00', NULL, '1'),
(125, 125, 125, 33, '1', '2019-07-11 17:00:00', NULL, '1'),
(126, 126, 126, 33, '1', '2019-07-11 17:00:00', NULL, '1'),
(127, 127, 127, 33, '1', '2019-07-11 17:00:00', NULL, '1'),
(128, 128, 128, 33, '1', '2019-07-11 17:00:00', NULL, '1'),
(129, 129, 129, 33, '1', '2019-07-11 17:00:00', NULL, '1'),
(130, 130, 130, 33, '1', '2019-07-11 17:00:00', NULL, '1'),
(131, 131, 131, 33, '1', '2019-07-11 17:00:00', NULL, '1'),
(132, 132, 132, 33, '1', '2019-07-11 17:00:00', NULL, '1'),
(133, 133, 133, 33, '1', '2019-07-11 17:00:00', NULL, '1'),
(134, 134, 134, 33, '1', '2019-07-11 17:00:00', NULL, '1'),
(135, 135, 135, 33, '1', '2019-07-11 17:00:00', NULL, '1'),
(136, 136, 136, 33, '1', '2019-07-11 17:00:00', NULL, '1'),
(137, 137, 137, 33, '1', '2019-07-11 20:00:00', NULL, '1'),
(138, 138, 138, 4, '1', '2019-08-15 21:00:00', NULL, '1'),
(139, 139, 139, 5, '1', '2019-08-23 16:48:00', NULL, '1'),
(140, 140, 140, 5, '1', '2019-08-23 16:48:01', NULL, '1'),
(141, 141, 141, 5, '1', '2019-09-11 19:43:00', NULL, '1'),
(142, 142, 142, 5, '1', '2019-09-11 19:44:01', NULL, '1');

