--
-- Base de datos: `db_asgard`
--
USE `db_asgard`;

--
-- Volcado de datos para la tabla `usuario`
--

INSERT INTO `usuario` (`usu_id`, `per_id`, `usu_user`, `usu_sha`, `usu_password`, `usu_time_pass`, `usu_session`, `usu_last_login`, `usu_link_activo`, `usu_estado`, `usu_fecha_creacion`, `usu_fecha_modificacion`, `usu_estado_logico`) VALUES
(1001, 1001, 'jperdomo1973@hotmail.com', 'JedLwGzMjlfn9yc3NAc6rX1rDyvLYCD8', 'LRH0azcb3M5qp4MvQe+gqzM5MWRlMjE4ZjRjNGQxYWYyODMwNzMxNTdhNmNlNTZjZGYwYWE0YTFjMjNlNTQ1NDI3YWE5ZjNjZmU1MzQ1ZDF6uiE3gFPIvlny2Bkv/aiCJMXTBiVhYK+pwS2qeMzrXkvHvLnDMvJWsIuURVmweBjbAklH2QNQJMntY/8k5gPl', NULL, NULL, NULL, NULL, '1', '2017-10-01 12:59:00', NULL, '1'),
(1002, 1002, 'alerova272@gmail.com', 'B2-uae3UPpKMkpAhFwTaGrX2T7LKtjjq', '4rT5e2PXvde3wh6WrysE+TJhMDMwNWI1YmNlMDU2N2VmM2JiYTU2ZDU5NTIwM2Y0MGQ2OTI0N2Y5NmQ1MTBiYmU4MGIyYzkzOWI2ODIzY2NLaRdwdHhN4wsnjGJBfa4huKR6t/88VjHUCK3I1WtatD8VGOoam36ylNK/efm1sWVI3vTGFeZjA+YcvYoQn+Q8', NULL, NULL, NULL, NULL, '1', '2017-10-03 17:38:00', NULL, '1'),
(1003, 1003, 'jsemblantes96@gmail.com', '5Xiqgcuk5QLqUC1dkzrcXtOojh1Bcsg3', '/rPdCpPvV2pWEZaTnxD/4zYzNTgzODVhMWNiZGNjYWU4NzQxYjVjMTRiMDNhZjJkNGE0Y2U3Y2ZiNDk0OTc1ZjQ0MzhlM2NkZGE4YWVjYTfdIvQX9DJSchT7vceTDzK+05+Dnma3Ls+cptxxht2+/uzD60/C9T7mqMX5nSW3eGoRi6GXVZ4OHfwlKV2QsqlT', NULL, NULL, NULL, NULL, '1', '2017-11-30 03:07:00', NULL, '1'),
(1004, 1004, 'bvpr1995@gmail.com', 'ZTlU-BRv-6WZP5CMJ76NwA1L_fHjmIuU', 'PWB+tPsK+KS1/BNvmE8H2jQ4NTNkZjdjODI2OTZmMjE1ZGQ3NWQwZDYxODc4YTg1Yzk5ZTk4ODAyNWQzMGJhZmNiMDNiNGU4NDRhNTg4OGIMoxv056j/wbNVZt00ALYGFR+/5STcCzmdpccMwkRyb14aoz7iB4Zn9G0YBPHEUZY5z2A//bvM/pnRh+rhuncK', NULL, NULL, NULL, NULL, '1', '2017-10-13 20:04:00', NULL, '1'),
(1005, 1005, 'marc18f@gmail.com', 'VHeV06MBRosYRgVnptpg2eLlaJ-jCgJA', '6qN34f0OxkDnJibAfLV9oGZkNTgwMjYxYTRmNWVjYTVmNjIwMDI4NWM3MmU4ZjEwNjgxMDVlM2Y5NzI2MmY5ZTc1NGFkY2Y5YmRiN2Y0NGFMTJq8WuUDu0QmG5y2UinmS85GI18j32lwHTy7/FzRShVPBCNSIPQQECUExbam7EIMxKbCAInPPssNk47LOEUK', NULL, NULL, NULL, NULL, '1', '2017-10-14 11:35:00', NULL, '1'),
(1006, 1006, 'lanza-00z@hotmail.com', 'mwny8IIF0cKvPHAUbNKvmCov0CExKKWZ', 'qdiYU1nCvGlRMhI0kkILLjMxOGJhNjc3MGI3ZGQwNmE3NzExMzk4MjlhZjY3MWJiNTkxNmExYzc3NDAxNzg1Zjg0YTA2NDRlMmQ5YjZhNzDF7EjbhrqthEcqr1t8u+0aWsWan8otFvX3rXaCB0hIsqssZn7AGuPEwL+HuU/4k813ItBhnIGR/vunJ96QvzX5', NULL, NULL, NULL, NULL, '1', '2017-10-15 06:44:00', NULL, '1'),
(1007, 1007, 'nelpaman1@hotmail.com', 'd0cYY3XIvqNvNJX7UYbnuAGsHhShGrcs', 'MlYiBmObaNRC4rGnRpZXeDAwNDhlMjRhMzM3MTdlNjNmNzVjNWI1YjIyMmFiYjI5OTkyMjg3ODFiMzlkMzYyZWU5NTY4MjZlMDI3ZjFjZjFwHm5pNp1WKhXxcXKJPj6+fS5IkdQV8o7BlJ41D2d5kzkQSE8ag4sqi73bIsgPeexXuSc4IGJMgzxIRa6RxoVR', NULL, NULL, NULL, NULL, '1', '2017-10-17 10:28:00', NULL, '1'),
(1008, 1008, 'saryn_1994@hotmail.com', 'pEVcpVqacS0S5xKwmi-Lua1pGkdy7Kzn', '485Ji5g0zFbdg23s90XVaTQ0MjZiOGEyZmUzNjAwNzA4YjhiZWFkY2RmNDhiZjZlYTA1MTRlYWMzZWY0NTBkYWYxN2IyMWEzNTA5NDA4N2X1nsCMgYgNE2VX9oY/xlxyyWV6B496vsD7vAEbIahsdXH3SaXgu2ASn6mYMWcNBMVuXxAOwOnxLUfC37KhqP4l', NULL, NULL, NULL, NULL, '1', '2017-10-18 05:57:00', NULL, '1'),
(1009, 1009, 'idis_flaquita15@hotmail.com', '9kVAIRD4cw8ZdYkY8W30Jxw_PiJEJOgL', 'w8UyX6LEIsEXR1BO+S/UAjBiYTIxNzFlNDZhMjI0MzM0ODE3MmU4OGY4NWZmMzY3M2IzZTA3MjhiM2FmMWU5MWNkMTZmMTdmMWIzMWQwZTiC0U90ULhKeraoqkwT7Ycr3Zb0ycHunMSE7F9phyxc+huxGc2aqhHQbvDfAseY1j4/GaFRGh29Lv4maQRXFSKJ', NULL, NULL, NULL, NULL, '1', '2017-10-18 06:07:00', NULL, '1'),
(1010, 1010, 'princecinthya@hotmail.com', '5ELaGE4n5kVUz3o6lrtWDeGjve4I611i', 'Mn+SIJNsew3T9WGJbLg+CjVlNDNlOGUyMjE3Mzc3MTQ5ZjU3OWQ0MzkxOGE2NjRiYTZkMThiMzlhMTFhZmRkNzIzMTI3MGJjZTFmZmRiNTJEuS8i9BBl2FfPUxSBRF2g1wq2Fk4OnPak3XsBvAz12ubf2ShHCsjRCgxJyuSfVKLokXbksrigi2uoIamf4Mge', NULL, NULL, NULL, NULL, '1', '2017-10-24 02:02:00', NULL, '1'),
(1011, 1011, 'transeleksa@hotmail.com', '4tpx30MAlVjz1RFYI_TsADegrrpcVOkD', 'uWdqUJ66J/nQRlS40Wze/GQ4ZmNlYTM5ZDNlODY0YjQxMjQ5NjQ4YTlmYWJiMmNhNzA3N2FjMTNmYTNmMzM1ODMyYjYyZWQ2OTk2N2Q0MmV+JiVkWvPb7ZPc6X70JH7pze4y6qFwBSHw9nPZ/v7YCHf9WDoJy74KG//5+luoDsG4aVRcgKDQcQFQ5SL7Ml11', NULL, NULL, NULL, NULL, '1', '2017-10-24 15:47:00', NULL, '1'),
(1012, 1012, 'ximenaelivasquez@gmail.com', 'AnUoPduUPbYrNiCVO_QJv-UyjZJEZA2L', 'r31Wpd6xHZIH6ZtSB5HLWGRlYmQ4MjQyMmE5YmVhNGIwNTdmMGU2MWIyZTFlMjdjYzY5NzAyMzQzYWU0N2M3NWExYzlmNTdjNmVlNDY5NGMV8sE5/OZxG6rBm+8G0PBt0iuGhWBUxEBQWDIJDAjurzMwYSHD6+uE6mQEtcD7AYOsu04pZnn+JlMCkAALU6f7', NULL, NULL, NULL, NULL, '1', '2017-11-11 02:31:00', NULL, '1'),
(1013, 1013, 'aguilerajohanna@hotmail.es', 'rmyVxO3vGIN8FA8bny4YwFzCZ__DO-rG', '7JNEsG1JW2MksYwkF3qA0GFkYTlkZjcxNjgwOTI0MjIzNWYyY2EwYTEzODM3MzZkMzYxZmY4MjU4NTg4NzNhM2ExYWU2NTczMjJkNGRiMjj1YMUlJJieRR9g9+4pdXFemKHs2GvSDrHZSe01sYVExHPyeteyUOyyBh+rYnY1dcHEF1ILf8WAP9sPmfwoDBwY', NULL, NULL, NULL, NULL, '1', '2017-11-09 04:42:00', NULL, '1'),
(1014, 1014, 'rtorres-2401@hotmail.com', '8Zgc_0Gw_jj0pd76HpQc7qUR_4OEwBka', 'kOZLIoQ2PV7hXIFov/5RzzAzYWUwZjA4MTcwMWIxNWEzZTQ0YzA3ZWEyYWM3MDI1YmQ1NTBjODU3OTRkMmFhMjMyOTNhNjM0NDY0MzEzNjnKukRj+jlnpe/OpZM/kyQ5i00HV7AZZYfpVGpRnb6P2UtlEgwFJvS/bu6vVZ8HvgiAAfH3hMxVT+m3aOhG8DZ9', NULL, NULL, NULL, NULL, '1', '2018-05-11 07:54:00', NULL, '1'),
(1015, 1015, 'isabelita2192@hotmail.com', 'd2IUtRA4YDlq-Deo4oAm4dL2QswIiXuS', 'VmpgDRaLwESARyK617XN+zhlNTY3ZTQ3NGM2MmYzOGMyMDYwMzFmOTQ0MjAwMWExMGQ0NzIwZDViZWI1YTFkZmM3MmU4MmMyODdhYWIzMjW3mSjTk1C0P8G6pf0B8coMW0wfaH5F7CFBYec7sJ/4VW4p+YW+dP6oPnAmMujSnbjqmIDVGY/VrQjtRqjWOS7/', NULL, NULL, NULL, NULL, '1', '2017-11-26 11:15:00', NULL, '1'),
(1016, 1016, 'ivan.buri@republicneg.com', 'wfB-27OPaCQOzBcvJZM1VI12iYRS_jDg', 'lbYfNlDpDc6mYlUrqmNkbTgyODczN2Y3NzE3ZjM1ZDM3Y2Y0NzJjODMyNTViMDE0YTFmZWI0NmJjOTFlZjU3MDc2ZWEzZTRhYTViOWZjN2arpZ1AKYyXl4SZK2Xp8sxi3hh9sENRnq8t+EpLjdODxPp7KR67BLqlGrO65uz1gWYxOBKlfH4SBoUeyBvk3Sqg', NULL, NULL, NULL, NULL, '1', '2017-10-27 02:02:00', NULL, '1'),
(1017, 1017, 'maose2392@gmail.com', 'EEJdqnWbg6UGZfAXwdZzgGZl37ozcEpn', 'HAN9TNQExCr2UsoyHUOSWmQ4MjZiMDMzZjQzZTMxNzIwNzk3M2Y4NWYzMzkyOGY0NTFkNDczMDUxNjhjMTEwZThkY2ViYmE5OWI5NzMxZjPfoO3pNQUAOwbRyBViZQL40WPHqZdCUiXucUsgBs0zVA8E6TiQTk9rK9QbFyUUif7YxqzK1tXsOwrETmxBZVto', NULL, NULL, NULL, NULL, '1', '2017-11-08 08:16:00', NULL, '1'),
(1018, 1018, 'anaormaza97@hotmail.com', '8_3zjkFxQJBghv9y7ALcRg6BhIVF7sco', 'rQg0rK5NpAVmIuxKSnoKQmZlZjNjMzljNTYxNDY3NDYxOGRhNzkzNTVmY2NhNGE0ZTE5ODJiYWEwMDBhMmIyNTIzNjFiMmJkMzUzZTU5NDO4f5l0NsWh3GTyRJj0DGDHSBRZgRT6sHRD+RrqD3rXuoTVl8/3UlqKIU89HfMmyrvgGhcsBj+bjWmK/n0XVpUX', NULL, NULL, NULL, NULL, '1', '2017-11-07 12:03:00', NULL, '1'),
(1019, 1019, 'simbanatoalaj@gmail.com', '6P6c3jG4vRWdYZBc9wk5KwkGONe90i3v', 'k8xPxBA83PC+Jh2UqkyFSmI1MWIzZjZmMmVkMWY0MjhhOGQ2ZDViMzMwOTRjMDA0OGI3NmZhMWZiODk2ZDBkNjY0OGZjODRhNzUyYWVjNjI9ZDHiEJwBtL0UNEoroUxGrPmWnaNBDoSORgWfP+rtur5N29KCjW0jF4cHbCFFpw5gYYcqYfpK2utCCgk0q4hS', NULL, NULL, NULL, NULL, '1', '2017-11-29 06:02:00', NULL, '1'),
(1020, 1020, 'veronicaarrobo@hotmail.es', 'ebuHmOlk-zcPfWWrH_6njO3ZtvPoUtc1', 'JMpeSSh+P+ca2JOVGjmEs2I0MGRkODUzMzYwMTFjNWVkMTMwMzkzNDZmZGY5MDMyYWQyMmE5YjhjM2Y4NDMwMWJkZTNmZjNjNDY5OWVhMDV0I0CEeK7FwCbFj0jsXuUWY8ksuX1ecPijsFnU1dqxZ6/teVdfG1tPPidIBky1DdpdoZ6HkNnzjs7Gy3lu+xYm', NULL, NULL, NULL, NULL, '1', '2017-11-08 15:59:00', NULL, '1'),
(1021, 1021, 'necpasnelson@gmail.com', 'vmTG6iCL3iSaeRp20lGZmGChRzaw7-XT', 'Jtyu0UQDvHE0Dsm9V9eXnmMxOTEyNWE0NWE5YjQwZTk4NTJiOGIwODg1Y2Q5Y2M2MTc0YzM3MWNjZmE1MDM2MDY4MDllNWU5NTU1ZmExMjF9rVJ2864x8ZeRKdcFCf8TC41i9ZbOUdxfyV+VGmVjMJY3Zvz582Z/Hz3ilYP/CeRKlwR0XL9g4vGRy+LyamNx', NULL, NULL, NULL, NULL, '1', '2017-11-11 12:05:00', NULL, '1'),
(1022, 1022, 'josue_tobar@hotmail.com', 'dU_oH5mlAkTQxO2tO_X9c_b4XOav0d6r', 'dXv8YI3/3Jo1Y3wpWV+EazViNDViODFjNmEyZGIzZmU4OWM0Y2MxODhlODc0YjEyZDc1YTVlMDJlNDQ1MmE0NDA3YTk1MDMzOTA4ZjZiYWbHHqva7C8H47c61cyN3X3kDBRgMpqZbNlRoyb68Ov7Fo0lf76AdFLuN5xtqpAzNcYeG4L4T0Kmf5JfXdt6V4U0', NULL, NULL, NULL, NULL, '1', '2017-11-13 00:06:00', NULL, '1'),
(1023, 1023, 'pablocastro81@live.com', 'P-uskOhV2gF0iMOkhckxFv2RcaugYmDS', 'NKgq4I8AcnpqAtdgSseL+TRlNzE5NjQ5Nzk2NDY0NTFiMTJlNzA0NGNkMjM0MWVlYjdjZWUxMGEzNDEyN2Q1MWIxNTJhZjQ3MGJmZWU3YzjnhfXJugXpLovQzCHabZInOHBEBw7KNHVOrGGHSYPjgQFLtCnCZaYfxgTNFuh7mEVDPiUgTOannvzw2MnQ4rvH', NULL, NULL, NULL, NULL, '1', '2017-11-14 02:00:00', NULL, '1'),
(1024, 1024, 'cmt.marcello@hotmail.com', '2S7xNOzamsQbDo2Fxam92Rb5pmI4WrA4', 'BlTNNkZQjvXlpUNPRqFbUjk3ZmM3MzY3MGVjOGM4Yzc5MGVhN2U5NTI5NGM3NWZmNWQwNjhjZDIyNTRkOTVlYjNmNjdlYWE3NzIwMTExYmPNqPn53iAtWUJ0LCYx/62l7dgxqqRLr7h57zZPgiW7CBewIJFOnxqLRUtYlnIW8vbQRpMMhxBfX6Cn93itlFAe', NULL, NULL, NULL, NULL, '1', '2017-11-18 08:58:00', NULL, '1'),
(1025, 1025, 'gardebal@hotmail.com', 'DgwEMpHDesIk6GV3-HYehdyisiSEe5lG', 'ugtKXzSCr1hBjwsQMVR0J2NiNGVlNzZmYzFkZjMwMmU5N2FlZDQ0NzM3MDdhODBkZGE3OWIzNzJlOTBmODNmMWNmNzdkOTMzZGI5MGNhZWJ71cIoIJfo/jEUKPfXLEeJqkn0LJgGbstI/0eHaaT2tURXAvhY75YK0n7j1/jk7m1ovG/3HwsHn1hKMvnVHJIw', NULL, NULL, NULL, NULL, '1', '2017-11-20 00:59:00', NULL, '1'),
(1026, 1026, 'ricarlovi@hotmail.com', '8YoLbBjfhoXGoG_8jPQJTefj2blV36xp', 'h10KeDNWE4ei3JxAC2wfCzg0MzBmZWU4MDYwM2EwNzAxODU1ZmI3NzRjMTU1MjBiNTc5YzIwNDRlOTczMjU0NjQwZTdjOTA5MDRiOGVhOTDzz4h+292O7r4+QQmsScDcMOqr3Z5Vs4KleLvidk9ahA5s0amjEv8IbtiO0Oy96PoXlMy38dLPgg/vu51BuCs8', NULL, NULL, NULL, NULL, '1', '2017-12-05 00:20:00', NULL, '1'),
(1027, 1027, 'vero_noemi@outlook.com', 'EllFetVYLjjyqc7akw-KoQSfpdg9mh3T', 'h92wY3dAd3YmT8EyqtcFzmJmODI1ZGE3ZmYyNGRmOTRmNzIwNmI0YTI4M2M0OGNhMmJjNTM3NDNiNTE2M2M3YTYwNGJlZmU4YWYzYWQwYzmgbnU6Uwuv/JKtbQT7dLegW8K2MXTREBL3YrysTvqhN9E/JNKsDOfc+L+WDWLVjeuJ5g3iI/Lwv7M0wWuCwUV1', NULL, NULL, NULL, NULL, '1', '2017-11-29 09:53:00', NULL, '1'),
(1028, 1028, 'oskarmora79@gmail.com', 'toD60w4NCCeX72Jt0hsXFBXBLWIgYqTP', '1ZB9FQx17rAkxLxH42OzWzM3NjNhOGIxNjNiMDg2ZTMyMWU0ZmZjMTRlYmJjMDIwZDBjMDMzNjQ2NTYxNGMwMzg0MjkzOWYwNmNjYWU4ZGY1hKdvSb3C7vI8IAt8RSw5KcoZj1T7B6GEwx2g0ezpcy1KWMRTKHLK4w0ZT6e+HU9jAJqwJl77x9GgQ+UA8nDr', NULL, NULL, NULL, NULL, '1', '2017-11-24 06:44:00', NULL, '1'),
(1029, 1029, 'david1929@hotmail.com', 'AALLZI4cC4GNn0Yd7jNwpvBuKzX4gzpg', '#¿NOMBRE?', NULL, NULL, NULL, NULL, '1', '2018-01-04 10:29:00', NULL, '1'),
(1030, 1030, 'miljara0503@gmail.com', 'jaXWX71CHSpmwJAFXccZw3Ilq2fjO9PW', 'UI8mUipkgUKP4R8POQhewGU4OGY1YWQ0OGJjNjJjNzVlYjIwMDgxMzE5NzgzZTk0N2Y0ZWNjYTAyYmViMWU2ZWJkZjE5YWE2YjQ0ZWZhNGHcALwhHaip+HkN03Aqy/dEwYbfWFBQn3Zmc4oFfVGj+4DJU1qxyCsyOTjN01eKlzTuvUYhvHndGimiSEdX1K05', NULL, NULL, NULL, NULL, '1', '2018-07-20 07:20:00', NULL, '1'),
(1031, 1031, 'gaby.1302@live.com', 'um4VlVsctnKu_8c_8XtUcew1dTy0z0fw', 'd+ZBAzgv9byjWYsfF232Vjc1ZjExZWE2M2E0MzNhM2U5YjFkYzY1YWNiMTExOTMwOGJhZDY3ODY5MWRlYTg3YWRhMDAyNjU2ZDM0OTRjMzSUdOYn4KA4sEFxjzuehH5+eZpQ+YYKzgE8sOAFgzBrSm5IJ5M37WOCq8DbWOdsMMck/uM2WC+CnfuTVmiVjjGP', NULL, NULL, NULL, NULL, '1', '2018-01-06 03:52:00', NULL, '1'),
(1032, 1032, 'www.agapito@hotmail.com', 'DTNdRlAljQ1QIviKel5PNT295rODZxBR', 'bGk7fkuaFCHuyfyHYnRx1zQ5YTUzNmE2ZThkZGYxMjhjMmFjZDdhZTQ0ZDkxM2UwMmRmZGE0NDNmNDg0MTkwYTkyNzc2MzM0ZjA4MDNkYzjGJn2XkgQpLE+xArqmAycbSSgmd65X8F7z8DpaW9/fbPkjNgD2MHzok5IeegYkuO7C4JlLK15RoV4Jk627wR8N', NULL, NULL, NULL, NULL, '1', '2018-01-08 15:22:00', NULL, '1'),
(1033, 1033, 'luisiana-ajpc@hotmail.com', 'Gre0Qt-NfH2E3RqLyRUc4vHSoJnR3W3R', '6IxbO9i8N9ay9ljBr83dJjYwZTdiZWRiN2EzZWUwODVmOWViZmIzNGExYjJkZDY2MDNiZThjN2NlMDY2M2VmOTRjZjRkMTYyYjRiZTEzZDF5D8Vret/ZacLsT9w0+AmHX7TVljfZYKWLVws6PvdSsWYzcWoX1tpXe78r+jFCsYbZPnnNC92PXba5RNPrS8KM', NULL, NULL, NULL, NULL, '1', '2018-01-11 12:00:00', NULL, '1'),
(1034, 1034, 'renatta.andreafr@gmail.com', 'sgaKvZIX4-_-sl2Z0g9vl2vwomPSRwgC', 'CMVhwaAVa1kcwV1Cupd25WE2ZjNlNmEyMDdjMjU1OTBhMThmYWU1ZDI2ODJlNDIzNDc3ODdjZGY0Y2UyNWQ2MDUyOWNjY2EzNTlkZTVhYTNMiOKRUrVoY+x82YRu3lzIRXHblf+Smepez/EtwApyspNFFfbbUCWNsB7Iu1dKY5YJEUqqEB7pr+mhAjcpWSne', NULL, NULL, NULL, NULL, '1', '2018-01-13 00:47:00', NULL, '1'),
(1035, 1035, 'pamela.ordonez.carvajal@gmail.com', '0h_EVAtkVgOe0vhaXtdpOWtvBzWyiGC_', 'yifT0qjJLBfNpLFvR5hsuDM5MjU3ZGM4NDRmNTFiNDkzMjY5ZjcwMWU1ZDM0NWNlMTdhMDM1ZmM4YTQwZjVkZTRjNDAxOGNmNmY3MjUxZWTYJbEmAS4tkiQkNVoUGutBrLTgig1DH6jGmtCEViAkrqXAQUBpjanf7wvKeUoWxa0Yi/ljoI6fzDNWqqyy+F0X', NULL, NULL, NULL, NULL, '1', '2018-01-20 05:22:00', NULL, '1'),
(1036, 1036, 'idotatrinidad@hotmail.com', '5-dDE2O5mVFov9vO1sTzpHqZRDfBjwAP', 'gNPDYkD7xZkVhCvZC9LWPTAxNDcyYTllNmU0NjkwNzc1MzM3NDk3NzU0YzQyMWRkYTc3M2NmZGY3ZjI0MDJkZTE1MjBlZTI3NTI2YmMzMTW1wJeaoOjOU99GX6expddIJZV+AcqJY2oqU8JhXv4eAbNFEoYQtxXXoKyL7dajFqSJPtonkEcxMLzYUZPY2CJl', NULL, NULL, NULL, NULL, '1', '2018-02-20 06:30:00', NULL, '1'),
(1037, 1037, 'luisphanna@gmail.com', 'NhHY5bEOQm8PM4JpQJfmf4Y5G10u8N5t', '0+Bwce9weiiSL3PaTdlynTIzYTZlNDg4OTQzNjIyMTFlZmE5ZGFhOTE1NWUyOTFmYzhhNGU5MWVkZDU1MmY2YWRiYzYzZGQ5MDIxM2QwNjf2PUHVqXOg9vwMdEDpSZM9H/uxsDc4xYAxL4NyA/XAH2f42fLEkCMrQ35alNXDRzSoHuohxc2te2p3Y6EFIpEv', NULL, NULL, NULL, NULL, '1', '2018-01-18 00:57:00', NULL, '1'),
(1038, 1038, 'nico11_05@hotmail.com', 'tTJ7_OsVEDv-W4vPjNHXdIduhsuPafIW', 'OPXA59w6RIFr1IYDyDRNizJiODM4Y2MzMzAxNTE0MmZjODYxNWY4ZTAwMThkNzk0MTI4YWI5ODUwMjc2YjAxOGRlYWM4MDg4ODI2MWRiYjMN+TJWWB/r860ASnRIOmDFgQAyv/QU0MZPkTl5lvLITUm/dCl959UpVst1l5znNEmSTdNF6/uATxd+3wGarzDV', NULL, NULL, NULL, NULL, '1', '2018-01-23 11:19:00', NULL, '1'),
(1039, 1039, 'gaesalzr@gmail.com', 'LuFeHuwjxnfTSdRPJAP4Pf5LuRjUu885', '6Iv9Gz5sHugrhbGy3a+QNzE1OWEwNTk2ZDRhNzg1NGI1MzNmZmFmMjVhODYyZWVjYzZkNTY1NTU2ODg3ZWRiODQyZDcyZjEzNWI2NzY2NWSYHB7eirFaEF2XIz5fQ09FcJ7wHVE5V3ZzoZvDOmoJfjOujuHgKERcQFYIK4R+Osw7IrK8oO/OgigtA+PeFk2+', NULL, NULL, NULL, NULL, '1', '2018-01-26 13:56:00', NULL, '1'),
(1040, 1040, 'danielcastroh1989@gmail.com', 'dkcS98Ha_nMF4fmFjFUuY55yhMRpi0le', 'rVFb5O2AU9m7ULzq+I89dTVhZGY4OWE2YmI3NTM1ZDY5MjdjOGI5Y2NiYmZiN2Q5YmYyMTRjZTQzMzhkMjgyNGFhN2YxMDc1ODE4ZWU5ZTPzW295aeVq2Br0uNRXjPbCyjlJlEsj/TCMNUeW3+on8HU7H+Jsvh2yqMZ1ad4pkqaeHO2gUfkIxwnFJecqMDX7', NULL, NULL, NULL, NULL, '1', '2018-01-29 08:52:00', NULL, '1'),
(1041, 1041, 'maricela895@hotmail.com', 'guAvQRHERuF3Ttc89vCkLD5UoNUmSkrr', 'y71rTrfvgLpBTKUVhgIhfTJkNDBiYmU0NDNiYTliYWYzYWEzY2VmNmRiZDc0ZjdlN2Y5MzRlYzBmMzk5NTAxYTRkMDI1Y2ViNjExYTA0OWWZxZ7SbyILMwPYjwD05V5JH29pq74Fzf0hVbzv3TPyT94wQqeg6ijq0zrI7aDsc7oJtEx8+Ebt+i8cV6uYGzyz', NULL, NULL, NULL, NULL, '1', '2018-01-30 01:19:00', NULL, '1'),
(1042, 1042, 'ayvcevallos@gmail.com', 'ZTXiVdS3ct6TT7GFIZOFcOHnteNGDr8c', 'GBlOFpLHthv7ChHJjvwfA2M3N2JkNGU3MzMwMWQ1N2JhMDc0Njk0ZmJmOTU2ZmJiOTczMDVjODI0NjUxOGQxZjVhYTY1OWJlYWM1MWU2ODTy7Pq8cCXgJwDSu7tBsOT2Qr8Q6gco8KVIrpniMADm7HfEsTAgOX6ycjvfOHlExBUyU+NxTlrZOYb6DRvv3x2F', NULL, NULL, NULL, NULL, '1', '2018-01-31 06:44:00', NULL, '1'),
(1043, 1043, 'hernandelg.99@gmail.com', '3V0QG4wlptNBVZE8tcEjANtZUWp0W_9i', '3bpuTWam4GZ3xWAJTsUzMGY2ZjdlNDZmMjEwMzY3ZWY5NTNmNDQ0MjUxM2E1ZjA0YzU3OTQwOGE4MzQ3ODRiNjk3NWQyOWE0MmIzZWMxNDJf9YqMc3qs7j9Q/r8szxBK0jvv4LucbtY8z4sy1h/ZMhlX2K3NMUb/9hDs50L5jeGT7v70rozzbwwVh89W8WaI', NULL, NULL, NULL, NULL, '1', '2018-02-08 07:00:00', NULL, '1'),
(1044, 1044, 'miguelalfredo_10@hotmail.com', '9GlP8nqFBfXI0EQZxSu1DLVEfGViGR0c', 'IV/awTqHN5F+wf3paE4mozc0OTMwZTI1YWUxMjc3NjVkODE1MTRhOWNjMDI2YjkxNmVhM2QwMDE4NDA1OWM0ODU1YTcyOWYzNmRhYWVjM2MpSi1Mg0TFTLC9vjItnToqokPvucv7XUneD3VMiJjq6dUan70X4qWdF7CI8GNTVpk3AYolEt9qhsuySqzfNCnA', NULL, NULL, NULL, NULL, '1', '2018-02-10 12:24:00', NULL, '1'),
(1045, 1045, 'mayeliza89@hotmail.com', 'sI-qWx69QSGxjl1J3atw3FvDMB1F9aro', 'wi+7gKGNcepWJ/ZH1l+df2IxMWI3ZDM0M2I5OTBhN2QzMWNkN2Y3MTg4OTNjMGJiNjczNmJiNWYxNTM0YmNjNWY0MzFlYWU0YjJkYjBiY2TlNovmMW9kfi1jsxn8hj4VeRJzmo07sEcfdskH2f0UBPp389aObopbjWKG7PoWexNj5A9aUY0bg7Va8MjiEPEd', NULL, NULL, NULL, NULL, '1', '2018-06-13 04:34:00', NULL, '1'),
(1046, 1046, 'veritdsh@gmail.com', 'LvaIUSVMEUbRRDnnTLtIfb6YHwRCQ9QC', 'tjO+ZHTEWO9rXfaBUdimpTE1NjkwZjFkMmUwMDMxM2U1MDhmNTA4NjY0NTI1NzU5YTYzNTVhYjg4NmZhZjBlZjhkYTNkYWRjODUxNzZjMmbEOV9kmxk6ll6C9UeiHfA/f+XfXFkr/RQxj05TIJ00AgygL9cIafg9JbDkgFQ74uEkACXbJNtAlL4Ze2rUkJbh', NULL, NULL, NULL, NULL, '1', '2018-02-20 08:32:00', NULL, '1'),
(1047, 1047, 'mveraroca6@gmail.com', 'pkT8nUfl1K4A62HM09uXarl9XiUASn3C', 'sqLJ2EVTP8ENUcOewFCMDDUxMjA1YWZmMzZhNjdiNGE0YjYxYzUyNWRhNDU0MWUzZDNhYTczOWZlMjJhYzY4N2EyMDFhMzQ5ZjdiOTdlYjj5q4PAsPVqI+VJLhZU4HC+UZOYaBuQ5NVHiMl7ILakPUYuGPB2oZ66auBXn7ViphFacf6TSffc2guLEcUyLmfU', NULL, NULL, NULL, NULL, '1', '2018-02-16 06:19:00', NULL, '1'),
(1048, 1048, 'narcisacajamarca86@gmail.com', 'zqF3_nEojXLGwRTLRriIXuaUwDCA34Cv', 'NP+Jzhncxl+mnMfmFy7kvmMxYjAwODdlOTAyMmIzOTFkNzhjZGEyNDk1NTU0NzRkYWE3YWYxZTJjMTlhMTYzN2JjMjAyZGM4YTMzNmY1NTDiFnvnBdZc/nszHRy0Xd5VGk1H7RZpj5w85hVddhJaLdy5QHxQ6LMYC8B1oXh0FDeVIlOTGNE7Ho9+KoXPSZQb', NULL, NULL, NULL, NULL, '1', '2018-02-17 12:33:00', NULL, '1'),
(1049, 1049, 'bel_parraga@yahoo.com', 'FvNK6RxfMKhYOAVdPveXadKkWNYSbLIy', 'lo3WKSmHAQoVCMrZ43kqyDViNGE1ZTAzOTMzOTFiZTJkMWQ2MmRkMWJlMTA5Y2NjODE4MDllNjJiNTQ0ODA2OWFkM2NjYTQ0MDg5ZmU4MTDaCBkn4ppsCoVZA1xZgg1qRITemZSYgtARv127bDeWY6/FZvIHKUxZkNKnpBFU9kWnBk3AEgZuQAXG3/Ru9TTs', NULL, NULL, NULL, NULL, '1', '2018-02-20 03:01:00', NULL, '1'),
(1050, 1050, 'michachiriboga@gmail.com', 'puLZaLiP7f2TN4-qXovUQ_fay_7neaZq', 'jr3uq2ml7tnBRNpSU4zkvmU0ZTE4YjY2MDI5NzI2MDE4NDc3YTEwYWE0MTk4NDhmZGIxOGE0ZjUyNjQ5ODBmMjgyM2ZhMWQzODFmNTZhNjMhSaPiEWy4shxnFBJgfDBeXo2L427sR7KL8kK0eOk4RTkavAUBSryaNKtCqvNFmc7WFy9USINDNzfsGT9wDhLH', NULL, NULL, NULL, NULL, '1', '2018-03-06 01:31:00', NULL, '1'),
(1051, 1051, 'joseton17@hotmail.com', 'Eh6ncAfs9SVUizMFhWAkVJjDS3n1oaHE', 'lKwipKjb8C/3CaIKpPyVwmI5ZmJlMDBjOTIwMzE3MjJiYmE4M2JhM2ViYzU4YjgyMGRlYWZhZTJjNmRkNDg1ZTFiMTViNzRiZmU0YjhiZjVT+LR2YDHbqsn1NKTnUgZ21TpOn+XiOLJxFAu6MO9PFSxvWPQghxLSqske+Tw2K4XX0M5BuxmR48wx3GKM82mb', NULL, NULL, NULL, NULL, '1', '2018-02-20 09:51:00', NULL, '1'),
(1052, 1052, 'mikaelamacas29@gmail.com', '_THczZ4FyMTlbm6RrZ-FrSddaja6o5HX', 'SwAdXFS6eAstScoB3q6HoTY0NzhiNzE3NjVkODRlOTExMTBiZGJhN2ZmYjk1ZTE5NTlmNzM5NGFmMTY0MDI1MDg1ZTc2OTZjYTJkNDYwZWM6xpSuVXEqmQ7e3JgJjOvIIOt6aP3tAjeYFPrP8xhcTehcqvn5AOhLub76jdoIFH58BG7K8v4NZLBOaNFXwbz1', NULL, NULL, NULL, NULL, '1', '2018-02-23 01:32:00', NULL, '1'),
(1053, 1053, 'carlos.naranjoecheverria@gmail.com', 'YMOZTW0j9iipxWykdrTu-QH2FlmGEsJ1', 'uA5RU+Hn0VUVL8Yv7tg5BWNiMTVkZmI4YTI0NGNlOGZkOWExYjBjNGU1MmRjZTc2ZWQyMTg4NGZhOWU3NWVjNWQ1YzQ3ZDQ5YjliOTU4MjgAg5V/kRYuoqgo4Ee284u/1LZKZQei8yllJmqix7ZBrIlVtoeYn78JDlFykSxke+zsNKmPiJ5ntMqeyK9svNNC', NULL, NULL, NULL, NULL, '1', '2018-03-02 08:25:00', NULL, '1'),
(1054, 1054, 'dronquillo.frandimacsa@gmail.com', 'uVvNb6w7bLO4NHUlcRV80NQKOFI_-lU7', 'PVBR8lFI2cHnMnuXPQfTfzk2Y2IxNTI0MmMzNDBkODg4NDU3YjlmNzkwNzk4NzZlZTQ3ZjczM2U4YmEwZDY4YjI0ZTNlYWQ4Mjc4OThjM2VssTfGKv+l45Bk3iTg2rHUDNvS+X8jNYB6lGAoDDJ4Xu/N4MZUMUMtntYH20vTAcvthNKdpZj/WwjvihnlxcBS', NULL, NULL, NULL, NULL, '1', '2018-03-02 08:37:00', NULL, '1'),
(1055, 1055, 'vale84_dmm23@outlook.com', 'e245sfASlh2kMYORM1IV--VtYjA7Z82E', 'uSZb3dAGXL7o3UADXNZhRDA5ZGE4MjMwY2U1ZDY1MmMwMTBlZTRmOWZhNmVhZTkyZjE1NzViM2Y5MGIxZTZmMzY2MjM3ZGNjYmVkYWJkMzR0zNIxPkmucoV+vmHNFh8epgQd052ig0Sotr0ldr5l4hZyLEzSg9Bbjte+2+TNB2Ef1GIbfI76AfaItAsFXh7K', NULL, NULL, NULL, NULL, '1', '2018-03-05 13:40:00', NULL, '1'),
(1056, 1056, 'karlitaromero10052017@gmail.com', 'RS_KeH34t9Jhi_PtkEeWVG-3csVYV8LI', 'uCyna3z8xOztU02fD5bimDEyODI4NmMzYmUwYzU3YTNhMGExN2Q5NTFmODk2NGM3MjA2MjQxMDg5NDVmOGM0YjlmYWYxZTAzZjNmZmQ1ZDFBa0z79j/vcmRN5vZqRfrKesbz8tU1cHrKRW8T/PTnlDSxymiYDJHzoynLCgutAsImdbtNIP9UyisNbJJ53Yx6', NULL, NULL, NULL, NULL, '1', '2018-03-07 02:48:00', NULL, '1'),
(1057, 1057, 'josedamian_2012@hotmail.com', 'lU-1-OyZgjBPGL1xRmUPI2qjPalSOYrq', 'U3Iq5rBlldwX4hDgBn4iDGUxZWQ4NDQzZDFjYmIyYWEwMzVjNjZjMDBlNGZjOGQwYjllMWM4ZGFhYjk1OWQ1ZTA1NWU5NWM3YWE5MzAyNDGi0X5IVlbgrIxQorn4oWBk21st1vfCM5jeGzBukLj+crAUVcI0F2FQpjy3KXhu8HV1MyaNX4M6aVSpHFJrUikl', NULL, NULL, NULL, NULL, '1', '2018-04-20 10:33:00', NULL, '1'),
(1058, 1058, 'christymontalvanp@gmail.com', '_V-OQyrcPxhKtBXAmA__DoRIoaHuCGB7', 'AJEheuuK90dxOUVxEX2FVGE2NzQxMTAzMmUwMWZlMDJkNmI3OTc4ODhmNzYwNmIwYTY3MzMzZTI2MGY2ZDQxNDBjNjMxZDI3MjNlYjhhMzCoK7PVgvLpU5Q/1T/qr6YFD26ntojAq4mPbPeUxdn+l6EU8qKzElT7vlN8eR+6x0FHON7fqU751dsbH48PWJTc', NULL, NULL, NULL, NULL, '1', '2018-04-19 22:43:00', NULL, '1'),
(1059, 1059, 'astriki2@hotmail.com', '0WT78Yxplq7zMdls6YvALZwdxIAxhXdB', 'jKV9b3rLAoPWuqL12IAHOGM5NWM3MWNiYjk5NTYzNjE2M2FiYjU4MzFjZTM3OGE4MjJjYTc3Njc2NmI3YTdhNzMyZmYyODgwODM2YmNhNGW3369crb1xoRUG99Az1NgNTMYLiep0mScujNPDxLCnAhn5A7Hc8VdkLQCt9PFCMPwQIdIe9oEa/1zibH91e7Is', NULL, NULL, NULL, NULL, '1', '2018-03-09 03:31:00', NULL, '1'),
(1060, 1060, 'chinitafernandez@yahoo.es', 'cWBM-IYRU3z1Eb-qNWU6eD5LpIevyLZV', 'NCjJWcq7kitacjsJO7iYq2VhMDhhMGUxMGMyZGE3MzMyZTlkZDA1OTdiNGM2Y2YwMDMyMmI5OTNjYmViMTY2ZDNiYzg1NWVkMjQ2OWE4ODGXKM0Uddub4L8/WBqMQi9qWFjMSDRbhZSf6xVOfrbtQD0oILf/qs96oK1T+dohieOOrNsbyOWUJDiiPbVVUjgq', NULL, NULL, NULL, NULL, '1', '2018-03-09 06:37:00', NULL, '1'),
(1061, 1061, 'ingridcv_88@hotmail.com', 'RvU8zku1C8Dw-5ZqCpH7dsg77ru6WRmw', '4Uk5aSupbNIwMK5lbH3DKjI2YWZlZmMxMjRmNzkyZmFkZTk0MDZkYTkxOTg2NDcxN2QyYzU1YmIxZDVhZjY5YzY4MDRkYzVlNDk4Y2EwZDEU7GyD9cFWWbXxf9EqhpJuqV1MjM8NQCD9HgjcCxHZz+DeHrh1c3Q70s8oPeYmbmPANwWmZZHFfbODZg+zivZi', NULL, NULL, NULL, NULL, '1', '2018-04-26 02:13:00', NULL, '1'),
(1062, 1062, 'israel.loorsoria@hotmail.com', 'dFnIB7Vwb7husCN2uHo6xZEFNyiBM9Wr', 'rSjg0NRkArQ9FZKdjhgGb2RhYzBjMjk4NDQ5NzEwMGQyMjQzM2ViYzAxOWQyZmI0NzNmMzVkMGYwZDI1YTQzNmQxZWRiY2U2ZDBiN2Y1MmESudcME5P54IiTyRJBNDZtqAABqqQp0uQyMnkaSMnRLauLL5G8zjH3o0LgXYMjdDf0jeML++jYAlFO0UwpWlUm', NULL, NULL, NULL, NULL, '1', '2018-03-09 13:02:00', NULL, '1'),
(1063, 1063, 'elenakarolina@hotmail.com', 'nmSt4ituchNCNl8QPEVdrhsqflIfm0SG', 'liK/ujxj0icFB1H+FV80bGUyMTUyMGU5MTNjOGEzZWYzOTk1MzNiM2ZkYWI0ZmU5MjQwZWI5YmU0ZDJlNmIzMjJmZTdlNTM5OTBiNmFiYWGxpnhFNbLGq56S05GTWRwo67DcTZHSm5pYQCFEHyRRiGashAVfvdV9B+CTus9HLXChfKddJD/mMWPjkasQhgLP', NULL, NULL, NULL, NULL, '1', '2018-03-11 04:45:00', NULL, '1'),
(1064, 1064, 'karlaycarlos49@gmail.com', 'RhU73FMoSnYDPKs03C8b7mXwTpiqNkJg', 'YTNK04rNeGT4aVGXAPe0rzEzZWNjZDA1N2JjZDViM2IyNTU1OWU3ODFmNzQ4MWQ2ZWU3ZGIwM2M2OWI4ZWFkZWQzZDU2YWNmYmUyMzhjNzP9g6/cn5JR+Q1MJqBc74ORU3dC0GAOexzM6aNKA5ecUO/3/FNi+SVutOnXNHfPqtEVg9jlYwFBriFMcbYi0yc6', NULL, NULL, NULL, NULL, '1', '2018-07-25 11:04:00', NULL, '1'),
(1065, 1065, 'majito2104@hotmail.com', '5ZklsZRayKgbXq2LV1X8X6kCdEIDG0nK', 'MuT1JnCtLtszIF17Y1ehcmUxYTFmNmY0NDdiNzZkZGI2NTVjMWQ5MmZmOTMxZWNjNTBhNWM1OWJmZjZiMTUzMzM3ZDFjNjQzNzY0YTU0ZTDTBm7oL1i6rTsyypvxlr86Kz1gqSbSAVWuZNTLiAyvS4CyOuKq9XQ6HU87FZVrgqqfIQTVjyztx2/t+Bpgk5IX', NULL, NULL, NULL, NULL, '1', '2018-03-12 13:07:00', NULL, '1'),
(1066, 1066, 'lukarito.labo@gmail.com', '_coua4KON9HMOSoxVuDKBWM5ebAgnEpL', 'iETXDej1vrP/wCXLQpDQ/TE3MDIzZGYwZmM2NzlmZDI0ZmE5YTc2YzY0NmU5YTc2YzZmM2Y4YWMwN2MyMTAzMTQwMTk4ODFlNDY3ZTU3Y2FOCQaXBOt/AYjkdZtvgghPrkeZkJrjPQeXbyn9XR6sWdC++W9/vguckmOX0dBmzvlpGKR/va/e+/k7pvCZOOZR', NULL, NULL, NULL, NULL, '1', '2018-03-13 03:47:00', NULL, '1'),
(1067, 1067, 'scja17714@gmail.com', 'aAM3idxyawbHgN8tpmRNjZt_B03BTAxW', 'mLB7Fj+V5MnYbehAIADplWMzYWI4N2NmZTBkNzhmY2E1YzZlOTVlY2IwNDRiM2IwZjA2N2UyYjI4MTViZTgwMmQ1Njk0ZWI1MzAxOTc4NzAWzXoeYvntfspQGV2EqmeOiSIbXvLZSVFFcaxVaBXFinyBF4QrpCnCGnk0FwM+7TbyJ1iIrIY6RPqkt/hEm/WG', NULL, NULL, NULL, NULL, '1', '2018-03-14 01:42:00', NULL, '1'),
(1068, 1068, 'ljsornoza4@gmail.com', 'LUDDTLbKgdVtJo6kL-41b44YAwsviwAV', 'lJFTFnZDytZ3Mk/m3/ehezMxZWE1ZTkwNDQyMzdlY2Q4ZjJjZjNhMTMxNWNkZjA1ZTc5YTAwOTVkMzlmMTBiNmRhMDhhMDA5NTQxODk4NzdKcT832Cfrhx18n0PZx7MMGs8p+ysauSIp6FwJnY+PnJjqMcwg6EewdjJsdLXNVpbrI7EdTvszzsNKcd6luRMx', NULL, NULL, NULL, NULL, '1', '2018-03-14 02:21:00', NULL, '1'),
(1069, 1069, 'jzambranolozano@gmail.com', 'Qwi4snmZWkjfXrUiQyeLFCZvff8d1a9x', 'DUU8vksxtNRdyl6zi7LqGWE5ODA0ZGQwNTE1ZmZkMTY1ZDM1MTMyNDNiZTRlMDI0MzI3ZWIzZjc1NTRmYjE2ZDEwNWM0NDQxZjc2MjM2NmT5S6xPQy9Jp3EaP/2YgmAImyhL+lQ+lJpg4O+vLIiMhTZ+APx8dDJINGgzRGXJTpqA1Jhag9H9KY75me0r2roE', NULL, NULL, NULL, NULL, '1', '2018-03-15 00:45:00', NULL, '1'),
(1070, 1070, 'steven_nugra14@outlook.com', 'hk3vXCPBtMOPz6e8Sb6DWL6qk_fL1y1W', 'Hya+PIUlWTzo10RF2cJtoDk5ZjdjNGZjMzBjZDEzYTgwYjlhMDRiYmQ0YWE4Yzg0ZWJiZDgwODk3YmFlZDc2ZGEyYzIwMjk0MjkyMDZmOGWOPABYi4tvgEYDpyXRFixl2qHiuixhb1kdlWR5AbTmKvqcXjijGByWJnl6Hn93/MdWqDbYMtwTOMTKx4Zobg34', NULL, NULL, NULL, NULL, '1', '2018-03-15 11:14:00', NULL, '1'),
(1071, 1071, 'e_alarcon_lamota88@hotmail.com', 'KfhcgisXsJqtAo8p-nAnnrrn6GwFza6p', 'v+vFBoP+vpIxV+ufvYEeXjI1ZjJiYTFkNmE1YzdiYTk3ZGZmNjFhNThkYzA0MDUzNjI0YTkwODQ3ODUxN2U4ZTIwOGMyOTZhYjg1YTM4ZDTAEVzMbv0TE/T893zEz6tTBc0lHDV2eqGTcMkpriyPbVRc3FXIroCQmuaJOfUrZFp3B5xeRR6s7qB5bTrZoU6Z', NULL, NULL, NULL, NULL, '1', '2018-03-15 22:42:00', NULL, '1'),
(1072, 1072, 'loreeliza43@hotmail.com', 'RbhnL9tV6ATi_tmAGPB7QYDlPa5xwRe0', '2muSXZBRcfHj5JIrhouvLGYzMjA1NGQ0NDE5MGMwN2ViNjI4NmU4ZmNmMmU2OGEzOGVhMWUwMmRjYWIwYjA2YWExNjBjMzBhNzM0ZTZhYTdrygx18s9ouPQmSzpRaVL1NvnPcTM7dohESKTTOPXSl13QkQc/Uq5BJVgGgXV32Z4nw8WxRI1SFvhXE8BdlEaT', NULL, NULL, NULL, NULL, '1', '2018-03-16 03:27:00', NULL, '1'),
(1073, 1073, 'correaoswaldo@hotmail.com', 'GyWvC0mnJquygtBpns48Ny7JRc3G3HXv', '9DLOpnOHBH+8LOra+ipai2NkZTE5NjcxOTRiZWU3N2Q1NzUwMWY5MWE1ZTRjOGQzMjQ2NzFlMmE5MGYxOTA4YWUzM2JjN2YwOTczYTc0NzdcSsrZtnDb24wSLB1RkkBVxwyKwEQMKqLIiXevZp0aXbJiprxB9wJFtSEoV67mJ250ZvY5SqFOb4RjIv8IFJcH', NULL, NULL, NULL, NULL, '1', '2018-03-16 09:29:00', NULL, '1'),
(1074, 1074, 'toalariel@gmail.com', 'KQNEB_lnTPMmBAxenPujV_zEZq7RHGaJ', '8hafuigE9lvzS5H322k+YTcxYjgwZWRjYjYzYjg3MzllMDU5MDE5ZDZlMDc2ZGI5MjVhNWJiMGQ1MDgxNjY2Y2ExNmIyMmQwMzQxZDYyNGXkz2cBQ4iv0MXGUQJtgjVUXvL1xnO9OSIigAnms38o66NLmsbRsCM/AAZTQaysXlSC/KZpuJQV3LJlz6jRKJKG', NULL, NULL, NULL, NULL, '1', '2018-03-16 10:47:00', NULL, '1'),
(1075, 1075, 'jalvarezlema@yahoo.com', '18p0fNlTBoaVTy8M3Dh8GlpEIrIqYMue', 'KvKkcHHR1XVlcMYQW0Z0CzQwMDdjMjNjZjRiMGMzMDQ3MzYxOTQyZGNmNTU1MGRiNWY4ODQyODA1NDUxMTgzNGU2ZmM2YzExYzc1M2Y3NjRM55DQsDappjkEqkGqaja4wv9v4pm29u09rql1lmwKRO/jsOD2rIiR06J5teqei6ILRkWj7uOEvzpPvFLB2Iqo', NULL, NULL, NULL, NULL, '1', '2018-03-16 12:38:00', NULL, '1'),
(1076, 1076, 'ramirobriones777@hotmail.com', 'T9Ez0YRshjWpboOevdyAGSy5-8wpm4Q1', 'zT04B76XDUMRxOyA4Z+7a2YwYzk1OTAxMmI0OGU5NmI0OGQ3YTg3MmZhOGU3YWVmMWI2ZDI4OWNjZmE5ZDg2MTA3NTIwMWQyODA1ZmU5NTA95S5o65mToNEsa30WijRwHtKcJnQKySTXP2YdSvY3fKg5dmNWGPeN44z1V6w6DarZNqNeqFtTa0IIKTdjYx7V', NULL, NULL, NULL, NULL, '1', '2018-03-17 03:36:00', NULL, '1'),
(1077, 1077, 'adelita_10@hotmail.es', '5hBFH8ikEE2yCvLOrpMWtHVS_btz71vm', 'Rf8N5jGHLSIwTsqRZ+W752U3N2EwNjU2ZDg2NDRmYjhhNGE1MTM0NjE0OWI4MmNmMDBiM2NjYmM0ODE1NDkyOTAwZDc4YTc4NGY1OTEzZWL5c0J/vCqfMQi5w5L/5virDOKhzv4Jbc3Ev80eHJ4DbmH52lGL1aUuIeNPxWSBGBkA0nEtmzvyK3sbXs/bUQzQ', NULL, NULL, NULL, NULL, '1', '2018-03-17 03:39:00', NULL, '1'),
(1078, 1078, 'shinodaboyd@hotmail.com', 'Dt4_0Jb9dEbC3NwSeIo22S8HsAftyu8A', 'z1QXtNMxJ+6DgGHdjkEOdTk2NDYwY2M1ZDA3M2ZjY2Q5MGMwNjk4Mzc2NGVhMzJmNTRmYTE2MjBjNWIyZDYxYTYyNDYzMjc0NDVhNWE2OGOAU7hcp/9chIFJUSUKPaeytTH70KJhKBNIrG0Gy2Omo9AeyGMl+Cx6QMZWdIdORvriSo2LaIcOa99zJmanOhY3', NULL, NULL, NULL, NULL, '1', '2018-03-17 09:26:00', NULL, '1'),
(1079, 1079, 'leoazul_82@hotmail.com', 'Wb76FewJ12c5N0AcbhUhd9eQ4g7sd9tt', '4cdul3FslpNVJN8MFFitLDY0YTliNGNjMDVlMDRjODhiODgwOWZkNGRiZjEyMGQ1MDU1ODZmMjdjZjBlNGU1Y2Y0Y2FiYWQ3MTZiOWUzMzTxCuMhUDjVPcY9mquNUTqkbG95lYAioG09MogeRMKOey1pOHBqDQNN1hDIiLpPID6TPrk9yRH/RblZ61Pe5m88', NULL, NULL, NULL, NULL, '1', '2018-03-19 10:32:00', NULL, '1'),
(1080, 1080, 'carolina.allan18@gmail.com', 'mDNWrvunKTv8Qft3Drp8Aqctva_OldI2', 'Hu7PePcxjenNYYeM67khJGZlNjBiYzQ3ZjVkZjA3MTA0M2ZlYzVmOWI4NWZlNjEwNzg3OWM2ODRkY2EwODdiN2JlNGJmYjMwNGRhODhiZDfKfGLNugRmDmV0n/qYZSNijnF9ZuJmUMrSD1HUoCXQGd+njaSi7xbya1nOVXNW/ek7vDG8HYHCMR6AY+yN4apA', NULL, NULL, NULL, NULL, '1', '2018-03-21 05:05:00', NULL, '1'),
(1081, 1081, 'jordy20172017@gmail.com', 'J5tzH3pP0J6iIxGS1qS501_jzeRbMEU0', 'oQ8PpePbCGNERy1PoHxKADI1MTkzN2I1MGNjNTQxOGUzYmRhYzkwNzMxNDAwMDBiZThlOGFiNzI4NzkwMmIyMjZmYWYwNDNkNjEwNWE4ZTLQARfn2y+KS5ke5v7XQJ1Xv3C1unTjCWlSom03OQI6Hgt0vYV9oZeYMJogFn5/UqWIZaJIUebLN0BD11SyZew7', NULL, NULL, NULL, NULL, '1', '2018-03-21 23:49:00', NULL, '1'),
(1082, 1082, 'kathelitz@gmail.com', 'n0ILowgs5431dfcMx_1Fa8zGicW-TOTe', 'hp2QUvvziVq6sEclb14r7WM3YzY5MDM5NGI3NGUyNzYzNGUzODhhYTFiZWJlYTFiYTQ1N2E4YzI0MTdmZTJkZTczYzNjYWRkNWFjOWJjYzip3WR+NDeibEQD6CrxuvlXp+0q91GIolZrox094f5dBzrNLnQ78uzlJ4TvWTYAFeSzPISXjMlcoa1fzY5jpChd', NULL, NULL, NULL, NULL, '1', '2018-03-22 07:37:00', NULL, '1'),
(1083, 1083, 'dome.stephania23@gmail.com', 'tGHshfcl2QA7CZNmqv-bW4DxTHXKYzvU', 'hiIf+wqE8HA8YnBB4i/bh2FhMGJhZDI5ZjFlY2NlOTg4NDE5ZjkwZTMyYjJhYTI1MjkyMGQ3NDA0ODE5ZGI3N2MwYWFiMzcyMWRmMGFkN2Eqd7IyR51aAWRtiFyoo5yEL8U+X05lfciacctXZo7UfuMq2JIpaIfEpF+lb+iP7b+UU2E5abrhaQ4Q2B9QrgB7', NULL, NULL, NULL, NULL, '1', '2018-03-22 10:12:00', NULL, '1'),
(1084, 1084, 'jrvago18@hotmail.com', 'T2LfiJ6wj-x__L9QDe6vHXkYyE7CF5s9', 'MO+RivxqVzVmLfYRHX6lNzQxNTNhODdlYWI4NGYzZWM2N2FlYzY5YmVlYTkxZjIyNGJkYTE3ZDdkNDM0MjI5ODYzZDA1M2Q4ZTBiYmVmNWX8rd2nsN2rMJ/0QlkPXgVXo4ipUPdb1pKkkkVGZ8aXOVEUqwYBDW/dS5W4xqNpXHFQ+hC90tb98ck9/czYhFMb', NULL, NULL, NULL, NULL, '1', '2018-04-06 09:19:00', NULL, '1'),
(1085, 1085, 'karie-karie@hotmail.com', 'pwNV7YyMVmpMeKjYzSI2d7Yjm0V0XSMR', '/9rE/uo/m8MElsJ5qj8nE2NiZDVkNDI5ZDhhMmE0MmQ5YjA0ODBjNDUwZjBmYWE3ZjIwNzJjZGM3NDBmMDlkYWFiMzkzYTc4YmEyMzlhZGNtelFHcLwUC2HmThl0UZI4bZ1S0CHXnXaVt0hhT6oipQAlhSxWlJnH0TxRZg/BeRmgg+agzEsKlDyWhrbjs4G5', NULL, NULL, NULL, NULL, '1', '2018-04-21 08:34:00', NULL, '1'),
(1086, 1086, 'gregory_kinchi@hotmail.com', 'OEwkdC5unRp0xLp_JL823WX1MyrePoFc', 'K/jxU5T2SsYNMrFknUntsDI5NWQ5NTQwOTJhMjYwZWFmMDQxNmM3MGNjZmE3MmViMjgzYzA4NzM2ZDZiNTgwZDE5ZjM3ZWI5NDA1MDU0NDZIP2KAAYXcbBbmhvCgB3X/qlQcnsfynCu59W3H1bnkF6j0su4sOH63CzHvJMPwJfaLNpbh1jyZhAlwNfcOBcTA', NULL, NULL, NULL, NULL, '1', '2018-03-27 09:45:00', NULL, '1'),
(1087, 1087, 'reyes19merchan@gmail.com', 'vzxhsAAZmf6_gCzyz5MyM1QJDfRtUfz2', '7KnykUwxy+GKPmoLkA0uxzM4OWVmZWQ4Mjk3NDNiZTY2YjNmYjIwNmMyZWMxMDFjNjQ4NzkyODg2YmZmMWU2MmFlZWM3N2Y2Nzk5OTBiODVt9EKH+bToXZl0jUxdG/dtCmafODX1uR6vTqrdorvhNuEqxM1/WtnCeg6AE1JC4Qo69fI5bXxI3YF7vRmBpNHF', NULL, NULL, NULL, NULL, '1', '2018-04-03 05:30:00', NULL, '1'),
(1088, 1088, 'irisphermenejildo1996@gmail.com', 'hKcaB0Hf26gVPc7AnKUQDi-prtguLBJw', '0RTRQgbyPfb3xh6kUfbkX2JkMGMxYzFiYTdlNDA0MzQ1OGYxNzcxNzA5ZGRjNGRhNWU4MzlhNmJiZDNlMTc0NDEzOTk2ZWI0ZmRkNGJmMDhbq3yBIWmUioCaFS6wZZidSt2I2+5RDOVKX7FFsAClxdxRIYvCGXjnEijEwPmBRl02L1i748pDANtsjHWiJTj1', NULL, NULL, NULL, NULL, '1', '2018-03-29 02:10:00', NULL, '1'),
(1089, 1089, 'cinthya8915@hotmail.com', '4bpMU3qDg8er3BWeFt2aw4g419aBmgh8', 'Vrw+G9qTxpYBmA3UaR1JjDU4Yjk3NDExNzJlOWVhYWVhYzkxNTNiZWNlMDMwMDYwNmM1NGQ1MGM3NDY5M2JjYWE5YmQ4NDViNjhlOGUyZmR47MYm8enDP9IQHPDPWsQBFggPHnHfeRbAIEW66ogixOrVK/Pp04mceHyKI+N9fslxdN2W5n6Um8S57eCORtz7', NULL, NULL, NULL, NULL, '1', '2018-03-30 02:56:00', NULL, '1'),
(1090, 1090, 'tomasgomezayala@gmail.com', 'KeXUwQzn_qaq1c46Grtjzsjp8tSn76Ps', 'gycZ6SLNv+3xegEqlcR5PDg0NDRlMDQ2NGJlNzA0NDdlOTNlNmQ1NjExNzc2NmIxNjNhODE5M2EzNDAzZGIxYjlmM2UxMTFmOTEwM2QxYTgwzmgL8q8/5nINb8P5WiAQ3o+qVTAFCZy/xQAqXWl0SAdpcC40RcFpj6c8mjxFaQXmX+Hf3WnnT5qJZAy00JLZ', NULL, NULL, NULL, NULL, '1', '2018-03-30 03:55:00', NULL, '1'),
(1091, 1091, 'jcocab@outlook.com', 'ltk35uUPocxZ__Xh0UoePaz2g1VusAEh', '8bJBCCgXy6ITTRB/Vv/zRjExM2E2NjI4OGY4NDVlYzJhOGM2ZWViODc1N2RiNGNiNjM4YTg3OTJmNDI0Mzc4ODExMTcxMjUxZmViYjc5MzjXckG7dW7LSdmgoWKDtejX3SVC6DacZx0it7htNMXivGi/K0DgFdy1pKV1o+Sc0DdLeRKIIp4Dt3A4UyN2ly7v', NULL, NULL, NULL, NULL, '1', '2018-03-30 14:33:00', NULL, '1'),
(1092, 1092, 'mildred1986@hotmail.es', '6By1IzkjvG22bcA_V-Yw9q-330zDGvQb', 'ea4nnQVJODWpjWoxOM6EtGMyMjczOGY1ZTY5ODRhN2JmNjcyZjVmMGQ1MGIyZGZhNDI5YWY5MWMyOTY2MWVmYzJhYjU4YTAxMTEwMjkyMDIiioXUB2nDOf6C31aWq4+YWQ5ofyQnk+1PX10q8MA9Vw0c85bSsTMhtX6BjXcEyhy0rDwEa9sfdl7GpygaToah', NULL, NULL, NULL, NULL, '1', '2018-04-12 13:24:00', NULL, '1'),
(1093, 1093, 'dario2223@hotmail.com', 'pftEGu2mM6iWSIGC1M9_tSVEPYc8iVVC', 'adUrbIysBYdCPTmmAycmPDZjMjg3MWI5ZjgxNzgwMmUzMTU5NWQxNjFiNDE2YjQ0YWMxMGQ1MGExYzRmNjY5OGJhNTI4MmNjMjM5OWMyOTlQF9/8P94ZKieMRgmRPhumfi4XHA4xPD1DwA/4iTQWSHozYrSmV5HaMDG+2SZH5LV6u6qB9LspPAKWTzn4g4CK', NULL, NULL, NULL, NULL, '1', '2018-03-31 11:34:00', NULL, '1'),
(1094, 1094, 'jennifersamuraix25@gmail.com', 'x6BMtte_ivMcUdqTCrb5gs28yxYUumko', 'iLdafBsMDVLk3nlh+G59sWU4N2MzOTBhNjkwMjg3ZGVkYTA2MjFiNTliMjU4N2MzNTVmMTU3NDc0OTkxOTc0MjY1YzBmMmQzMmE1ODdkZDg6mh68OoX/DRNhUxRUbPwH5p+Ndl/a3SxLcTXQePm4jY1tQCrlAZMGA3JruADsEV0xT2sODtOi1gJSlR1bB/QQ', NULL, NULL, NULL, NULL, '1', '2018-06-04 12:28:00', NULL, '1'),
(1095, 1095, 'meli_4572@hotmail.com', '3JmZFWMGLN95HJMnQ1XVaNuDUvgikxoO', 't5spDbyeNMAth8r5eYkRHWUwOGI3NjIzNTZhYzRhYWI0ZWVjOWZmZTJkYzVkMzJlOTQ4M2YyMjIwNDVkYjIxOWM1ODlhZDYwZjc5NjcwYzO1ilNzZjYhShikyBGxh5qM7lF4UMyfJl4sszorTmyX9MIuzeYsQVyxpWggo0D4fQxRJgTkbHC4fclNPgicjeWe', NULL, NULL, NULL, NULL, '1', '2018-04-03 07:51:00', NULL, '1'),
(1096, 1096, 'haroldtorres_1713@hotmail.com', 'UC6l2igNoJj6LKv-_jzwR634-LkfP3Eh', 'idoc1QI93VElF8dgfYAm5jY0MGZmMmNhMTg1MGNhMTg5ZDBmMDA3OTNkMDBmMGVjNDcwNjk1ODQyOGM1NTI5ZDhiYzc2MGE2OWI3ZGRjNmS27u0fP3zscdXrN3bdUK5cFzefdeDgKU9SehBLXDKQj9f9Oqyovpyp2qfmSv3bTuC+WkwjMq/B9VL6KUd5HpSR', NULL, NULL, NULL, NULL, '1', '2018-04-13 07:38:00', NULL, '1'),
(1097, 1097, 'anjoada24@outlook.com', 'yGuzwBuQQZklx6zXRRZGWrBV59njGQaE', 'dn1vM1qEfPjRQ3HLMbb7ETgxZjE2ZTYwMjkwMDljZmFkOWM5NWRlYzIwYzI1NTYzNjllNGRkMDFjNWE5NjJhYjg0OWY0MWM5ZGY1MTQxZmaRRnBIET0HfnAtFucPCvjZWzFRypuKe2iQQf6RIXvNRQtpJ5OXsbLp2dWvCIrBlaA2PCmJkYiq6duDb60e19kU', NULL, NULL, NULL, NULL, '1', '2018-07-16 12:30:00', NULL, '1'),
(1098, 1098, 'juanquinaluisa50@gmail.com', 'S6TpALukqeo_xc8nAbBC8gaRKnWh63h8', 'F8E+7OVyn+YjjT6RA67szzY5MDM3ZGVjNTk3YTRkZDRhZDQ3OTQ4YTliMzFjZDhkMmE5MDlhZmNkZDI1NjIwODgxMTY1ZDBkZmIwYTJkM2Mkhy8YxJ1DussbyGyb78iVdLRekYQqFxAOSIEtUPKE48cvsKQodFm2F777luZ0diKB2fHsnUj9o3ebh8e3xXF5', NULL, NULL, NULL, NULL, '1', '2018-04-05 13:54:00', NULL, '1'),
(1099, 1099, 'cachorritachone@hotmail.com', '6RbWr__kZCNrS5uF5N2RsQ3B-AESvh-7', '7+6v300hdqeKBUeRjS8FNzhlOWY1OGQwZmZiMTIzYjY0YWEyNzg5NmYzZmEzMzM5YjgxMzI1NWM0YzljMWRlNGY2MTVjY2MzZmY5ZjMxM2XXJrnjfreHC4UvKd4A/9fDq2c+/dGNpZBJ9kw2+T35L1o9Rheoe9Yorv1mto78VBqWbfWrab7cBCSvBQ10WbQA', NULL, NULL, NULL, NULL, '1', '2018-04-06 05:34:00', NULL, '1'),
(1100, 1100, 'raulfloresmoreira@gmail.com', 'FaguZHBnpI03-OL19ngPWt6vTW3WnmOJ', 'VzY4ymnzw1FKp94buN/OeTE4NTg5NDg1YWYyMTRkNjkxZjA0YmYzZGZhYTMwNWMyN2MwMGVhNzg3NjcxNmM3N2JjNjczMzU1MWZhYjQzMzfPrCwGUUFUrGCXchcSd8+zHybTdqMuU3TI75GvHgjIkQtB6Dda1AdkAGAcy1hCsa+hk02/yas5eC198TKjd4qd', NULL, NULL, NULL, NULL, '1', '2018-04-06 07:12:00', NULL, '1'),
(1101, 1101, 'baquenarcisa16@gmail.com', 'xexAKaKhm7sdglYXNLSkCv2Mvi8a2Gy2', '8Vs/bfT+rjfwTWlHzNeabjNiNWM1MGNiYTE2MzVjNTZjY2EzMzlhM2VlNjQ5NjYxOTk3MmM1MjhlYzNmZjgyODBhNWZkN2Q0ODQwM2UzZWNvnxQedITrL88tsNUalYFCJnWjqwMkc5JvdBlgVsnQgF6Eee4qDihcL1TZfAyLkk3b8r8MOQ/uxG+uLqx7svpi', NULL, NULL, NULL, NULL, '1', '2018-04-07 04:56:00', NULL, '1'),
(1102, 1102, 'nicolletroccoly@hotmail.com', 'HNkd8t91Tfpn0uk2Ga7VclcUksb0Ql8t', 'L5lweZ8DtA++99xLsFzMVWQ5YmMwNzE3MmQzNzMwZWRiNTVlMWJmNDI2ZTRjYWNmMmYzZjIxNDg3NzZkZDU4OGU3Y2ViYTM0NzMyYTNlNDaR8WWzBl18DmqEwgySKFsJfIftrz8rx8i9rsGcswgGy5kzHD87xQ5M9JjOhm3YulXmXqYTfUEs4CX/2tv1LElc', NULL, NULL, NULL, NULL, '1', '2018-04-07 10:07:00', NULL, '1'),
(1103, 1103, 'renelagirlcastellanos@gmail.com', 'OiiGbgq1Wob_bTuJk-IJFjg9i7WMDTwH', 'YfsHpPpH0gKf3zZUcBVMTzg4MTk4YTA2ZTA5OGQxYzYyNTczNTM1NGFlMjJlMGYwYTMxZTFiMDBhNjE2MzQxMzBmZDBhZTNjMGE2OGUwMzkIpK+8JdnOVU08lNE56mbCbi/m/8N+/iEIOX5loDbm+7Sr5ZqL34QP0DFpvNP+H0gZzPD+QwuCcEXxgaB13eIV', NULL, NULL, NULL, NULL, '1', '2018-04-08 05:52:00', NULL, '1'),
(1104, 1104, 'stevenmuoz86@hotmail.com', 'M5fBxto30y6W3aIrahBl4ZnOt8o6LEDw', 'lz/bSDIwxPUckFrfJtKARTI2YjRiYzNiNDUyZjNlZTVkZTU1ZDdjNGFiODMyNTUwNGE3YTdhNzBhMTUwZjVlMGE4M2EyMDdjYjZjNzMyM2b6JoTVwZjyHwZCOjtEwDI7zGS2pKf98brrtEk+iw45QUQje4rNEd6qWivcoSY0q5hzs8HvTlNWfy8+9U08Xsff', NULL, NULL, NULL, NULL, '1', '2018-04-09 03:50:00', NULL, '1'),
(1105, 1105, 'candycaramelo1980@hotmail.com', 'MYunNXoCp71O_mJL6sQHEoz_NQfDJf6B', 'xzLpn8noBL1dWfghZCGCLDhkYmE5NWM2NTVlZmIzNDhmMGUyMjUzODQ1MmJkN2UwZjI0YzBjNDhhZTM5NTFkNGVkMGY5MmExYzQ5OTg0MmKKRFg5rT4YeQlznd3gAZq3fX0usBe10GLEBY25Ja/EMyPkYCfsUur1DINQO0pACXxqFtQ8a3BxfSocSGaGkyPA', NULL, NULL, NULL, NULL, '1', '2018-04-10 02:43:00', NULL, '1'),
(1106, 1106, 'edisoncoxe@gmail.com', 'SnRZfkN-zRzZOYxzs0_gd5C75Dhsm_tH', 'LrkF423BnFhQ6Txy39bZnDgxOTg5MzE4MzRlNzVmZWJhMjUyNzRlOTUzMjAwNjkyOWVlNThmZDk4ODE2MWQ0NjU1NmQ4NjBjYzgyZDVhYTTEf+/ENSfX4xO6rmyrHQIQP6CkZYgWVcLiVh5zXgrlHCwyX3gwRGbo3hUcpx+R/4PGBuU1xcH9nOUZ0+t05SBK', NULL, NULL, NULL, NULL, '1', '2018-04-10 09:50:00', NULL, '1'),
(1107, 1107, 'trinidad.cedenio.78@gmail.com', 's3PxVluPyCH7LTltEgz9fV0zIplgCDuA', '5pGIBH3RiKFopbDmW1fRUzJiMmE4MjgxMmU5Njk0YTM2ZDgzMDJlYmRhM2EwN2IzN2FmNGZmMmJhZDg3ZTE4MTZiOGYxZmJkMTcwMDAwMjG/AuyJLqLoxDXc4HJ6YY7a4AWX7meDYzTE7PTf2KYFTeJoZ3RlFg0PO7r9wE9thfsspOQIQ3tSgAsxD/9wVlOH', NULL, NULL, NULL, NULL, '1', '2018-04-10 13:30:00', NULL, '1'),
(1108, 1108, 'sebastianmacias77@hotmail.com', 'OM3WUIysksKLyh0UYA-wF0fXZZpfAzkH', 'UJdI5PESGbtfUF+zNXiR2WI3MWM2NjA5MDM4YWFjZTlmMzkwMzMzNzdlZDY5MWE2ZGU3MzQ1YWJhZGExYmU4YTEwMTNmZDNlZjI2NDBiM2M+0z/qBsB746BlwSdBY31jKPXS4s4SuN49zRw2Riq5pHYpsq0qgkrIwUOnlUfg3HWRiLkvY76171/qlTpitoC7', NULL, NULL, NULL, NULL, '1', '2018-04-11 02:48:00', NULL, '1'),
(1109, 1109, 'israelandradeg@hotmail.com', 'WiQMmtmiAUs5P4ApzvGO5WDVMwOGnPjB', 'HPq55VQFEruubkKOJc9mAGU5MDZkMTJiOTNmY2Y5MmE3Yzc1YzRlMjk5YzEwNDc4NWRiYTc5MjYyYjI1YTQ0NjJkNDljNTA2ZDRkMWY0ZjT3fnniAq1YOLxPofsj//fFHzn9AuHZnGuelFWYxjO6RIJnmzd0UPE85DhRdXQx0qV1zPk08ls61Iy1PqTwsO55', NULL, NULL, NULL, NULL, '1', '2018-04-11 04:34:00', NULL, '1'),
(1110, 1110, 'jazminquito_1999@hotmail.com', 'bWCNzVafxHX_NdL1ZNKEChAEfWgPM53-', 'tZjzUnRjG42eFoJtov0ZtTg5NDBmMDg3MmY2Zjk4ZmI3OWQ5NGVlMWM0NDAzZTU4ODdkMjIzNDBlNTc3YTEzOWE4MzAxYmFlM2EyODY1YjnWLHYhAc0TzrP+z9cAbGiaH5X6COu+rYH8W4DzZFMmwZdEMupQd9bDdGz2Y6ZQjZGoeeAmrYRuwM/19RO3jAC6', NULL, NULL, NULL, NULL, '1', '2018-04-13 03:56:00', NULL, '1'),
(1111, 1111, 'k_s_smebaby@outlook.com', 'hrPnU3KZ8NKZT7VWh4XOimQ33U4_jpdU', 'p4GkuqPLcoUm+GdWgWCdMDg3ZjZjMjJjOTc2NDliYzQwOThlMmQwY2FiOTY5ZTEyODcxYjU2NmRhNGRhZjJkMDE4MDMwMjJjZmZkMGNlZTJYsBJ325VqLx1oDfmAs8igMN6OH6zbOTRwIvH8Re3uezL9vf5aX2bMBq4JCmCn+aeitbmPxOdaal9/ALwoMZLq', NULL, NULL, NULL, NULL, '1', '2018-04-12 02:58:00', NULL, '1'),
(1112, 1112, 'virusrossy@hotmail.com', 'NrF_XEr3Wdf3CcY7LzIbi-gAsZdxuhXP', '7xrUCkx9yLlZwkAZsJrK1TA2MTRjMDhlNGM0MTU3YmE3NWRkNWNkZDQwNmY1MDFmNDNjYzMwNGMxZjZiMzRhMTFkN2UwMjlkMGY0NGRhYzEBq5xVfq3FgU7ZsTJd7+7zX0T2OLC1i1lSo1ANLo7pgCeWaeDkKR5Aqgs7FT/SIMDFCJ2ESq24RQyLWLzn+fxG', NULL, NULL, NULL, NULL, '1', '2018-04-12 06:15:00', NULL, '1'),
(1113, 1113, 'quitui83@gmail.com', 'Q09eF0Se-1l9-o-Kcr4dRBGTyHUu-W4T', 'pRMrP2viJ4WIHm2nnVNfMzA0NzViNzJiMDRkNzJiZDhlMDAzMTVkMWFmNjU5ZTY0OGRkYzg5ZWRkZWEzZGMxNWNmYzJjMzUyNDA2ZmM3MjiNytAYx05tbgsYA5yWkLnQmEefnschv/w6NMXKpAF3oOyqhztNv3nolHj6JphOSl6WiRAZZPBHgGWHmoqD6zxk', NULL, NULL, NULL, NULL, '1', '2018-04-13 04:02:00', NULL, '1'),
(1114, 1114, 'nathy_josth@hotmail.com', 'mGRTD2gbuFTUCdSvo8TkEsoqtUADiA_j', 'b+EI/WORCzQbQAy3+Vtka2JhNjU1MmU5YWQwMjAyZTg0MWFiZDI1MmEzODQ4ZjMwOWI1ZjZmNTlkYjQ2NDZiNDdlNTRjZTZlMmE1NTcyZGEh257R87gKH5ig0abwI2BEAbT/HA/VJSOq4hdsCV5ooll9YuKu7ew+RdE7L0+L3f9zbDGwCqJXV0I9RFF/RE8b', NULL, NULL, NULL, NULL, '1', '2018-04-13 05:20:00', NULL, '1'),
(1115, 1115, 'pgutierrez@cuenca.gob.ec', 'XLnMcBNdLEO_F0I5VbwQTszSyChCp88C', 'L0qPoyFMChM7GM4iZQpKzGM0YzE5MjVkNjNhYjczNDQ1NTM2OWU2ZjFkOTUyYmM1MzFjYjQ1YTM2ODBjNzMxZjYwNjEwYmExYWJmYjcwOTEYRSo9k32HGL7hOKTng7rnbyuJuRFVrqH13zMAoFBSDsc+CPr/YqOqNDhjYSY/KEfJ/1yddkb5W1F3PKde2f+n', NULL, NULL, NULL, NULL, '1', '2018-04-13 08:58:00', NULL, '1'),
(1116, 1116, 'wilyfer33@yahoo.es', 'xWklwMvxlvk9ijfh2PLlt4KV0z7E1zap', 'nSDnOYpbFm8IcFHKv0xzeGI3MjlkZmY0ODM4NGFiNTNjY2Q5MDIyODYxYzRmYzgwMzQxNDY1YWE3OTU1NjU1MGQ1OTg5MTk5NTAwNjcyOWPomJc8hPDFQ6iekgrxxI6pLPxDYS8oHibNq6Ud4Lp5Q9+ksAWJxAKsVJyxtL0fe+ciooTndNWBy/JcaE52UPwC', NULL, NULL, NULL, NULL, '1', '2018-04-14 03:05:00', NULL, '1'),
(1117, 1117, 'andreaarreguialvarado@outlook.es', 'YRvyXvpNfWwJEhWbMvF4Q-kIVnNSFkX-', 'Q9mpZgx4JoQi8Z9rqVUd0TA2NWJlM2ZlYmY3ZTJmZmM5NGI2MzQ2ZTdhOGM1MWQ3ZjU2ZThhNDhjZjFlYWU5YTE0Zjk5MGY2YWE3MDAxZDg1S62ixRWy/oH0uls+P8L+T8FNntIpLrhDef5asBdHu+aCeeIbPVfWHoFEjx3knrHCkw09zTl6wDeOfHqbgHaC', NULL, NULL, NULL, NULL, '1', '2018-04-18 05:28:00', NULL, '1'),
(1118, 1118, 'lif0317@hotmail.com', 'hlzMAG3lPHtM_V15CuDcJudxU-ryxXcc', 'siZuz8491vBIkF4tfIlrZTVmZWYwYTVlYTVjMGIxOGViNzJkMGE0ZmEyMmNmOGNkMWQ1NzE2ZWI4NmNlY2Y4Nzg5Y2U0ZmFlZmFiMDkyM2bJUeA8X+NOGcxEuICCVOJSsHUV7qjQrTM+A5E3MolsJnKurIur1RA1o6w9VbQPBr97RSeHIz9FbHCRfoJPadd6', NULL, NULL, NULL, NULL, '1', '2018-04-18 09:20:00', NULL, '1'),
(1119, 1119, 'w_illy84@hotmail.com', 'ww7hPaXpql0Nv-3QlWXn5758XixOjDO9', 'IlnjvGHyUeo65vpYM9EsCjcxMDBhZGRmMzU3NGI4ZGY5M2QxY2M0ODM2MmUxZjU1ZjdkM2Q5ODk2MzVlNGM1YWY0NTgzMjM0NTg3ZWE3MmY+PMjNN2t1KCDDlT7D4tYEJPcUQeZlqxNBpKSC++Y6aP9Qc0WI567exhkOs4B9gCNS/04gthdXiOlMJo3DNp6E', NULL, NULL, NULL, NULL, '1', '2018-04-18 09:50:00', NULL, '1'),
(1120, 1120, 'solartejair@gmail.com', 'xeWJHXxkYd36bEl5lThLf1cNge2B5nRT', 'sZ6Tqn3tQFe49R6Wjg208TMyMWEyYmNhODFiZGRjMzlkMmRkOTExMWIzZDI0ZTQ0ZWM2MjNmZTAwOWI2YTY4NmFjMzc1NzI4MWVlMzc2MWajoFCCYdQdw6jCRaLO75hEP67mgYbU2ksXPI5gK8GZyvBhsSih9IrPQeakKOmA0orRLFFTdtY+qQxO7N6DVS/p', NULL, NULL, NULL, NULL, '1', '2018-04-18 10:01:00', NULL, '1'),
(1121, 1121, 'jennyave85@hotmail.com', 'ATWSt39XhQaC3ZbompCD7DGWZL6AK4JR', 'Hjp5xvtcocMXsbPa+Ub7tmYyNjQyNmRlYjBmMGQwNDA4MzVkN2NjOGZjZTNmZTEzMmJjMzA4YTMzMjA1YjJiZjM4ZjE5MzBhZGJlYTUwNDb3jcGqAEZYC8wm55wSa/lfewqxWwj2gLu1RDbtKtykczpT7xq4+cBbySvqqY1l+TaIjuZgBknELKcoHJDVrZDg', NULL, NULL, NULL, NULL, '1', '2018-04-19 06:16:00', NULL, '1'),
(1122, 1122, 'nixon_erick_cede50@outlook.es', 'oVrn_jx8ZR-Ga9WFEWubdolhmtcnXn4L', 'VFgP2akaJCzhCcMiX+E92Dk1ZTlmNDEwODFhODJkYTQ1Zjk5ZjZkOGZhNDdhN2YwZjkxYTgzYjg3YzU3ZmUzZTZiOTk1NjBhZmRkMWYzOWE5xEAzcjfclYi/9PwjcIf2UqgQuxg0ecxcVSnBEfiz7MCl0dqjGZfzvbepPh5BRfvLTbx3WX3JhCil3b3Nfnt0', NULL, NULL, NULL, NULL, '1', '2018-04-21 04:14:00', NULL, '1'),
(1123, 1123, 'pttyvl@gmail.com', 's8TjgzI2geuNAaj5XQyj4OAYxyotO-5f', 'cDvWMjkL/+Da8Vohxyb4eGRjNDZiNjI1NjkzYjRkMDIzYWM5NGVkZWZiOWZjYmIzMmVhZTFmMDhkZDk5YmQ5MmEzMTdiMzFkODY1OGVkMDQL70ADAnADtz7x9g5DQIUSLxJlDjo4mgFq2iXqYtt3fzazI4X7hhmNzLgoztZi2yzCM5ekU/WM1EZXx4LPKQgE', NULL, NULL, NULL, NULL, '1', '2018-05-04 06:32:00', NULL, '1'),
(1124, 1124, 'andreselfantasma1@gmail.com', 'qQN7HRLnkfYC3XK8dLyEo0EQjPG0dAn0', 'c76qNSPpBcn41bcvJfYU9jE2YWRjNWE5NzUyYTQ3ODEzMzI5ZjI2NjNhNGUwYmFjOGExZDhlOThiMDYyM2FlOGQ2NWFmY2VkYmRjNGJkZTV+/NYanpfmMUHFyZiv4chScPoOMie5CBTok7d3tp+gQI9g9YGxzqjVhtl4uNdLnMocGAXOO2xJeWG1OlwuVGr7', NULL, NULL, NULL, NULL, '1', '2018-04-25 12:39:00', NULL, '1'),
(1125, 1125, 'carolinaelizabeth144@gmail.com', 'bnQZlF3zYkc2g4GdMB7sI7Zm0uZhRYsL', 'Ua6qF8rVZ17/9rBvAZSWdzBlYTM2MjRkOGUwYmMwZTY1OGFiYjc1YTRhNGM5OWIwOWU3MDFkM2EwMDUxZDRkZjZjMDJiNjhkNGY4YzNkOTGfVRRWxTBVfwa8V0X3WwL+BXNNqxlHUeXAsooBhNIIqCHA44E+in/KC6qtG+YQfU8t3xARQB0XJl4Kmhdqw2Yv', NULL, NULL, NULL, NULL, '1', '2018-04-27 07:24:00', NULL, '1'),
(1126, 1126, 'alex_salva2010@hotmail.com', 'UJGKghb7q-tWvM_XpNhHhLnjXdWw62Rr', 'GIn+6IWeEHzyHE6kd1HaEjVhMzY3ODE0MWM5YjQxZmYxYmNiMGY3NmEwOGY1NzQ2ODE4YmU3NzFlMWQ0YzhiM2U4ZTU4MjJkMTkyMTVhZTZSdRg+hJg4KEMSQN2ZTuFH14xy8+QfDZx0RLHtewvrbxwkPAXHMyM/2cdWEk63pqzOC+uNAqstyyyGYwYr7TM+', NULL, NULL, NULL, NULL, '1', '2018-04-28 04:25:00', NULL, '1'),
(1127, 1127, 'gla_aviles@hotmail.com', 'ohpHlngLPqSeIMQtI8mg5WEcdoB3c7YG', 'qRDRNpNf4nmBBPJgKUkliGIxODMxNjM2OGJhNjk4N2M0MGFkODdjYWIyODM0OTcxNjcyZmQzZWU3YjRkMzc1NzhjYTQzN2RlM2ZiZmMyNzYaiRQBlPU61Fui2GtpLe6+eZPHbT0tULxHbqdqt6Rj4Qt3S38LA95+GQrIaN7Cw49EEf+V6YqIrrBnHauP2k3h', NULL, NULL, NULL, NULL, '1', '2018-05-03 07:41:00', NULL, '1'),
(1128, 1128, 'morenobrithany@hotmail.com', 'xU_vYdoFvCtvb4dplmOuU5L9GW3IeoQH', 'gEvJicybacuwLexmSoANxDRlYTljYTA4NWU1ZDRjNjU1YmUxYTI1MWU0M2JiOWY2MzllNzRiZDdmZGZmMDM2MjE2NzFlN2ZmMTBiMGFlYjaY5xJPZghQ/BMVtUL4xzvpDr0PlLAS8/+cL3JKVx7Q0SDOL7nmemYG+alFPNASjLqGcBCvIZdQontCBYc3peP0', NULL, NULL, NULL, NULL, '1', '2018-07-01 03:04:00', NULL, '1'),
(1129, 1129, 'jorgepazminosotomayor@gmail.com', 'lhzlV8tugpAOaLaz-RwnVHGLFRyGVd2s', 'sW6w/o+31nigDnflHSTSXGEyNzI5M2Q5MzM1NDNkMjU3ZjA2ZGZmZmJlZDBmNWM3NWFlYWNkNjEzNDFmMmY4Y2M5NDU4Zjg5MGE4OTZjMDQ3hi7kMmTmr4d4O8pgJoKn/+gp215vFtaa6vXyhllSKYWsOsgLi2qJetH0R49GY73xfcBPIwsITfZpJW9MQQtz', NULL, NULL, NULL, NULL, '1', '2018-05-05 02:00:00', NULL, '1'),
(1130, 1130, 'jenny.j.fernandez.l@gmail.com', 'wGI7okSPXhww3HNopykRzG6rZ59YKbhW', 'hgIsNdNDQ10J/wdlB4QBFzI1ZmVjYWY3MGQ1OWNkM2RjY2I5NDg3YzU2ZDg3MWRkZDhkMTRlYmRmOGI2ODE2NDMwM2M2ZmYzODU5YWRlOTcfOigcHkj/SN+UTcarqvb4VFtSuRqbj3XdB27Mos5ZiDmJUgRGxtlenrUkqnx+euscdwe593MGn4a9NzClkjNs', NULL, NULL, NULL, NULL, '1', '2018-05-05 02:25:00', NULL, '1'),
(1131, 1131, 'ssuanm_13@hotmail.es', 'j7R38wYcealQueodvFocFVP7UfyQVPuD', 'wD7np8absnGgaf8GEBOn/mZhYTc3NDIwYTM0NWQ4OGFmM2FhYTllOWY1MzM3MDVlNGVkNWM3YzUzMTczZjg2MjViMTM1MDYyMzdkYTFhYTFKSoNjSuuZo3UBSuBDgDAJcxhwUDg8twZykh6DYteATBcm+/RV1jqJWT8QufUD8Ch6J8eVkpI4UbC61OH8to6s', NULL, NULL, NULL, NULL, '1', '2018-05-08 09:52:00', NULL, '1'),
(1132, 1132, 'geovanny_auria@hotmail.com', 'EZRPdp2Tp9x-0YJBTijSqbbFQ-W-tiEG', '0EjQ/qXERSP7SL2EtKUkMGMwZDI1MjJkZGQwZTUwMTBlZWI1NjE2ZWNjMTg4YTIwMzU1Njc0MzM1MzAwMTQ4NDVmNjFmNTFjY2UyZjI2ZDUan54bVm3uX7jJTBjcW35BZNorKThP0VuVBp0oq5jU/7wZ6l0d7TH/KJ5NKnH+T+AZNVhnlnqx7gXT6qnajUOz', NULL, NULL, NULL, NULL, '1', '2018-05-29 00:28:00', NULL, '1'),
(1133, 1133, 'mautj-100@hotmail.com', 'jrqCtP0YFgWXlOtVV6tlQgIl963AHtux', 'LffelLa/iTR5SlzjEjKat2I4ZmQzZGIxYjMzNzJiZDg2ZGVhMjQ0ZjkyN2U0ZDcxZGEyYzlkMDg3MDA0YzI2ODAwNjU4Y2Y5ZWY2YzdlYWHdRa6B7jcUlaJIbEYUozyWQZNPdZENuruDLpvra/ouIfpRuDKdOVJkcL/LwA2ipYOKhntWr4uqKdeIJWNKN0/Y', NULL, NULL, NULL, NULL, '1', '2018-06-10 03:55:00', NULL, '1'),
(1134, 1134, 'jessypao23_1988@hotmail.com', 'WfObFwLrzZMJo0y7bjp5MPGatsoFEsdM', 'ezMqf0U3rMCqU8qfaLi9gWViYTk0NzJkZTYyNTBkOWQ5NzU4YjM4ZjU0ZDc5NzdlNmYyOGYxOTZiMDA1YmJkMjg5ODNhMzI5MjI4YWI5N2VXNt+xlEjKj57FrJFuUiodaL9RsHYPGLsyd7Kzg7jU5IBimiUhYpViKm8S/W1KOPwcuWAWgvMOLmXk4ucuNTH0', NULL, NULL, NULL, NULL, '1', '2018-05-16 05:51:00', NULL, '1'),
(1135, 1135, 'freiremaritza@hotmail.com', 'i0R0IzrXfQe2GqVb6wlDmITZONzLzV9-', 'j3DPFIZ1LIKvAUHBIJ9l+WRlYjhhNzFiMjc5NTAzNDIyODVlNWEwNDAxZGRkNTNiNjFkMDBhMDJiMDhhYTExMzk5NjZlMmI4ZDE5YTM2NmWI7Ff478RNaagOBpUz4cwdC8Fbz+zjtw7I35zkATftBE2UMMpe3YkUC3WQIfMGeutImjAXE20mmnepXBoomAoT', NULL, NULL, NULL, NULL, '1', '2018-05-17 09:40:00', NULL, '1'),
(1136, 1136, 'johnsalavarria2321@gmail.com', '31iJ0I506Ed19uIlyfwW5nxwZIVUXxjM', 'cwI2eN7Kvd2XCdZ9RIMI/TNjYWEzZGFmNzI2ZDU3OGE1MThjZmUwYzY2YTRmNTVhODUwNWFlMjZjYmI5YWUxYmY5Y2RlMGVlMWJlY2M0ZDC7w7KwoCxGYXt4SlaCjP9E3sC0ZDrK7Zb4x44XzgtdiwVVkhtWiT05pghl17s/tgmNnlplCeTfxwhGBjC0uScZ', NULL, NULL, NULL, NULL, '1', '2018-05-19 07:09:00', NULL, '1'),
(1137, 1137, 'gmkelly.kjg@gmail.com', 'BjAKhw3I5kyPBdFn7u470J6TJX3CmmwC', 'S5cm3gIGKu+3jJGQwImWrGE1YzVhMTFmOThmNzQ5MTNmOTUzZTc2OWY5YzJkNzZhMTEwZTg1ZDhlMDA1M2QzMzMyY2JmZTc2MzljOTgwMzFhcJTrqdaCrOBbpCykZoJ1ssWRsxrFNW/hiZqXNIc49701ecg1tII+kLIe0GAfIsI/6Mey3Dk/ggf/e0X8kw7I', NULL, NULL, NULL, NULL, '1', '2018-05-24 05:31:00', NULL, '1'),
(1138, 1138, 'vacs1179@gmail.com', '4VuNPLZ1Mb9J8KDh08xvBkejyvbzgpib', 'SAdmRjphE8eYPIMW5Vs8gDFhOTE3ZDA0ZTBhYWQwMzliYWQyM2JjMzE0YjU1YjdjZDc1MzI3NWVhZjE3OTM4NTg1ZThiZGQ5MDdhYjIzMDi0iqAE5NP8fikBDrVZWHkn/4efVZKruqo290ORwbSc2uQ3UNzW16KgxKR/XYEP2bQrn/nocPDbMmkj0CmstZVU', NULL, NULL, NULL, NULL, '1', '2018-05-29 05:19:00', NULL, '1'),
(1139, 1139, 'jona_punk69@hotmail.com', 'XYfAHlGLNSVS1PRGB__5SAeKQI5EqxbA', 'rAvGM5NSHb08hUXSGa95IDgxOGZkMmE1MTk4N2JhNTE1MWVmYTQ3NzlmZTk3Y2MxNThmZTlmY2JmYjI2MDVjYTNhNTkyYTY0MjU1ZmRiMzEESsWem/MHj/+u8W+NW+8ZnpSKH1o2YrUNDongWqAxWhR4Ymws2/OiGxrHVExQ86se9vM58BEaEH0OKAfE/Cmp', NULL, NULL, NULL, NULL, '1', '2018-05-30 10:18:00', NULL, '1'),
(1140, 1140, 'fabiansayo2912@hotmail.com', 'gBSKsY7LCAZQjVKbLIjKTSuopp58Nuzq', 'u6cJMlh8XG5Ze27fAxkoEzUyMjZmZDhlMmViOTUxYTU1Nzk2NTI4MmRlNDE3NjRjZjZiMmI4NzVlMzJmYjM5ZTVhYTNlOWQxNzY5YmI5NjERZv0dM70/KUIX8Bu6BHZAHBMz6eArybUJxDaThTwKsWxPe+2nis+tIzljeXJ0SSspfozTkjUP3r3TlASSFa+H', NULL, NULL, NULL, NULL, '1', '2018-05-31 01:36:00', NULL, '1'),
(1141, 1141, 'zaccida86@hotmail.com', 'wJBucsvR_aaWWOmGq9Q_FAbD97jRt0FB', 'hQbSvTi8/dJohsCeGlrGNDg3OTNhYzY3ZjQ4YzkzOTJmZTA5NzA3Zjk4MTRlYTIwMTVhMmFhNzk4NWQ3MjgyMzU2ZWFlOWQxZDA5ZmE3OTIEIXbglFwSNvs4p/fZlPf6YK5Vkh9ljqWdd/ob0+r4rWIaeAPayAqouhQhH1Bd4dq+OEFcjfuGJm14OXZAJbNR', NULL, NULL, NULL, NULL, '1', '2018-06-01 08:14:00', NULL, '1'),
(1142, 1142, 'nancympj197474@gmail.com', 'uXl56if2AiMe2jkZ1ziBtMj-t2xvqPPP', 'o5yCJdO+r45Lhg4T2KHL+jk0NmEzMWQ0NDQwYThlODcyZTk2NTYxNjBmNmUzZjczMzk2NjU4MGZlZTNjNTE4NDM1NDM2MDM2NzIzZTFiODPY/TVy8aN5ps8+ntvKOGECwHipsQAVnpave1IFFp/WGSRY+cyqF0ln5LmYwxREK71OqUVVgzKpNpJhHFbbxxf0', NULL, NULL, NULL, NULL, '1', '2018-06-27 10:16:00', NULL, '1'),
(1143, 1143, 'catherine1990@outlook.es', 'CoyyqbJ7pC-x0mKr0WHfyondQQu9-yyK', 'lsVW1lJhtGVU6be7BQrdpjllZDc1ZWY3YTdhZDgzM2ZhZGE1MjZjN2RhMmQyMTNkM2MzZmVlMDI0NGUzYjdjYjJjNTkzNmQ4ZTRjZmI1YzM9le5RTzXB1cq9vWtAt26yUqkdmjuUb/YmrNv2O6aLzfJ1WwqOkFoA3neYcrQ0gj5K8WweO2DdwRayTTqlhR64', NULL, NULL, NULL, NULL, '1', '2018-06-01 04:53:00', NULL, '1'),
(1144, 1144, 'ruiz16387@gmail.com', 'IpDQvtGT9z7yy6AsUWtALAao8P5APlBd', '#¿NOMBRE?', NULL, NULL, NULL, NULL, '1', '2018-06-01 06:21:00', NULL, '1'),
(1145, 1145, 'auquilla-angel@hotmail.com', 'YHrH7TBaTvYmf-o_-un4ND013HI5C4_v', 'DsCvpeyoN6RKKD/kqOuHeWQzNzE5MWI4OTM0NTBiNTFjY2QzOTFmZTllY2JlMjI0NzY0ZDYwMzFlNDg0MjNkYjU5M2QwMTg5MTZiY2JjZmTo3SUoq4UHhZmB4KGDuAHWs2X9EGifXVdscYMBVnl9izKyO21uWx5PKho3Ed+MsQCFKbfFkioe0Zg5We7qB9EW', NULL, NULL, NULL, NULL, '1', '2018-06-08 03:46:00', NULL, '1'),
(1146, 1146, 'vebehinco@hotmail.com', 'Y25U2K0PE2zXUeSIOOWXD02igcDkoPyK', 'DUwRInu3bWDS//83JYxdMjlhN2ZlYjBiMjNkNTk2OGUzYzBkYjkxNTFjYTNkMzZiMGMyYmFlMDc3OTVkMmQ1ZjVhMDg1OGNjNTFmNTliNGERDfZm971HqPs1pFNvKWhSJiiHgUA3AIgs6MCUFMP9uWcNHWXtF9aDi2hj2ZE7YZ+sebRe1q1KIVFQpjW2wXXj', NULL, NULL, NULL, NULL, '1', '2018-06-05 04:38:00', NULL, '1'),
(1147, 1147, 'betcruz97@gmail.com', 'V_v20OeD41cGX1ZiehK35lIU74-FvySv', 'o3+LZ1YJgf9g/tXkHClAgDUwMmI3ZWUyYjhjOGRlMDA1YzQ1YWI5YmU0MDJjYTBhYzM2MmQyZTMxY2U5MzM5ZjIzNDQ2YjhhMDBlM2ExZTOB3dmTAF+cgtrLkrzZYM/RIImfcKa5zXZKPHq8mHYcQBHR+zrD/mAh63x4Ym7jw615BDWmDyX6LAGs3j3YKDaK', NULL, NULL, NULL, NULL, '1', '2018-06-03 02:14:00', NULL, '1'),
(1148, 1148, 'adriantroccoly1@gmail.com', 'opOKLYWOwrraEuQPtkWZiGTVSSF3_hbh', 'BUstUbgOh2Dl1syRycKWAjg4MTNkZjU1MWQxODIwMzI2ODg0ZjJhNGM1YzVlNDQwMDkwNDdlMjE1ZDU0NmY5OWExMzFkMzQ0N2QzNjJlNWNDCr6LBsnDyoZzBjvxSszRH50TddqATzJW60vMfOhjZ/T/prl8YjKImoNcpZD/P+L7omB7+fl9S4BrunqpC7A7', NULL, NULL, NULL, NULL, '1', '2018-06-05 07:46:00', NULL, '1'),
(1149, 1149, 'karen.r.2014@hotmail.com', 'v-3UMKu-TMB1J84dp8ciM9Fof7bdMfQb', '1l+QGWnseQpa/oCRIcLtozk5MGJjNjJmNDcyNjEzMzQwZjEwOGI1ZmUwMWY3N2Q1ZDM4OWM2OTU5MWQ0YmNkZTY0MjYzYjI0OTc3MTM3OWUkvGOU3mZMcAEjnMZ3m54QZ6fU6gpWJmApMo11h18NuObW3mMFD5gqB1/+O9B9pshedsQ/qNKUUUe9Ok5LggUs', NULL, NULL, NULL, NULL, '1', '2018-06-06 04:46:00', NULL, '1');
INSERT INTO `usuario` (`usu_id`, `per_id`, `usu_user`, `usu_sha`, `usu_password`, `usu_time_pass`, `usu_session`, `usu_last_login`, `usu_link_activo`, `usu_estado`, `usu_fecha_creacion`, `usu_fecha_modificacion`, `usu_estado_logico`) VALUES
(1150, 1150, 'ma_elenac@outlook.com', 'aUJ00YGCGpuL47m3kJnp77BRpoChCW7E', 'UTOFz3nGo3u9ooJjB8ewKzg3NDFjYjBhODkyMWI3MWU0NTUxNDM5MjU0N2E4ZTY5YjVlOTczZjk2YTY4OWI5ZmQ5MzdjNmZhYjkwM2QzNDi1gRAmRwazGjOECD3kBXIQChrleSH2U6PS+RexwromaAt1We/jHZ5f+Z3Rt+qIgccKZkbZ6iQVyZNCwrE0dknr', NULL, NULL, NULL, NULL, '1', '2018-06-09 03:43:00', NULL, '1'),
(1151, 1151, 'rubenormaza@hotmail.com', 'ybyu-7C3iVQ1YxSekFiA6ZCpTPUnn7eC', 'qg4NWtoCG3mQVfC8o+vSrTg2ZjcyOWZhM2JlZDVlMWNjMjczYjg4ZjM0ZWI5YTVhNGEyZTUwZjIzOTdjOTRlMzYxMTQ3NjI0YmNkM2E4MTIMn0uWh5aJBLVP61kfePJ+JI5isMoynDypGfspsD/osL2+Upf1EIqtdZ0P72iIG6wJMYpVa/agTE/PMgX7J7M3', NULL, NULL, NULL, NULL, '1', '2018-06-08 09:06:00', NULL, '1'),
(1152, 1152, 'jessica_eliza1997@hotmail.com', 'c2ZgoHe7t31eMWKjUkJRKM23uuWQXloa', '7WZbZxqeSas8jMKYSxnh9DFlMTc2NzlkZWYwZGU2MGVkNzFmODZjNzBiNDNjOGY5YTg3MzJiY2Q4ZTY2ZDRlZjFhYTNkYmYzYTFjNTM4ZjP0bXCsie9OjD+uV1FqddiqDicmpzpKrLzZwoawKE0wOzhAQxUlP5F4iNhBfqcZCfYn+WxSvUlf0F68htY47hNu', NULL, NULL, NULL, NULL, '1', '2018-06-09 07:57:00', NULL, '1'),
(1153, 1153, 'lis.rodriguez22@hotmail.com', 'W3y2xUgYH1x7LN7LBiepP3NsriusaQaw', 'Wyu43M4lE2oBazsxHXNBHGZmYzhmYmNmYWY0YjAxYWMzYWE5MjI1ZjJjYjc2MmJhMzQ1MDZlNDFjOTBlNGI5M2Y0NzMzM2Q1YzJmOGFiYjcPGKAze3IgGq1kImOBu4Ih1hveRnQoalHzFDIPaqPbtilBg+fYLZAsrWXxWw45yjM/JjDM8Zln/m1h/EoZbUtC', NULL, NULL, NULL, NULL, '1', '2018-06-12 07:52:00', NULL, '1'),
(1154, 1154, 'jaramilloj@novacero.com', 'E7KBqWn5FKb3qSA-I_dJhSwF5bXq2VBY', 'Qw7iP6EXcD1gC+cu1nFkMDI2NmQxMWE3OTRjYzdmNWQ0NzU0NzJmMzQ4YzYwZTY0MmUyMDQ1NGU5NWE1MWM0ZTNjNmIzMTQzZTJlNDU3NTj1tT8fjNwC49CWN6WH0CeLZBjd1WAb8OCLcajQhp8Ctun8jBtCilvGSuXmnFDfdYrGfpd81jOOo9FEms9Brf3o', NULL, NULL, NULL, NULL, '1', '2018-06-12 10:12:00', NULL, '1'),
(1155, 1155, 'hernancoloma3@gmail.com', 'Nz0fUUHtVyf0kFZy96NfRtiPnhefCDC7', 'PDLsUJ60pdIiSjlDOIrviTM1YmZmZGZhNWU4MjliODk1NjAyYzZjYTE0NGMzNWYyZmZkNjllYWEzZGZmMTMxMDI0NmFlNjE5NzFiMmJjM2XKmugSjaPPHp1LsGr2nF/CsjT76jBd5hmd2phu5aoi/yGDxEu0V0dwhAES3ax+15vWlLIV2rgvMxEQmc7GS3uw', NULL, NULL, NULL, NULL, '1', '2018-06-17 06:01:00', NULL, '1'),
(1156, 1156, 'delgadocristhian14@gmail.com', 'IONp5MqU9iuPiyY6HXf93kBMDvm0j3mN', 'iQ9WHvL6KotDqe0NqDD0M2M5MzlkNWU3MWFmNzE4Zjg0ZmI4NTE2ZWJkNWFmYTk2YTZkZTdhNmRkNzdkN2E1MWM1OWQ0ZDZiN2VmMGVkMmUaYH4UdyZ8nZzbhGf3B6PhlJFNX/0kKinlL4YSqPYGkGvzJfdnnrDNHra//agbPebWikhnc2mPgqI9T6jvk+T1', NULL, NULL, NULL, NULL, '1', '2018-06-18 00:36:00', NULL, '1'),
(1157, 1157, 'mpricaurte88@gmail.com', 'Al1AHkcfRr-zT9aLhaoy6rizSBay98JL', 'shrv9kTerF3wIzKyCX+dETUyMmUwNDI2ODU4M2U5YzdjOWI4YmUwMjM0NmZhYjcxYzZjYWNkMGE2NTlmZTBlODY3Y2ZkYTRlYmVmNGJjODk6s4NHMkimLPvyDdG2Fg3hVghjznYqPj8Eyt/LAF69+FsNvrxAH1hP6MPCfcKSKlcBiuuu0mds6lBYiCWoIWjO', NULL, NULL, NULL, NULL, '1', '2018-06-27 04:49:00', NULL, '1'),
(1158, 1158, 'tito_triana@hotmail.com', 'xp9zpQTUNBmA2qKJyxGT0q6StsNX3-lP', 'c2LO+Neza5J5Gn6Ff8qa8GYzZjM3NmViN2ZiYWI0MWQ5M2QwZjQ4ZmRhMmE2M2UyMmEyZmQ1ZTI2MzlmOThhNzExYjc5MjJmMTU3ZDA4OWR5a6QZ2feRXDZP/xT6gmVLfnAGBhYy4MTiY7ADaZCCrU9ve08lXXD3EqXrhzyWTtPo9sSRl8uV6FTwJNh5zi7E', NULL, NULL, NULL, NULL, '1', '2018-06-27 10:45:00', NULL, '1'),
(1159, 1159, 'cdda0214@gmail.com', 'u6gjn4kqBePoUXaek5-NpsYjORDuwWGw', 'd7gd65y35g1ZwThQfKrLL2E2NzJiMzJjOWViZDc0ZWFlN2JlMjUxYTc2ZThiNDg5NjAyZGE1MWZkM2IxNGYzZTFmM2FjMDhmOWVmZTQxNzbF9WEdpPKe0YyTGxs7NmwEL+NwzM3D1VAmtcrwlWKLaI0MfA7JKJqbwldrngSBVhQvJU13XIlg4SuNCDBDE/EP', NULL, NULL, NULL, NULL, '1', '2018-07-16 06:02:00', NULL, '1'),
(1160, 1160, 'inescculqui62@gmail.com', 'YVOU5VBB3PUYyvaYPP1Y0IMloaGxR7_6', 'GKf+S4HcO46MeOyVjPyHeGIxOWRlMTZhNzE3MTAzMmEwMWRmYzAxZjMxY2RiMzdlNzJkZjEzMWQyNjMyMGY4ZjBiMDk0OGViNGIyYjAzMGal+V7kbeB3XkB3xVNj/QfIbZOeJrZ1hg12nrX26wxUEzVMvYwEkmY9lBj0UcEvusbrmfqRmU7Js78V4EeMH64U', NULL, NULL, NULL, NULL, '1', '2018-07-04 01:13:00', NULL, '1'),
(1161, 1161, 'malmache78@hotmail.com', 'Qkf8ofw-3InIKg6ztC216szMR5V8oe6B', 'q9iBzZok0iH/KqBnfX22t2UzZWVjZDFjZTg4MWZhZWJhNDUxNDVhZDk2NzRiNWViMjQ4NTBjMzc4NjBlZmJkNDljOGU5YzJjOThlYmVlYTZeaA4bBmHR/MqAFdJMxEMRvC3zdBq/yJ1zUUWJuYQAxaqH51D6AYQS3/8Lb1+F4V1tLwoRKqPrkr2ZUz86BVx8', NULL, NULL, NULL, NULL, '1', '2018-07-10 05:08:00', NULL, '1'),
(1162, 1162, 'freddydavid_1989@hotmail.com', 'zg_mkXATqo9A7FF5HasrDOo9hxzj3vd5', 'faxKsd7WZCILfhnWnEzjkzg4YzJkZjJjMjE2YzAyNjNjYjhmYWNhMDI4NjRlODk2Zjk0OTk3ZmNhZWVjMGI4NTI3YjM2NTNhYThjY2QxMmHkzWf9q7nl2oFIKSW1OvVJqXGCq5DrEKxeQaAHB5b2O+dhrm0I4tr79O3HZo3aqyNZ4t0ZvosO2jPwl3l8VmW1', NULL, NULL, NULL, NULL, '1', '2018-07-11 01:45:00', NULL, '1'),
(1163, 1163, 'karina_2422@hotmail.com', 'A-DY9-yY4m8rYZuLKEV2iz-j5w8SeoJ7', 'hv5G23doborRiFiyszTA1jAzZjAwNTU3NGI5ZjM3YmQ5Yjc1YmU1NTdjNjU3MjgzNzZhNzU3ZGY2MTA5MzBiNzljYTMyM2YyNDMyNjFhMWJXh8YWEZGJAO8gRPzCHf4qFgQKZ2aVDuLYDCJ4sbV/eSQzo4wtdqAbnMQOL6RJuIg7Y/ro7hs8CKCNasMwVRE4', NULL, NULL, NULL, NULL, '1', '2018-07-18 03:21:00', NULL, '1'),
(1164, 1164, 'do32911@gmail.com', '-21DNb024mS6bNph4NxsVvQY4wC0UD8f', 'QuNvrpOF7317LCV2qYcNSzdjODdhNjA5MzQ3ZWFlMDU0MmEzZWEzZGNmZmVjNmE4YWQ1ZmU1MzgxMmY4ZTNlYWYzNDkyM2ExZTgzOTgyNGaZAl0qhUoSYvHE3R7Z9a/WIJNUwveiNflSWq2EbORKc1Zp4ti7RSGGTri5ZU5NQr5dgkATV179OhWzFm6cW0ig', NULL, NULL, NULL, NULL, '1', '2018-07-12 08:29:00', NULL, '1'),
(1165, 1165, 'cristiansmartinez@hotmail.com', 'wLtYOmR4tLOIg602DX04KD0pJV5Hy-rK', 'd9qljgIAmBEoYgdRbE7zzGQyMWRkMjMyMTRjMTJhZGQ2YjdmNjBjYjg4YTQzOTcxYmMzZGIyZmZhYjA1OGNjYzBkNzA2YWNmNzYxNzI2MzDwZ074ZXEntzWwK6fK3d6sZqGfhHJVPsC+28AezgPu/mGGH91DMmYrsOFfVH/WfWHFFX1x8I5VeQDZIjfutx4A', NULL, NULL, NULL, NULL, '1', '2018-07-31 04:19:00', NULL, '1'),
(1166, 1166, 'alanaastu00@gmail.com', '60sU04pqQwiP0I5NLm0pbLFhU8x_eUJw', 'PMLFqAeA3TjsRNVHHkSrEzMwZDI4OTVlNjU1YzBjMTgxNzQ2NWM3YTQ3NTk1MjcwZWMzZjYxYThlMGFlZjgyZGQ3YzA5MjM1ZWFjMTY3MWXB0IJRlKOw/a2OCww0lEq+NsDMShqFj8ufvXsVXRlIqUwkv6yvkFcw0Y9+adGlvMMfTI/GXubd9+VqnfYSfdjl', NULL, NULL, NULL, NULL, '1', '2018-07-14 07:24:00', NULL, '1'),
(1167, 1167, 'angelsequera1996@gmail.com', '60sU04pqQwiP0I5NLm0pbLFhU8x_eUJw', 'PMLFqAeA3TjsRNVHHkSrEzMwZDI4OTVlNjU1YzBjMTgxNzQ2NWM3YTQ3NTk1MjcwZWMzZjYxYThlMGFlZjgyZGQ3YzA5MjM1ZWFjMTY3MWXB0IJRlKOw/a2OCww0lEq+NsDMShqFj8ufvXsVXRlIqUwkv6yvkFcw0Y9+adGlvMMfTI/GXubd9+VqnfYSfdjl', NULL, NULL, NULL, NULL, '1', '2018-07-14 07:24:00', NULL, '1'),
(1168, 1168, 'Yeferson.economist@gmail.com', '60sU04pqQwiP0I5NLm0pbLFhU8x_eUJw', 'PMLFqAeA3TjsRNVHHkSrEzMwZDI4OTVlNjU1YzBjMTgxNzQ2NWM3YTQ3NTk1MjcwZWMzZjYxYThlMGFlZjgyZGQ3YzA5MjM1ZWFjMTY3MWXB0IJRlKOw/a2OCww0lEq+NsDMShqFj8ufvXsVXRlIqUwkv6yvkFcw0Y9+adGlvMMfTI/GXubd9+VqnfYSfdjl', NULL, NULL, NULL, NULL, '1', '2018-07-14 07:24:00', NULL, '1'),
(1169, 1169, 'carlosjaviermorenosalazar@gmail.com', '60sU04pqQwiP0I5NLm0pbLFhU8x_eUJw', 'PMLFqAeA3TjsRNVHHkSrEzMwZDI4OTVlNjU1YzBjMTgxNzQ2NWM3YTQ3NTk1MjcwZWMzZjYxYThlMGFlZjgyZGQ3YzA5MjM1ZWFjMTY3MWXB0IJRlKOw/a2OCww0lEq+NsDMShqFj8ufvXsVXRlIqUwkv6yvkFcw0Y9+adGlvMMfTI/GXubd9+VqnfYSfdjl', NULL, NULL, NULL, NULL, '1', '2018-07-14 07:24:00', NULL, '1'),
(1170, 1170, 'mogollonjose2000@gmail.com', '-M35G3uaaXnZUr2U6vdrEgTkFVcoq-_P', 'KIzFwBpPUVXlNCUFu6b+5WUyYTZiMGI4OWUxN2JlMWMzMmZjMzI1N2JhN2I3MTkzODBhZTNjMmNmYTRiNzU5YjlhZmI0MzQ5YjFjMjJiZDW3u5bggF9hz4rcolb4VG5sz8oJj3XSVo6SzwwZN3HCT1GqrMN1GVFMH1XN7Xzw2F8nKyZ10QH8GT6qwanqH3AJ', NULL, NULL, NULL, NULL, '1', '2018-07-18 07:54:00', NULL, '1'),
(1171, 1171, 'michelfonsecaantequera@gmail.com', '60sU04pqQwiP0I5NLm0pbLFhU8x_eUJw', 'PMLFqAeA3TjsRNVHHkSrEzMwZDI4OTVlNjU1YzBjMTgxNzQ2NWM3YTQ3NTk1MjcwZWMzZjYxYThlMGFlZjgyZGQ3YzA5MjM1ZWFjMTY3MWXB0IJRlKOw/a2OCww0lEq+NsDMShqFj8ufvXsVXRlIqUwkv6yvkFcw0Y9+adGlvMMfTI/GXubd9+VqnfYSfdjl', NULL, NULL, NULL, NULL, '1', '2018-07-14 07:24:00', NULL, '1'),
(1172, 1172, 'doriscastillogiusti@gmail.com', '60sU04pqQwiP0I5NLm0pbLFhU8x_eUJw', 'PMLFqAeA3TjsRNVHHkSrEzMwZDI4OTVlNjU1YzBjMTgxNzQ2NWM3YTQ3NTk1MjcwZWMzZjYxYThlMGFlZjgyZGQ3YzA5MjM1ZWFjMTY3MWXB0IJRlKOw/a2OCww0lEq+NsDMShqFj8ufvXsVXRlIqUwkv6yvkFcw0Y9+adGlvMMfTI/GXubd9+VqnfYSfdjl', NULL, NULL, NULL, NULL, '1', '2018-07-14 07:24:00', NULL, '1'),
(1173, 1173, 'robertlinares8@gmail.com', '60sU04pqQwiP0I5NLm0pbLFhU8x_eUJw', 'PMLFqAeA3TjsRNVHHkSrEzMwZDI4OTVlNjU1YzBjMTgxNzQ2NWM3YTQ3NTk1MjcwZWMzZjYxYThlMGFlZjgyZGQ3YzA5MjM1ZWFjMTY3MWXB0IJRlKOw/a2OCww0lEq+NsDMShqFj8ufvXsVXRlIqUwkv6yvkFcw0Y9+adGlvMMfTI/GXubd9+VqnfYSfdjl', NULL, NULL, NULL, NULL, '1', '2018-07-14 07:24:00', NULL, '1'),
(1174, 1174, 'luisguedez2001@gmail.com', '60sU04pqQwiP0I5NLm0pbLFhU8x_eUJw', 'PMLFqAeA3TjsRNVHHkSrEzMwZDI4OTVlNjU1YzBjMTgxNzQ2NWM3YTQ3NTk1MjcwZWMzZjYxYThlMGFlZjgyZGQ3YzA5MjM1ZWFjMTY3MWXB0IJRlKOw/a2OCww0lEq+NsDMShqFj8ufvXsVXRlIqUwkv6yvkFcw0Y9+adGlvMMfTI/GXubd9+VqnfYSfdjl', NULL, NULL, NULL, NULL, '1', '2018-07-14 07:24:00', NULL, '1'),
(1175, 1175, 'moises_david_perez_perez@hotmail.com', 'XBP4VmTas-7FENzY6KTjWpYmC_pn4yAx', 'y26FA0mdJaNAEx5JpjlMcDI0NjRkMWQyZTQyZWMwOWYzMWQ1ZTA5NTQ1ZTdjNGFiYjg5YjFlNWI2MWMwYzhmZGNlYTA0YjQxMjY1Y2U3NzatvlEtBfGdAggBvGU+wJL0VIbkZS03ejwc2+mmT4P3avIH5bYBHvftgOpMxAFrNkhq8sBTwC3imi7sh1P9B3nf', NULL, NULL, NULL, NULL, '1', '2018-07-30 00:15:00', NULL, '1'),
(1176, 1176, 'yulitzaflores23@gmail.com', '60sU04pqQwiP0I5NLm0pbLFhU8x_eUJw', 'PMLFqAeA3TjsRNVHHkSrEzMwZDI4OTVlNjU1YzBjMTgxNzQ2NWM3YTQ3NTk1MjcwZWMzZjYxYThlMGFlZjgyZGQ3YzA5MjM1ZWFjMTY3MWXB0IJRlKOw/a2OCww0lEq+NsDMShqFj8ufvXsVXRlIqUwkv6yvkFcw0Y9+adGlvMMfTI/GXubd9+VqnfYSfdjl', NULL, NULL, NULL, NULL, '1', '2018-07-14 07:24:00', NULL, '1'),
(1177, 1177, 'katherinneromano@gmail.com', '60sU04pqQwiP0I5NLm0pbLFhU8x_eUJw', 'PMLFqAeA3TjsRNVHHkSrEzMwZDI4OTVlNjU1YzBjMTgxNzQ2NWM3YTQ3NTk1MjcwZWMzZjYxYThlMGFlZjgyZGQ3YzA5MjM1ZWFjMTY3MWXB0IJRlKOw/a2OCww0lEq+NsDMShqFj8ufvXsVXRlIqUwkv6yvkFcw0Y9+adGlvMMfTI/GXubd9+VqnfYSfdjl', NULL, NULL, NULL, NULL, '1', '2018-07-14 07:24:00', NULL, '1'),
(1178, 1178, 'arriechemayra@gmail.com', 'IBBeUK2RKYb-5hDYOzNQwFHnC2w5qq_Z', 'bU6mpDjJ/jgTMMah2P7ZGWMyZWIxNzliYmVlNDk3M2Q1ZDg5ZmU2MGE4NjQyNTZlZDUzMWI3ZTdmMWVjOGU2NGRlNGFiODFmODg3OGRjNzJU5YNqjVGct9qkKqMPEVYjQEj1BT6s6V0Ncs/jjfERXvX1Qh/pchTy9WWEUo0Xq8T4AbPUlN6WxQP/adyUUOfu', NULL, NULL, NULL, NULL, '1', '2018-07-21 04:46:00', NULL, '1'),
(1179, 1179, 'maryrodrivaz@gmail.com', '60sU04pqQwiP0I5NLm0pbLFhU8x_eUJw', 'PMLFqAeA3TjsRNVHHkSrEzMwZDI4OTVlNjU1YzBjMTgxNzQ2NWM3YTQ3NTk1MjcwZWMzZjYxYThlMGFlZjgyZGQ3YzA5MjM1ZWFjMTY3MWXB0IJRlKOw/a2OCww0lEq+NsDMShqFj8ufvXsVXRlIqUwkv6yvkFcw0Y9+adGlvMMfTI/GXubd9+VqnfYSfdjl', NULL, NULL, NULL, NULL, '1', '2018-07-14 07:24:00', NULL, '1'),
(1180, 1180, 'lailaramirez68@gmail.com', '60sU04pqQwiP0I5NLm0pbLFhU8x_eUJw', 'PMLFqAeA3TjsRNVHHkSrEzMwZDI4OTVlNjU1YzBjMTgxNzQ2NWM3YTQ3NTk1MjcwZWMzZjYxYThlMGFlZjgyZGQ3YzA5MjM1ZWFjMTY3MWXB0IJRlKOw/a2OCww0lEq+NsDMShqFj8ufvXsVXRlIqUwkv6yvkFcw0Y9+adGlvMMfTI/GXubd9+VqnfYSfdjl', NULL, NULL, NULL, NULL, '1', '2018-07-14 07:24:00', NULL, '1'),
(1181, 1181, 'chuchoperez@yahoo.com', '60sU04pqQwiP0I5NLm0pbLFhU8x_eUJw', 'PMLFqAeA3TjsRNVHHkSrEzMwZDI4OTVlNjU1YzBjMTgxNzQ2NWM3YTQ3NTk1MjcwZWMzZjYxYThlMGFlZjgyZGQ3YzA5MjM1ZWFjMTY3MWXB0IJRlKOw/a2OCww0lEq+NsDMShqFj8ufvXsVXRlIqUwkv6yvkFcw0Y9+adGlvMMfTI/GXubd9+VqnfYSfdjl', NULL, NULL, NULL, NULL, '1', '2018-07-14 07:24:00', NULL, '1'),
(1182, 1182, 'mpmJS1@gmail.com', 'b3X62Q7zVcq_07t5RM5suTTzJNyEqqfh', '7JaYnY8PrNWyysfUyYHpGmIxYTMzNWUxZmUxOGFiMzI0NjM2NWI3OTVkNGQ3MzkzODQ3OGU5ZTJkNDE5MTY0ZTQ0NTgxZjJiNDdkMjI2NDHUA01wlpJ00wGKETR//rFJrD7zLEl9mOAKeeysLot4VP3phAZn80CBSS0hf1FbLR1Z4rcKaQKtB/2apmGWd3I8', NULL, NULL, NULL, NULL, '1', '2018-07-26 22:57:00', NULL, '1'),
(1183, 1183, 'marcoadiaz2611@gmail.com', '2mx8W25wZdVqFNCtn1fm_8yybF3pfjWM', 'CtGM7z3SegcZLILGJox4kTM4YzJkODBhZjdhZWE5NDQ0ZDI5ZDg4OTU4MjIyZDM4MmRhYTE5MTNhNWRlNDgyNTc2ODU3OTgyM2U2MDZjNjVdPEfyIqsDD882rPFvFvcXOQoTeDRGg7FXooErfh+ei0GvlCJR7wTyUoRZwmTw8hlMsFkMjECGLp/+w4hE1M7P', NULL, NULL, NULL, NULL, '1', '2018-08-01 01:52:00', NULL, '1'),
(1184, 1184, 'gianfrancoradomileoquendo@gmail.com', '60sU04pqQwiP0I5NLm0pbLFhU8x_eUJw', 'PMLFqAeA3TjsRNVHHkSrEzMwZDI4OTVlNjU1YzBjMTgxNzQ2NWM3YTQ3NTk1MjcwZWMzZjYxYThlMGFlZjgyZGQ3YzA5MjM1ZWFjMTY3MWXB0IJRlKOw/a2OCww0lEq+NsDMShqFj8ufvXsVXRlIqUwkv6yvkFcw0Y9+adGlvMMfTI/GXubd9+VqnfYSfdjl', NULL, NULL, NULL, NULL, '1', '2018-07-14 07:24:00', NULL, '1'),
(1185, 1185, 'anateresabarrios@gmail.com', '60sU04pqQwiP0I5NLm0pbLFhU8x_eUJw', 'PMLFqAeA3TjsRNVHHkSrEzMwZDI4OTVlNjU1YzBjMTgxNzQ2NWM3YTQ3NTk1MjcwZWMzZjYxYThlMGFlZjgyZGQ3YzA5MjM1ZWFjMTY3MWXB0IJRlKOw/a2OCww0lEq+NsDMShqFj8ufvXsVXRlIqUwkv6yvkFcw0Y9+adGlvMMfTI/GXubd9+VqnfYSfdjl', NULL, NULL, NULL, NULL, '1', '2018-07-14 07:24:00', NULL, '1'),
(1186, 1186, 'chaconmariaalejandra2@gmail.com', '60sU04pqQwiP0I5NLm0pbLFhU8x_eUJw', 'PMLFqAeA3TjsRNVHHkSrEzMwZDI4OTVlNjU1YzBjMTgxNzQ2NWM3YTQ3NTk1MjcwZWMzZjYxYThlMGFlZjgyZGQ3YzA5MjM1ZWFjMTY3MWXB0IJRlKOw/a2OCww0lEq+NsDMShqFj8ufvXsVXRlIqUwkv6yvkFcw0Y9+adGlvMMfTI/GXubd9+VqnfYSfdjl', NULL, NULL, NULL, NULL, '1', '2018-07-14 07:24:00', NULL, '1'),
(1187, 1187, 'anavhc2001@gmail.com', '2mqUtC7XZcIba0XwtS5St2IEIBMzxqpf', '7bNA4RlJKRD9+He7MdPAdzcwY2QwMTM3MTdlZDI0ZDNiOGM3YjM1NTljM2Y1YjhjNTRlNGU4MDI0MTBmZjA1NjI2YjQ1YmM1ZTlmZWIxZjmE/kTW5MhtdrBzAoWkIKVEyUzWUb0SFSN9HtNsqr8eGiu2+o2Wq3K2W9BDPJX66hpLwwR12EmX2+JKW6lGqyQo', NULL, NULL, NULL, NULL, '1', '2018-07-17 05:29:00', NULL, '1'),
(1188, 1188, 'fabirome18@gmail.com', '60sU04pqQwiP0I5NLm0pbLFhU8x_eUJw', 'PMLFqAeA3TjsRNVHHkSrEzMwZDI4OTVlNjU1YzBjMTgxNzQ2NWM3YTQ3NTk1MjcwZWMzZjYxYThlMGFlZjgyZGQ3YzA5MjM1ZWFjMTY3MWXB0IJRlKOw/a2OCww0lEq+NsDMShqFj8ufvXsVXRlIqUwkv6yvkFcw0Y9+adGlvMMfTI/GXubd9+VqnfYSfdjl', NULL, NULL, NULL, NULL, '1', '2018-07-14 07:24:00', NULL, '1'),
(1189, 1189, 'fernandoklein8@hotmail.com', '60sU04pqQwiP0I5NLm0pbLFhU8x_eUJw', 'PMLFqAeA3TjsRNVHHkSrEzMwZDI4OTVlNjU1YzBjMTgxNzQ2NWM3YTQ3NTk1MjcwZWMzZjYxYThlMGFlZjgyZGQ3YzA5MjM1ZWFjMTY3MWXB0IJRlKOw/a2OCww0lEq+NsDMShqFj8ufvXsVXRlIqUwkv6yvkFcw0Y9+adGlvMMfTI/GXubd9+VqnfYSfdjl', NULL, NULL, NULL, NULL, '1', '2018-07-14 07:24:00', NULL, '1'),
(1190, 1190, 'roolopez1998@gmail.com', '60sU04pqQwiP0I5NLm0pbLFhU8x_eUJw', 'PMLFqAeA3TjsRNVHHkSrEzMwZDI4OTVlNjU1YzBjMTgxNzQ2NWM3YTQ3NTk1MjcwZWMzZjYxYThlMGFlZjgyZGQ3YzA5MjM1ZWFjMTY3MWXB0IJRlKOw/a2OCww0lEq+NsDMShqFj8ufvXsVXRlIqUwkv6yvkFcw0Y9+adGlvMMfTI/GXubd9+VqnfYSfdjl', NULL, NULL, NULL, NULL, '1', '2018-07-14 07:24:00', NULL, '1'),
(1191, 1191, 'julianchamorro17@gmail.com', '60sU04pqQwiP0I5NLm0pbLFhU8x_eUJw', 'PMLFqAeA3TjsRNVHHkSrEzMwZDI4OTVlNjU1YzBjMTgxNzQ2NWM3YTQ3NTk1MjcwZWMzZjYxYThlMGFlZjgyZGQ3YzA5MjM1ZWFjMTY3MWXB0IJRlKOw/a2OCww0lEq+NsDMShqFj8ufvXsVXRlIqUwkv6yvkFcw0Y9+adGlvMMfTI/GXubd9+VqnfYSfdjl', NULL, NULL, NULL, NULL, '1', '2018-07-14 07:24:00', NULL, '1'),
(1192, 1192, 'emanuelgiraldo625@gmail.com', 'VFq_0ehOzi9Fy27o0B5E1H2PA4gJATcW', 'Y1dFjhlW73C2ieBd5Foh7Dg5ZGEyZjgwN2U4MmJhYTdjOGI4Mjk3NTU3YWUxN2JiYWYyMzNjNDQwM2U4MjA1ZDAzNjg2ODBkYjE5OTcyYjNEvwf2ljsOJvFWhCZ+pNk3i4bPY+PZGznZVcgUm58Dj/+NRwV3J+bbbkILQ8mQbsxh8Zw8W3SWuKBfs8QKmAeo', NULL, NULL, NULL, NULL, '1', '2018-07-23 21:45:00', NULL, '1'),
(1193, 1193, 'isabel24vergara@gmail.com', '60sU04pqQwiP0I5NLm0pbLFhU8x_eUJw', 'PMLFqAeA3TjsRNVHHkSrEzMwZDI4OTVlNjU1YzBjMTgxNzQ2NWM3YTQ3NTk1MjcwZWMzZjYxYThlMGFlZjgyZGQ3YzA5MjM1ZWFjMTY3MWXB0IJRlKOw/a2OCww0lEq+NsDMShqFj8ufvXsVXRlIqUwkv6yvkFcw0Y9+adGlvMMfTI/GXubd9+VqnfYSfdjl', NULL, NULL, NULL, NULL, '1', '2018-07-14 07:24:00', NULL, '1'),
(1194, 1194, 'paulaandrea.goez@gmail.com', '60sU04pqQwiP0I5NLm0pbLFhU8x_eUJw', 'PMLFqAeA3TjsRNVHHkSrEzMwZDI4OTVlNjU1YzBjMTgxNzQ2NWM3YTQ3NTk1MjcwZWMzZjYxYThlMGFlZjgyZGQ3YzA5MjM1ZWFjMTY3MWXB0IJRlKOw/a2OCww0lEq+NsDMShqFj8ufvXsVXRlIqUwkv6yvkFcw0Y9+adGlvMMfTI/GXubd9+VqnfYSfdjl', NULL, NULL, NULL, NULL, '1', '2018-07-14 07:24:00', NULL, '1'),
(1195, 1195, 'wendybustos22@hotmail.com', 'WJMmWkTRpAADjv9R-ni0ZB8CpQUw9xph', 'JkjIGx9KPKK4UWdagAlChjEzOGQxYTdjMGYxNjExZTkxOTRjYjZjNDUwZTE1N2ZhNjYzNTQxOTkxYzE5YzlhMGIyNzg3ZDcwYjFjYjVlMzLclXZ+Bz7prZ62tIB/loIZ93RF3YhktRJA16iBsxVXjHPLS97teKAw+Rrrcs2eYsSFiNF2zExjPII3eSoYYnS+', NULL, NULL, NULL, NULL, '1', '2018-07-19 05:48:00', NULL, '1'),
(1196, 1196, 'pucheco7@hotmail.com', 'T8iyzqvtlyBhY-8MGCUkR36toEJqmtSH', 'IZzoA+ZsuVy/SknmSYZPYDU2MjAyZDZjOGMwMzM0NDAzMDAxMWZiZGFiNmYzYTc0MDNkZTkzMzU4MjhmMmZlODk5ZDFkZTFmMThjNDBkNmJxUxE+bOup0jTSDLoo8b94tNOItDW0qpWEpgZMC0FzsOhbsme01wiuSvs26cVuoSNMJcdiPKBRL+DidQBURI9f', NULL, NULL, NULL, NULL, '1', '2018-07-20 04:35:00', NULL, '1'),
(1197, 1197, 'alvaroramirez_98@hotmail.com', '60sU04pqQwiP0I5NLm0pbLFhU8x_eUJw', 'PMLFqAeA3TjsRNVHHkSrEzMwZDI4OTVlNjU1YzBjMTgxNzQ2NWM3YTQ3NTk1MjcwZWMzZjYxYThlMGFlZjgyZGQ3YzA5MjM1ZWFjMTY3MWXB0IJRlKOw/a2OCww0lEq+NsDMShqFj8ufvXsVXRlIqUwkv6yvkFcw0Y9+adGlvMMfTI/GXubd9+VqnfYSfdjl', NULL, NULL, NULL, NULL, '1', '2018-07-14 07:24:00', NULL, '1'),
(1198, 1198, 'mile-2695@hotmail.com', '60sU04pqQwiP0I5NLm0pbLFhU8x_eUJw', 'PMLFqAeA3TjsRNVHHkSrEzMwZDI4OTVlNjU1YzBjMTgxNzQ2NWM3YTQ3NTk1MjcwZWMzZjYxYThlMGFlZjgyZGQ3YzA5MjM1ZWFjMTY3MWXB0IJRlKOw/a2OCww0lEq+NsDMShqFj8ufvXsVXRlIqUwkv6yvkFcw0Y9+adGlvMMfTI/GXubd9+VqnfYSfdjl', NULL, NULL, NULL, NULL, '1', '2018-07-14 07:24:00', NULL, '1'),
(1199, 1199, 'soesmer.280695@gmail.com', '60sU04pqQwiP0I5NLm0pbLFhU8x_eUJw', 'PMLFqAeA3TjsRNVHHkSrEzMwZDI4OTVlNjU1YzBjMTgxNzQ2NWM3YTQ3NTk1MjcwZWMzZjYxYThlMGFlZjgyZGQ3YzA5MjM1ZWFjMTY3MWXB0IJRlKOw/a2OCww0lEq+NsDMShqFj8ufvXsVXRlIqUwkv6yvkFcw0Y9+adGlvMMfTI/GXubd9+VqnfYSfdjl', NULL, NULL, NULL, NULL, '1', '2018-07-14 07:24:00', NULL, '1'),
(1200, 1200, 'angiesantacruzcapa@gmail.com', '60sU04pqQwiP0I5NLm0pbLFhU8x_eUJw', 'PMLFqAeA3TjsRNVHHkSrEzMwZDI4OTVlNjU1YzBjMTgxNzQ2NWM3YTQ3NTk1MjcwZWMzZjYxYThlMGFlZjgyZGQ3YzA5MjM1ZWFjMTY3MWXB0IJRlKOw/a2OCww0lEq+NsDMShqFj8ufvXsVXRlIqUwkv6yvkFcw0Y9+adGlvMMfTI/GXubd9+VqnfYSfdjl', NULL, NULL, NULL, NULL, '1', '2018-07-14 07:24:00', NULL, '1'),
(1201, 1201, 'mileydicornejochavez@gmail.com', '60sU04pqQwiP0I5NLm0pbLFhU8x_eUJw', 'PMLFqAeA3TjsRNVHHkSrEzMwZDI4OTVlNjU1YzBjMTgxNzQ2NWM3YTQ3NTk1MjcwZWMzZjYxYThlMGFlZjgyZGQ3YzA5MjM1ZWFjMTY3MWXB0IJRlKOw/a2OCww0lEq+NsDMShqFj8ufvXsVXRlIqUwkv6yvkFcw0Y9+adGlvMMfTI/GXubd9+VqnfYSfdjl', NULL, NULL, NULL, NULL, '1', '2018-07-14 07:24:00', NULL, '1'),
(1202, 1202, 'Robertoydler11@gmail.com', 'Z1HSBghkJ1xS2EHSgFzBiVJjw1I1e-0p', 'GJz1PZp/NEnDD5hgbCG/QTJkMzMzOWFhNzdlY2FhZjg1NDJmYTY3MDYzZWRkYWU4MzYzOGI5N2U5MzRlODRmNmQyYzA5ZDUwODg0ODBhOWYeTIj5cY0QRbZ/eulTXfOE+k0/Xf/hBdkwfKh1NKPMVPyZ/LqMI0i3Sb0nEs/6ye6sq0L9tdkfTjD/IbFW/Fix', NULL, NULL, NULL, NULL, '1', '2018-07-17 12:53:00', NULL, '1'),
(1203, 1203, 'mychu.2711@gmail.com', 'zYiISuiaueBa4ILAJISj-a5IgvYQIMm8', 'lQkYd0GxcpxKhK93GB95STg1YjUyYjlhZTczZWU5ZGFjMTMxNzhlMTE1NWZhNmNmYWFmM2Y0OThlMjQwZTkxNDMxYWQ4MTY5ZjAwMTA3ZTDA7YUouETjOBOyADsL6Tiod37d7kW9kINqTvCLh4wnmSd4BHPPb39FvlqCrcgyJ2wa+tIxOUGvVhn2Q0B5HOAg', NULL, NULL, NULL, NULL, '1', '2018-07-15 04:34:00', NULL, '1'),
(1204, 1204, 'jhoselyn30@live.com', 'Ah665yBu07q_y13J5GFAsG2pqGdaELzF', 'sS+bmPGr+zKKKaiTSwdl3WNlMTVhNjYzMWY1NWU0MjM2NDE3NDIyODNkMjg4OTVlY2YwNjM0MjljYWIzY2YzZDg0ZjBkNzM2NTJlNWJiNzZMOLdTo7jqudBKUYrkePyLVyC3cPRQpxU8kqbYdZx+WuXZ4wqWPkA5GULohMc4tBYAzLFnG3pxghgPIXUjiUaa', NULL, NULL, NULL, NULL, '1', '2018-07-17 04:41:00', NULL, '1'),
(1205, 1205, 'alejaek_2412@hotmail.com', 'QGJhYG63D-aRyz5RnsLCmze2OAI_Hvji', 'meCgi4RW+t9enNIMNHt/VGVkNjA1NzdkNTRlYTliZTM3MzdjYjJkNThiNjg5MDU4NzA4NGFkZGJjZmFiZDMxNmM4NTA3NmNlYTFmZmRlMmOD0FeeU9Q/jkmJ0t7pt4VTTXPbZEtGnc79nyuh6vtjd3U+6pFWOzgVfplogCmyQqCAxB620uJBptpEsTQbOcRr', NULL, NULL, NULL, NULL, '1', '2018-07-31 13:07:00', NULL, '1'),
(1206, 1206, 'n_loor_vera24@hotmail.com', '3NfCo2Ksa3XaTKMQag_tqGDE1L0MovwK', 'SnOJ/u/VPh2FrBipVNfu2TZjOWE2NmI5Mjk4MDVmNjc1ZDhkZDMwOTY2NDZjNjJhNmFlZjkwMDZmMGE0ODQ1MDUxYTViM2MyMzZlMTUxNGYoun3E1U8wByCcIB0wMdiROEuBAuJs/W3SxAumRGuGHlzbtaSQ5C9dKvKmAXZ8XIGcaQsGg4hAD491jmarXwJa', NULL, NULL, NULL, NULL, '1', '2018-07-17 08:19:00', NULL, '1'),
(1207, 1207, 'leonela080801@gmail.com', '_4iCPa0gEBQAIwmkg3z0-TQAvr5a1AFO', 'WU2Jr4j8Tq0ssptVemlJ3jM3OWRjZWI4ZjM3OWRkYWUyZDUyMjYyYjVkZmJlNDNkYjYyZWYzNDRlOWY4YmZiOTMyMmRmMDFhMjUyMDM3ZjbRA7SHZbPKEoniYSsp5G7t3OIz4qRZa+N8ZjqNTnxBKk8vh9I/05XONFt57a6vl9OibAEuZadO3Hi9BqJuOZnR', NULL, NULL, NULL, NULL, '1', '2018-07-30 22:30:00', NULL, '1'),
(1208, 1208, 'isabelcrow2006@hotmail.com', 'HHg1_Je-DCH4uHuOKlylINLqURqNvPxv', 'rbn2+ByFrf9Es3zw0+skdTc4ODUyMzU1YTczYTZlNWQ4MGFjMTEyYTJhOGVlMmIzNjFhMjIyNzUzNmZhZDZkYWE3MzE1ZWZlMmFjYjE3ODWf2qkS7noZqubWcWychA+0ySZtb3Rx4Q1XaQlHdjptURh1Q9KV/BnxDHnmhXsqXggeT+tus2C4b3tmiSgUZk2X', NULL, NULL, NULL, NULL, '1', '2018-07-22 06:34:00', NULL, '1'),
(1209, 1209, 'haroldcastillo94@hotmail.com', 'EBThUR7fvhEIu47lLdmGfvl5UnfViEWZ', '/EwGdw2hJ3q1ZItYm+Xr0zkzMDM1MjQ1MmVhN2E5NGI4ODkwY2UyODI4YWY5YTdhNjVjMmU0NDcwYWZhMzc2YTY1ZTU4OTRkMWYwZDBjYzbFIDvTxqJjWNuD9zVcgzksD0piJRW25G9kXRKML83QPXwkWIotuwiPmGJINMvrZ53lVcmujE1L9MRPkC7cEEJa', NULL, NULL, NULL, NULL, '1', '2018-07-25 10:33:00', NULL, '1'),
(1210, 1210, 'karen.picado29@gmail.com', '-DU43kGCXpzUUq8O_con5czUW-6e7pZz', 'OxXfKrXIQB+d3CtsUjJQCGQxMjkyZjhjNjRiNDE5NDlmMzllZTQyMzEzZjJiYjdjMjc5MzE0N2M5ZGQzODYyNWUyYjg1MGYxZmE4NmUxNzBseFoxbtLqBZfMzuAIV6Rn+JkwbSO9AsRDe7wvhGIO+KEMKCmh4kjpEeU6eSVnV0IIDxLT5NRzZgFXiexPUxni', NULL, NULL, NULL, NULL, '1', '2018-07-31 02:50:00', NULL, '1'),
(1211, 1211, 'allisonlazocun97@gmail.com', 'Zs90ew9zvlerKvlBPlHgBo_5GsRfbtBH', 'RoFL7Z9JWaDdN/DSKNXhqmMwNWM4Y2IxMDFhNmU5NjFiYWZmNTJjNjRkZjI1MjUxMmYxMmNiODk4Y2VkZTEzMmJjOTNlNjBmZjZjMjFjZjao26D+na5Ny7AGdiFGAPaXy/IS8AWYQd4xNr9iOH8sVQoi4m2jg30eJb+b4kDj8N7RUZi9I3agYInnuSez4ol/', NULL, NULL, NULL, NULL, '1', '2018-07-31 12:26:00', NULL, '1'),
(1212, 1212, 'erickarana99@outlook.com', '60sU04pqQwiP0I5NLm0pbLFhU8x_eUJw', 'PMLFqAeA3TjsRNVHHkSrEzMwZDI4OTVlNjU1YzBjMTgxNzQ2NWM3YTQ3NTk1MjcwZWMzZjYxYThlMGFlZjgyZGQ3YzA5MjM1ZWFjMTY3MWXB0IJRlKOw/a2OCww0lEq+NsDMShqFj8ufvXsVXRlIqUwkv6yvkFcw0Y9+adGlvMMfTI/GXubd9+VqnfYSfdjld', NULL, NULL, NULL, NULL, '1', '2018-08-04 00:22:00', NULL, '1'),
(1213, 1213, 'ajosignacio@hotmail.com.ar', '60sU04pqQwiP0I5NLm0pbLFhU8x_eUJw', 'PMLFqAeA3TjsRNVHHkSrEzMwZDI4OTVlNjU1YzBjMTgxNzQ2NWM3YTQ3NTk1MjcwZWMzZjYxYThlMGFlZjgyZGQ3YzA5MjM1ZWFjMTY3MWXB0IJRlKOw/a2OCww0lEq+NsDMShqFj8ufvXsVXRlIqUwkv6yvkFcw0Y9+adGlvMMfTI/GXubd9+VqnfYSfdjld', NULL, NULL, NULL, NULL, '1', '2018-08-10 01:41:00', NULL, '1'),
(1214, 1214, 'jesmar-011@hotmail.com', '60sU04pqQwiP0I5NLm0pbLFhU8x_eUJw', 'PMLFqAeA3TjsRNVHHkSrEzMwZDI4OTVlNjU1YzBjMTgxNzQ2NWM3YTQ3NTk1MjcwZWMzZjYxYThlMGFlZjgyZGQ3YzA5MjM1ZWFjMTY3MWXB0IJRlKOw/a2OCww0lEq+NsDMShqFj8ufvXsVXRlIqUwkv6yvkFcw0Y9+adGlvMMfTI/GXubd9+VqnfYSfdjld', NULL, NULL, NULL, NULL, '1', '2018-08-08 20:56:43', NULL, '1'),
(1215, 1215, 'blass_andreita@hotmail.com', '60sU04pqQwiP0I5NLm0pbLFhU8x_eUJw', 'PMLFqAeA3TjsRNVHHkSrEzMwZDI4OTVlNjU1YzBjMTgxNzQ2NWM3YTQ3NTk1MjcwZWMzZjYxYThlMGFlZjgyZGQ3YzA5MjM1ZWFjMTY3MWXB0IJRlKOw/a2OCww0lEq+NsDMShqFj8ufvXsVXRlIqUwkv6yvkFcw0Y9+adGlvMMfTI/GXubd9+VqnfYSfdjld', NULL, NULL, NULL, NULL, '1', '2018-08-14 18:35:19', NULL, '1'),

(1216, 1216, '', 'GYSCRJL9nDJ7LDbI2v9Is7JGNNAH6nPr', 'HqtIfthv3oYTP72j/fqihTgyYzY4N2ZmNWVkOTc1ZDAyZmU3NzNkMjg4YjUzMTBmNzkyYjE4ZWQ1YWZiMGQ3YzMwYTc1ZjM5NjA1ZGQ3YzMKIEKNBLOxfh1LJ3U2SRO7+kTu7vl3//A2HQ4CLxRY8kuM02fc2Pzb8iX+02Xc0H9ZRpQQegEIoqrj8PikHKPi', NULL, NULL, NULL, 'http://181.39.139.68/asgard/site/activation?wg=v35EaJByv1P40EodSHelLFTiA2OKpM', '0', '2018-10-04 20:29:11', NULL, '1'), 
(1217, 1217, 'clementevacacela@hotmail.com', 'syM4iwFfJI9VU3URRjSMq6gpaNZY4j7p', '1bILIrebFWwkaeJvED0d7jcwY2NhYTE3NTI5YzRmYTBmZDBjNzI5ZmJmMjk4ZWY1OWFkYzQ3N2RiNzgzYTE0YTlkMWE2OTcxNGU3ZGE5M2FGVN52ZLCesFR1IB7Xm3QSwpGB7vf+TJUuLMh6eqY/BWgu+LRexIcl1WOqj5x+uCXgZGTtO6RTepolaU7z+z2K', NULL, NULL, NULL, '', '1', '2018-10-04 22:16:22', NULL, '1'), 
(1218, 1218, 'armandosarango-14@hotmail.com', 'QnVALjTCvwAYYYFjyrhFNItdUMEhJxEa', 'aN+ri3hndq3jSiH/bmUpXmQzNDM1MzI4ZTYyOTZmNzdmOGNiMGQ4YWUyYWYwMWYyZDViM2Q1MjlkMDljZjEzMDMxNGE4MWNhMGFhY2ZkY2MQEcJhwddQn3Bnw00uL2JGNl5wZpVxNibawtwFGDDTL4b9GUihBANYLXGQGGi1pKHYaNuYGpdhtv5HJtdV81ip', NULL, NULL, NULL, 'http://181.39.139.67/asgard/site/activation?wg=BTpqKQmJPyyEM2wi2chC8lDw2GcmDqe', '0', '2018-10-05 14:46:34', NULL, '1'), 
(1219, 1219, 'isra0990arca@gmail.com', 'PNvmlFD1ObktP0WG12CWQQoZ76A8B2mc', 'cqjUNGpl7DmiX4h25KIGQWY1ODQxNjcxYzljYzg2MWIyYzJjZDI0MTI2OTgwN2ZlYTJlZjU5OTZjNTcyZWVkYjM1NGZmOWFkNjY3ZjhlYzEtqBnGjFgImKkwzZF3jpGwrSZfeBLBFmgnNcGQYoTyFJmM9EinGc1bB/ZgYV5M7kmtg4AlQmYLNIIsWB5/l1ZG', NULL, NULL, NULL, '', '1', '2018-10-05 16:26:23', NULL, '1'), 
(1220, 1220, 'jtenorioa@unemi.edu.ec', 'odVaLu_vah343YKAI3OGL6pHSvHk32eo', 'JOeGnYd8Hon6AF1vvrnA1jJjMTE3OGYyMzViNjhmODU4OGRmYmEyYzU1OTgzNmNlOThkMTc4MGEwNzRiODZmOWU2MDE1OGQwNDM5Zjk5Y2PIiOMAp2zC7N2Kasae1/CSdhcnB1djxKw9gFg/7krhIpOU5vNhgL853azL/p7J/+kdMyti6Z6qMmq95e8E68Us', NULL, NULL, NULL, '', '1', '2018-10-05 22:40:17', NULL, '1'), 
(1221, 1221, 'karemclaribelsaldana@hotmail.com', 'is3TB1VKRDV2wa7V1PCis81Wc9TxGVFc', '0c4SJLvuhyGPU9MLoVA2ijZlNzI1NDdjMzc3ZjYwMTEyNWM3ZjBmNWU2YjQwNTE2MWMwMTYxMmRjM2EzYTdiY2ViMmZiM2QxNzc3YTg4OGLeM4WBOY/fZtgJGYHBLZfw7hJTRh9m947kzjWfy5Ah+oa/LhqgiM+tHGvOI56Wt4nwSkvD5KnplFf8CL8k63q0', NULL, NULL, NULL, '', '1', '2018-10-05 20:48:28', NULL, '1'), 
(1222, 1222, 'alexandramacassalazar@gmail.com', 'HldAy9EDWZ018zHxSVgXEuH8UF5VsMHG', 'Sj6Vl7kQtOysK4C2yWIniWFkNDU5NzUxMzZhM2RmOGU0MmM3MWM3MTE3MGM0YWJkYzM2OWIyMGY5NDMzNmI0NTUyMWJkYjRiYzlhYWE1NjLfefyhviVWGf7DjZfJyFHBlrFGGuqfvw766xvgf0Fp7OrKZVrf+Ba/JyANioLRjY15jPPLhkJNd1bevLnnIgNT', NULL, NULL, NULL, 'http://181.39.139.67/asgard/site/activation?wg=4EZWfH1BDdV9Z983RH59Osf5FKLztlM', '0', '2018-10-05 21:09:14', NULL, '1'), 
(1223, 1223, 'darwin.ventura@gestionderiesgos.gob.ec', 'zue60TJyPVJllwO8EiDbQaxDUjsBXYcI', '2OokCuiV9SxhMlWVBWDpYWYxOTNhY2JkM2UwZjI1NTNhNzFmYjU4YzIwZGFiOTE2NmRmOWM1Yjk0MWQyMDkyNjZmYTU0M2Y0ZjIyMGJiZTIHOa6HoE+X4KDFi7LVMyTmyVZy2QWemiIynvkNcVmM0drLIroAJV3aaAWf8NpfblNgSQe+pmZuoba4VNGBLHIX', NULL, NULL, NULL, '', '1', '2018-10-06 12:42:03', NULL, '1'), 
(1224, 1224, '', 'W6hmsWR98hbeP5iV1ber3Tx67DbkQmnE', 'mnuBtH9m5WS+iKoLeMVPtjgyYzYxZTU3ZTRkZDQyMjg5MTMwODcxMjYwYTNkZWE1ZWNiYTUwODdjODY4Mzg3NGU0MjAxYzVlMGYwNmZkYzMQa67YTY0vRwLHkCNgsCZCLZqKsns3WfBKeLMDr6fyzBAjjGlfBq8IyuyCdk7W4DGqlHeKAVFQpKFKMASJ74AP', NULL, NULL, NULL, 'http://181.39.139.67/asgard/site/activation?wg=fB5UssD4jFJ3matc10J1YvqBRleSi8', '0', '2018-10-05 22:33:33', NULL, '1');

--
-- Volcado de datos para la tabla `empresa_persona`
--

INSERT INTO `empresa_persona` (`eper_id`, `emp_id`, `per_id`, `eper_estado`, `eper_fecha_creacion`, `eper_fecha_modificacion`, `eper_estado_logico`) VALUES
(1001, 1, 1001, '1', '2017-05-11 04:00:00', NULL, '1'),
(1002, 1, 1002, '1', '2017-05-11 04:00:00', NULL, '1'),
(1003, 1, 1003, '1', '2017-05-11 04:00:00', NULL, '1'),
(1004, 1, 1004, '1', '2017-05-11 04:00:00', NULL, '1'),
(1005, 1, 1005, '1', '2017-05-11 04:00:00', NULL, '1'),
(1006, 1, 1006, '1', '2017-05-11 04:00:00', NULL, '1'),
(1007, 1, 1007, '1', '2017-05-11 04:00:00', NULL, '1'),
(1008, 1, 1008, '1', '2017-05-11 04:00:00', NULL, '1'),
(1009, 1, 1009, '1', '2017-05-11 04:00:00', NULL, '1'),
(1010, 1, 1010, '1', '2017-05-11 04:00:00', NULL, '1'),
(1011, 1, 1011, '1', '2017-05-11 04:00:00', NULL, '1'),
(1012, 1, 1012, '1', '2017-05-11 04:00:00', NULL, '1'),
(1013, 1, 1013, '1', '2017-05-11 04:00:00', NULL, '1'),
(1014, 1, 1014, '1', '2017-05-11 04:00:00', NULL, '1'),
(1015, 1, 1015, '1', '2017-05-11 04:00:00', NULL, '1'),
(1016, 1, 1016, '1', '2017-05-11 04:00:00', NULL, '1'),
(1017, 1, 1017, '1', '2017-05-11 04:00:00', NULL, '1'),
(1018, 1, 1018, '1', '2017-05-11 04:00:00', NULL, '1'),
(1019, 1, 1019, '1', '2017-05-11 04:00:00', NULL, '1'),
(1020, 1, 1020, '1', '2017-05-11 04:00:00', NULL, '1'),
(1021, 1, 1021, '1', '2017-05-11 04:00:00', NULL, '1'),
(1022, 1, 1022, '1', '2017-05-11 04:00:00', NULL, '1'),
(1023, 1, 1023, '1', '2017-05-11 04:00:00', NULL, '1'),
(1024, 1, 1024, '1', '2017-05-11 04:00:00', NULL, '1'),
(1025, 1, 1025, '1', '2017-05-11 04:00:00', NULL, '1'),
(1026, 1, 1026, '1', '2017-05-11 04:00:00', NULL, '1'),
(1027, 1, 1027, '1', '2017-05-11 04:00:00', NULL, '1'),
(1028, 1, 1028, '1', '2017-05-11 04:00:00', NULL, '1'),
(1029, 1, 1029, '1', '2017-05-11 04:00:00', NULL, '1'),
(1030, 1, 1030, '1', '2017-05-11 04:00:00', NULL, '1'),
(1031, 1, 1031, '1', '2017-05-11 04:00:00', NULL, '1'),
(1032, 1, 1032, '1', '2017-05-11 04:00:00', NULL, '1'),
(1033, 1, 1033, '1', '2017-05-11 04:00:00', NULL, '1'),
(1034, 1, 1034, '1', '2017-05-11 04:00:00', NULL, '1'),
(1035, 1, 1035, '1', '2017-05-11 04:00:00', NULL, '1'),
(1036, 1, 1036, '1', '2017-05-11 04:00:00', NULL, '1'),
(1037, 1, 1037, '1', '2017-05-11 04:00:00', NULL, '1'),
(1038, 1, 1038, '1', '2017-05-11 04:00:00', NULL, '1'),
(1039, 1, 1039, '1', '2017-05-11 04:00:00', NULL, '1'),
(1040, 1, 1040, '1', '2017-05-11 04:00:00', NULL, '1'),
(1041, 1, 1041, '1', '2017-05-11 04:00:00', NULL, '1'),
(1042, 1, 1042, '1', '2017-05-11 04:00:00', NULL, '1'),
(1043, 1, 1043, '1', '2017-05-11 04:00:00', NULL, '1'),
(1044, 1, 1044, '1', '2017-05-11 04:00:00', NULL, '1'),
(1045, 1, 1045, '1', '2017-05-11 04:00:00', NULL, '1'),
(1046, 1, 1046, '1', '2017-05-11 04:00:00', NULL, '1'),
(1047, 1, 1047, '1', '2017-05-11 04:00:00', NULL, '1'),
(1048, 1, 1048, '1', '2017-05-11 04:00:00', NULL, '1'),
(1049, 1, 1049, '1', '2017-05-11 04:00:00', NULL, '1'),
(1050, 1, 1050, '1', '2017-05-11 04:00:00', NULL, '1'),
(1051, 1, 1051, '1', '2017-05-11 04:00:00', NULL, '1'),
(1052, 1, 1052, '1', '2017-05-11 04:00:00', NULL, '1'),
(1053, 1, 1053, '1', '2017-05-11 04:00:00', NULL, '1'),
(1054, 1, 1054, '1', '2017-05-11 04:00:00', NULL, '1'),
(1055, 1, 1055, '1', '2017-05-11 04:00:00', NULL, '1'),
(1056, 1, 1056, '1', '2017-05-11 04:00:00', NULL, '1'),
(1057, 1, 1057, '1', '2017-05-11 04:00:00', NULL, '1'),
(1058, 1, 1058, '1', '2017-05-11 04:00:00', NULL, '1'),
(1059, 1, 1059, '1', '2017-05-11 04:00:00', NULL, '1'),
(1060, 1, 1060, '1', '2017-05-11 04:00:00', NULL, '1'),
(1061, 1, 1061, '1', '2017-05-11 04:00:00', NULL, '1'),
(1062, 1, 1062, '1', '2017-05-11 04:00:00', NULL, '1'),
(1063, 1, 1063, '1', '2017-05-11 04:00:00', NULL, '1'),
(1064, 1, 1064, '1', '2017-05-11 04:00:00', NULL, '1'),
(1065, 1, 1065, '1', '2017-05-11 04:00:00', NULL, '1'),
(1066, 1, 1066, '1', '2017-05-11 04:00:00', NULL, '1'),
(1067, 1, 1067, '1', '2017-05-11 04:00:00', NULL, '1'),
(1068, 1, 1068, '1', '2017-05-11 04:00:00', NULL, '1'),
(1069, 1, 1069, '1', '2017-05-11 04:00:00', NULL, '1'),
(1070, 1, 1070, '1', '2017-05-11 04:00:00', NULL, '1'),
(1071, 1, 1071, '1', '2017-05-11 04:00:00', NULL, '1'),
(1072, 1, 1072, '1', '2017-05-11 04:00:00', NULL, '1'),
(1073, 1, 1073, '1', '2017-05-11 04:00:00', NULL, '1'),
(1074, 1, 1074, '1', '2017-05-11 04:00:00', NULL, '1'),
(1075, 1, 1075, '1', '2017-05-11 04:00:00', NULL, '1'),
(1076, 1, 1076, '1', '2017-05-11 04:00:00', NULL, '1'),
(1077, 1, 1077, '1', '2017-05-11 04:00:00', NULL, '1'),
(1078, 1, 1078, '1', '2017-05-11 04:00:00', NULL, '1'),
(1079, 1, 1079, '1', '2017-05-11 04:00:00', NULL, '1'),
(1080, 1, 1080, '1', '2017-05-11 04:00:00', NULL, '1'),
(1081, 1, 1081, '1', '2017-05-11 04:00:00', NULL, '1'),
(1082, 1, 1082, '1', '2017-05-11 04:00:00', NULL, '1'),
(1083, 1, 1083, '1', '2017-05-11 04:00:00', NULL, '1'),
(1084, 1, 1084, '1', '2017-05-11 04:00:00', NULL, '1'),
(1085, 1, 1085, '1', '2017-05-11 04:00:00', NULL, '1'),
(1086, 1, 1086, '1', '2017-05-11 04:00:00', NULL, '1'),
(1087, 1, 1087, '1', '2017-05-11 04:00:00', NULL, '1'),
(1088, 1, 1088, '1', '2017-05-11 04:00:00', NULL, '1'),
(1089, 1, 1089, '1', '2017-05-11 04:00:00', NULL, '1'),
(1090, 1, 1090, '1', '2017-05-11 04:00:00', NULL, '1'),
(1091, 1, 1091, '1', '2017-05-11 04:00:00', NULL, '1'),
(1092, 1, 1092, '1', '2017-05-11 04:00:00', NULL, '1'),
(1093, 1, 1093, '1', '2017-05-11 04:00:00', NULL, '1'),
(1094, 1, 1094, '1', '2017-05-11 04:00:00', NULL, '1'),
(1095, 1, 1095, '1', '2017-05-11 04:00:00', NULL, '1'),
(1096, 1, 1096, '1', '2017-05-11 04:00:00', NULL, '1'),
(1097, 1, 1097, '1', '2017-05-11 04:00:00', NULL, '1'),
(1098, 1, 1098, '1', '2017-05-11 04:00:00', NULL, '1'),
(1099, 1, 1099, '1', '2017-05-11 04:00:00', NULL, '1'),
(1100, 1, 1100, '1', '2017-05-11 04:00:00', NULL, '1'),
(1101, 1, 1101, '1', '2017-05-11 04:00:00', NULL, '1'),
(1102, 1, 1102, '1', '2017-05-11 04:00:00', NULL, '1'),
(1103, 1, 1103, '1', '2017-05-11 04:00:00', NULL, '1'),
(1104, 1, 1104, '1', '2017-05-11 04:00:00', NULL, '1'),
(1105, 1, 1105, '1', '2017-05-11 04:00:00', NULL, '1'),
(1106, 1, 1106, '1', '2017-05-11 04:00:00', NULL, '1'),
(1107, 1, 1107, '1', '2017-05-11 04:00:00', NULL, '1'),
(1108, 1, 1108, '1', '2017-05-11 04:00:00', NULL, '1'),
(1109, 1, 1109, '1', '2017-05-11 04:00:00', NULL, '1'),
(1110, 1, 1110, '1', '2017-05-11 04:00:00', NULL, '1'),
(1111, 1, 1111, '1', '2017-05-11 04:00:00', NULL, '1'),
(1112, 1, 1112, '1', '2017-05-11 04:00:00', NULL, '1'),
(1113, 1, 1113, '1', '2017-05-11 04:00:00', NULL, '1'),
(1114, 1, 1114, '1', '2017-05-11 04:00:00', NULL, '1'),
(1115, 1, 1115, '1', '2017-05-11 04:00:00', NULL, '1'),
(1116, 1, 1116, '1', '2017-05-11 04:00:00', NULL, '1'),
(1117, 1, 1117, '1', '2017-05-11 04:00:00', NULL, '1'),
(1118, 1, 1118, '1', '2017-05-11 04:00:00', NULL, '1'),
(1119, 1, 1119, '1', '2017-05-11 04:00:00', NULL, '1'),
(1120, 1, 1120, '1', '2017-05-11 04:00:00', NULL, '1'),
(1121, 1, 1121, '1', '2017-05-11 04:00:00', NULL, '1'),
(1122, 1, 1122, '1', '2017-05-11 04:00:00', NULL, '1'),
(1123, 1, 1123, '1', '2017-05-11 04:00:00', NULL, '1'),
(1124, 1, 1124, '1', '2017-05-11 04:00:00', NULL, '1'),
(1125, 1, 1125, '1', '2017-05-11 04:00:00', NULL, '1'),
(1126, 1, 1126, '1', '2017-05-11 04:00:00', NULL, '1'),
(1127, 1, 1127, '1', '2017-05-11 04:00:00', NULL, '1'),
(1128, 1, 1128, '1', '2017-05-11 04:00:00', NULL, '1'),
(1129, 1, 1129, '1', '2017-05-11 04:00:00', NULL, '1'),
(1130, 1, 1130, '1', '2017-05-11 04:00:00', NULL, '1'),
(1131, 1, 1131, '1', '2017-05-11 04:00:00', NULL, '1'),
(1132, 1, 1132, '1', '2017-05-11 04:00:00', NULL, '1'),
(1133, 1, 1133, '1', '2017-05-11 04:00:00', NULL, '1'),
(1134, 1, 1134, '1', '2017-05-11 04:00:00', NULL, '1'),
(1135, 1, 1135, '1', '2017-05-11 04:00:00', NULL, '1'),
(1136, 1, 1136, '1', '2017-05-11 04:00:00', NULL, '1'),
(1137, 1, 1137, '1', '2017-05-11 04:00:00', NULL, '1'),
(1138, 1, 1138, '1', '2017-05-11 04:00:00', NULL, '1'),
(1139, 1, 1139, '1', '2017-05-11 04:00:00', NULL, '1'),
(1140, 1, 1140, '1', '2017-05-11 04:00:00', NULL, '1'),
(1141, 1, 1141, '1', '2017-05-11 04:00:00', NULL, '1'),
(1142, 1, 1142, '1', '2017-05-11 04:00:00', NULL, '1'),
(1143, 1, 1143, '1', '2017-05-11 04:00:00', NULL, '1'),
(1144, 1, 1144, '1', '2017-05-11 04:00:00', NULL, '1'),
(1145, 1, 1145, '1', '2017-05-11 04:00:00', NULL, '1'),
(1146, 1, 1146, '1', '2017-05-11 04:00:00', NULL, '1'),
(1147, 1, 1147, '1', '2017-05-11 04:00:00', NULL, '1'),
(1148, 1, 1148, '1', '2017-05-11 04:00:00', NULL, '1'),
(1149, 1, 1149, '1', '2017-05-11 04:00:00', NULL, '1'),
(1150, 1, 1150, '1', '2017-05-11 04:00:00', NULL, '1'),
(1151, 1, 1151, '1', '2017-05-11 04:00:00', NULL, '1'),
(1152, 1, 1152, '1', '2017-05-11 04:00:00', NULL, '1'),
(1153, 1, 1153, '1', '2017-05-11 04:00:00', NULL, '1'),
(1154, 1, 1154, '1', '2017-05-11 04:00:00', NULL, '1'),
(1155, 1, 1155, '1', '2017-05-11 04:00:00', NULL, '1'),
(1156, 1, 1156, '1', '2017-05-11 04:00:00', NULL, '1'),
(1157, 1, 1157, '1', '2017-05-11 04:00:00', NULL, '1'),
(1158, 1, 1158, '1', '2017-05-11 04:00:00', NULL, '1'),
(1159, 1, 1159, '1', '2017-05-11 04:00:00', NULL, '1'),
(1160, 1, 1160, '1', '2017-05-11 04:00:00', NULL, '1'),
(1161, 1, 1161, '1', '2017-05-11 04:00:00', NULL, '1'),
(1162, 1, 1162, '1', '2017-05-11 04:00:00', NULL, '1'),
(1163, 1, 1163, '1', '2017-05-11 04:00:00', NULL, '1'),
(1164, 1, 1164, '1', '2017-05-11 04:00:00', NULL, '1'),
(1165, 1, 1165, '1', '2017-05-11 04:00:00', NULL, '1'),
(1166, 1, 1166, '1', '2017-05-11 04:00:00', NULL, '1'),
(1167, 1, 1167, '1', '2017-05-11 04:00:00', NULL, '1'),
(1168, 1, 1168, '1', '2017-05-11 04:00:00', NULL, '1'),
(1169, 1, 1169, '1', '2017-05-11 04:00:00', NULL, '1'),
(1170, 1, 1170, '1', '2017-05-11 04:00:00', NULL, '1'),
(1171, 1, 1171, '1', '2017-05-11 04:00:00', NULL, '1'),
(1172, 1, 1172, '1', '2017-05-11 04:00:00', NULL, '1'),
(1173, 1, 1173, '1', '2017-05-11 04:00:00', NULL, '1'),
(1174, 1, 1174, '1', '2017-05-11 04:00:00', NULL, '1'),
(1175, 1, 1175, '1', '2017-05-11 04:00:00', NULL, '1'),
(1176, 1, 1176, '1', '2017-05-11 04:00:00', NULL, '1'),
(1177, 1, 1177, '1', '2017-05-11 04:00:00', NULL, '1'),
(1178, 1, 1178, '1', '2017-05-11 04:00:00', NULL, '1'),
(1179, 1, 1179, '1', '2017-05-11 04:00:00', NULL, '1'),
(1180, 1, 1180, '1', '2017-05-11 04:00:00', NULL, '1'),
(1181, 1, 1181, '1', '2017-05-11 04:00:00', NULL, '1'),
(1182, 1, 1182, '1', '2017-05-11 04:00:00', NULL, '1'),
(1183, 1, 1183, '1', '2017-05-11 04:00:00', NULL, '1'),
(1184, 1, 1184, '1', '2017-05-11 04:00:00', NULL, '1'),
(1185, 1, 1185, '1', '2017-05-11 04:00:00', NULL, '1'),
(1186, 1, 1186, '1', '2017-05-11 04:00:00', NULL, '1'),
(1187, 1, 1187, '1', '2017-05-11 04:00:00', NULL, '1'),
(1188, 1, 1188, '1', '2017-05-11 04:00:00', NULL, '1'),
(1189, 1, 1189, '1', '2017-05-11 04:00:00', NULL, '1'),
(1190, 1, 1190, '1', '2017-05-11 04:00:00', NULL, '1'),
(1191, 1, 1191, '1', '2017-05-11 04:00:00', NULL, '1'),
(1192, 1, 1192, '1', '2017-05-11 04:00:00', NULL, '1'),
(1193, 1, 1193, '1', '2017-05-11 04:00:00', NULL, '1'),
(1194, 1, 1194, '1', '2017-05-11 04:00:00', NULL, '1'),
(1195, 1, 1195, '1', '2017-05-11 04:00:00', NULL, '1'),
(1196, 1, 1196, '1', '2017-05-11 04:00:00', NULL, '1'),
(1197, 1, 1197, '1', '2017-05-11 04:00:00', NULL, '1'),
(1198, 1, 1198, '1', '2017-05-11 04:00:00', NULL, '1'),
(1199, 1, 1199, '1', '2017-05-11 04:00:00', NULL, '1'),
(1200, 1, 1200, '1', '2017-05-11 04:00:00', NULL, '1'),
(1201, 1, 1201, '1', '2017-05-11 04:00:00', NULL, '1'),
(1202, 1, 1202, '1', '2017-05-11 04:00:00', NULL, '1'),
(1203, 1, 1203, '1', '2017-05-11 04:00:00', NULL, '1'),
(1204, 1, 1204, '1', '2017-05-11 04:00:00', NULL, '1'),
(1205, 1, 1205, '1', '2017-05-11 04:00:00', NULL, '1'),
(1206, 1, 1206, '1', '2017-05-11 04:00:00', NULL, '1'),
(1207, 1, 1207, '1', '2017-05-11 04:00:00', NULL, '1'),
(1208, 1, 1208, '1', '2017-05-11 04:00:00', NULL, '1'),
(1209, 1, 1209, '1', '2017-05-11 04:00:00', NULL, '1'),
(1210, 1, 1210, '1', '2017-05-11 04:00:00', NULL, '1'),
(1211, 1, 1211, '1', '2017-05-11 04:00:00', NULL, '1'),
(1212, 1, 1212, '1', '2018-08-04 00:10:03', NULL, '1'),
(1213, 1, 1213, '1', '2018-08-10 00:45:13', NULL, '1'),
(1214, 1, 1214, '1', '2018-08-03 19:10:03', NULL, '1'),
(1215, 1, 1215, '1', '2018-08-14 18:11:45', NULL, '1'),

(1216, 1, 1216, '1', '2018-10-04 20:29:11', NULL, '1'), 
(1217, 1, 1217, '1', '2018-10-04 20:52:15', NULL, '1'), 
(1218, 1, 1218, '1', '2018-10-05 14:46:34', NULL, '1'), 
(1219, 1, 1219, '1', '2018-10-05 16:09:11', NULL, '1'), 
(1220, 1, 1220, '1', '2018-10-05 20:24:47', NULL, '1'), 
(1221, 1, 1221, '1', '2018-10-05 20:38:24', NULL, '1'), 
(1222, 1, 1222, '1', '2018-10-05 21:09:13', NULL, '1'), 
(1223, 1, 1223, '1', '2018-10-05 21:44:43', NULL, '1'), 
(1224, 1, 1224, '1', '2018-10-05 22:33:32', NULL, '1');

--
-- Volcado de datos para la tabla `usua_grol_eper`
--

INSERT INTO `usua_grol_eper` (`ugep_id`, `eper_id`, `usu_id`, `grol_id`, `ugep_estado`, `ugep_fecha_creacion`, `ugep_fecha_modificacion`, `ugep_estado_logico`) VALUES
(1001, 1001, 1001, 11, '1', '2017-10-01 13:14:00', NULL, '1'),
(1002, 1002, 1002, 11, '1', '2017-10-03 17:57:00', NULL, '1'),
(1003, 1003, 1003, 11, '1', '2017-10-10 10:31:00', NULL, '1'),
(1004, 1004, 1004, 11, '1', '2017-10-13 20:19:00', NULL, '1'),
(1005, 1005, 1005, 11, '1', '2017-10-14 16:34:00', NULL, '1'),
(1006, 1006, 1006, 11, '1', '2017-10-15 06:56:00', NULL, '1'),
(1007, 1007, 1007, 11, '1', '2017-10-17 11:44:00', NULL, '1'),
(1008, 1008, 1008, 11, '1', '2017-10-18 06:06:00', NULL, '1'),
(1009, 1009, 1009, 11, '1', '2017-10-18 06:26:00', NULL, '1'),
(1010, 1010, 1010, 11, '1', '2018-01-23 05:29:00', NULL, '1'),
(1011, 1011, 1011, 11, '1', '2017-10-27 14:16:00', NULL, '1'),
(1012, 1012, 1012, 11, '1', '2017-11-06 08:49:00', NULL, '1'),
(1013, 1013, 1013, 11, '1', '2017-11-09 04:54:00', NULL, '1'),
(1014, 1014, 1014, 11, '1', '2017-10-26 02:45:00', NULL, '1'),
(1015, 1015, 1015, 11, '1', '2017-11-01 08:11:00', NULL, '1'),
(1016, 1016, 1016, 11, '1', '2017-10-27 02:21:00', NULL, '1'),
(1017, 1017, 1017, 11, '1', '2017-11-02 05:29:00', NULL, '1'),
(1018, 1018, 1018, 11, '1', '2017-11-08 01:31:00', NULL, '1'),
(1019, 1019, 1019, 11, '1', '2017-11-08 00:54:00', NULL, '1'),
(1020, 1020, 1020, 11, '1', '2017-11-08 16:10:00', NULL, '1'),
(1021, 1021, 1021, 11, '1', '2017-11-11 12:26:00', NULL, '1'),
(1022, 1022, 1022, 11, '1', '2017-11-13 00:38:00', NULL, '1'),
(1023, 1023, 1023, 11, '1', '2017-11-14 02:21:00', NULL, '1'),
(1024, 1024, 1024, 11, '1', '2017-11-15 05:06:00', NULL, '1'),
(1025, 1025, 1025, 11, '1', '2017-11-20 01:09:00', NULL, '1'),
(1026, 1026, 1026, 11, '1', '2017-12-05 00:28:00', NULL, '1'),
(1027, 1027, 1027, 11, '1', '2017-11-21 07:50:00', NULL, '1'),
(1028, 1028, 1028, 11, '1', '2017-11-24 06:50:00', NULL, '1'),
(1029, 1029, 1029, 11, '1', '2018-01-04 10:44:00', NULL, '1'),
(1030, 1030, 1030, 11, '1', '2018-07-20 07:37:00', NULL, '1'),
(1031, 1031, 1031, 11, '1', '2018-01-06 04:16:00', NULL, '1'),
(1032, 1032, 1032, 11, '1', '2018-01-08 15:44:00', NULL, '1'),
(1033, 1033, 1033, 11, '1', '2018-01-11 12:26:00', NULL, '1'),
(1034, 1034, 1034, 11, '1', '2018-01-13 08:11:00', NULL, '1'),
(1035, 1035, 1035, 11, '1', '2018-01-13 10:11:00', NULL, '1'),
(1036, 1036, 1036, 11, '1', '2018-01-16 10:18:00', NULL, '1'),
(1037, 1037, 1037, 11, '1', '2018-01-18 01:10:00', NULL, '1'),
(1038, 1038, 1038, 11, '1', '2018-01-24 13:10:00', NULL, '1'),
(1039, 1039, 1039, 11, '1', '2018-01-26 14:05:00', NULL, '1'),
(1040, 1040, 1040, 11, '1', '2018-01-29 09:08:00', NULL, '1'),
(1041, 1041, 1041, 11, '1', '2018-01-30 01:32:00', NULL, '1'),
(1042, 1042, 1042, 11, '1', '2018-01-31 07:01:00', NULL, '1'),
(1043, 1043, 1043, 11, '1', '2018-02-08 08:05:00', NULL, '1'),
(1044, 1044, 1044, 11, '1', '2018-02-10 12:55:00', NULL, '1'),
(1045, 1045, 1045, 11, '1', '2018-04-23 02:23:00', NULL, '1'),
(1046, 1046, 1046, 11, '1', '2018-02-20 09:02:00', NULL, '1'),
(1047, 1047, 1047, 11, '1', '2018-02-16 06:31:00', NULL, '1'),
(1048, 1048, 1048, 11, '1', '2018-02-17 12:47:00', NULL, '1'),
(1049, 1049, 1049, 11, '1', '2018-02-20 03:27:00', NULL, '1'),
(1050, 1050, 1050, 11, '1', '2018-02-28 07:48:00', NULL, '1'),
(1051, 1051, 1051, 11, '1', '2018-02-20 10:30:00', NULL, '1'),
(1052, 1052, 1052, 11, '1', '2018-02-23 01:46:00', NULL, '1'),
(1053, 1053, 1053, 11, '1', '2018-03-02 09:18:00', NULL, '1'),
(1054, 1054, 1054, 11, '1', '2018-03-02 08:45:00', NULL, '1'),
(1055, 1055, 1055, 11, '1', '2018-03-05 14:02:00', NULL, '1'),
(1056, 1056, 1056, 11, '1', '2018-03-07 03:42:00', NULL, '1'),
(1057, 1057, 1057, 11, '1', '2018-03-09 11:00:00', NULL, '1'),
(1058, 1058, 1058, 11, '1', '2018-03-09 02:02:00', NULL, '1'),
(1059, 1059, 1059, 11, '1', '2018-03-09 03:45:00', NULL, '1'),
(1060, 1060, 1060, 11, '1', '2018-03-09 06:55:00', NULL, '1'),
(1061, 1061, 1061, 11, '1', '2018-03-09 08:43:00', NULL, '1'),
(1062, 1062, 1062, 11, '1', '2018-03-09 13:26:00', NULL, '1'),
(1063, 1063, 1063, 11, '1', '2018-03-11 04:55:00', NULL, '1'),
(1064, 1064, 1064, 11, '1', '2018-03-12 09:56:00', NULL, '1'),
(1065, 1065, 1065, 11, '1', '2018-03-12 13:16:00', NULL, '1'),
(1066, 1066, 1066, 11, '1', '2018-03-13 04:04:00', NULL, '1'),
(1067, 1067, 1067, 11, '1', '2018-03-14 01:49:00', NULL, '1'),
(1068, 1068, 1068, 11, '1', '2018-03-14 02:42:00', NULL, '1'),
(1069, 1069, 1069, 11, '1', '2018-03-16 07:21:00', NULL, '1'),
(1070, 1070, 1070, 11, '1', '2018-03-15 11:39:00', NULL, '1'),
(1071, 1071, 1071, 11, '1', '2018-03-16 04:57:00', NULL, '1'),
(1072, 1072, 1072, 11, '1', '2018-03-16 05:47:00', NULL, '1'),
(1073, 1073, 1073, 11, '1', '2018-03-16 09:45:00', NULL, '1'),
(1074, 1074, 1074, 11, '1', '2018-03-16 11:49:00', NULL, '1'),
(1075, 1075, 1075, 11, '1', '2018-03-16 12:50:00', NULL, '1'),
(1076, 1076, 1076, 11, '1', '2018-03-17 03:58:00', NULL, '1'),
(1077, 1077, 1077, 11, '1', '2018-03-17 04:24:00', NULL, '1'),
(1078, 1078, 1078, 11, '1', '2018-03-17 09:36:00', NULL, '1'),
(1079, 1079, 1079, 11, '1', '2018-03-19 10:46:00', NULL, '1'),
(1080, 1080, 1080, 11, '1', '2018-03-21 05:17:00', NULL, '1'),
(1081, 1081, 1081, 11, '1', '2018-03-22 00:03:00', NULL, '1'),
(1082, 1082, 1082, 11, '1', '2018-03-22 08:18:00', NULL, '1'),
(1083, 1083, 1083, 11, '1', '2018-03-22 10:28:00', NULL, '1'),
(1084, 1084, 1084, 11, '1', '2018-04-06 09:34:00', NULL, '1'),
(1085, 1085, 1085, 11, '1', '2018-03-25 05:07:00', NULL, '1'),
(1086, 1086, 1086, 11, '1', '2018-03-27 11:08:00', NULL, '1'),
(1087, 1087, 1087, 11, '1', '2018-04-04 13:06:00', NULL, '1'),
(1088, 1088, 1088, 11, '1', '2018-03-29 08:21:00', NULL, '1'),
(1089, 1089, 1089, 11, '1', '2018-03-30 03:12:00', NULL, '1'),
(1090, 1090, 1090, 11, '1', '2018-03-30 04:12:00', NULL, '1'),
(1091, 1091, 1091, 11, '1', '2018-03-30 14:48:00', NULL, '1'),
(1092, 1092, 1092, 11, '1', '2018-03-31 10:44:00', NULL, '1'),
(1093, 1093, 1093, 11, '1', '2018-03-31 11:50:00', NULL, '1'),
(1094, 1094, 1094, 11, '1', '2018-04-11 03:29:00', NULL, '1'),
(1095, 1095, 1095, 11, '1', '2018-04-04 05:49:00', NULL, '1'),
(1096, 1096, 1096, 11, '1', '2018-04-04 06:00:00', NULL, '1'),
(1097, 1097, 1097, 11, '1', '2018-04-05 11:25:00', NULL, '1'),
(1098, 1098, 1098, 11, '1', '2018-04-10 07:59:00', NULL, '1'),
(1099, 1099, 1099, 11, '1', '2018-04-06 05:43:00', NULL, '1'),
(1100, 1100, 1100, 11, '1', '2018-04-10 10:01:00', NULL, '1'),
(1101, 1101, 1101, 11, '1', '2018-04-11 01:22:00', NULL, '1'),
(1102, 1102, 1102, 11, '1', '2018-04-10 09:33:00', NULL, '1'),
(1103, 1103, 1103, 11, '1', '2018-04-11 08:59:00', NULL, '1'),
(1104, 1104, 1104, 11, '1', '2018-04-13 11:29:00', NULL, '1'),
(1105, 1105, 1105, 11, '1', '2018-04-10 03:12:00', NULL, '1'),
(1106, 1106, 1106, 11, '1', '2018-04-10 10:01:00', NULL, '1'),
(1107, 1107, 1107, 11, '1', '2018-04-10 13:53:00', NULL, '1'),
(1108, 1108, 1108, 11, '1', '2018-04-18 03:13:00', NULL, '1'),
(1109, 1109, 1109, 11, '1', '2018-04-11 05:42:00', NULL, '1'),
(1110, 1110, 1110, 11, '1', '2018-04-13 04:12:00', NULL, '1'),
(1111, 1111, 1111, 11, '1', '2018-04-12 03:24:00', NULL, '1'),
(1112, 1112, 1112, 11, '1', '2018-04-12 06:22:00', NULL, '1'),
(1113, 1113, 1113, 11, '1', '2018-04-14 02:16:00', NULL, '1'),
(1114, 1114, 1114, 11, '1', '2018-04-13 05:45:00', NULL, '1'),
(1115, 1115, 1115, 11, '1', '2018-04-13 09:46:00', NULL, '1'),
(1116, 1116, 1116, 11, '1', '2018-04-14 03:17:00', NULL, '1'),
(1117, 1117, 1117, 11, '1', '2018-04-18 05:43:00', NULL, '1'),
(1118, 1118, 1118, 11, '1', '2018-04-19 01:18:00', NULL, '1'),
(1119, 1119, 1119, 11, '1', '2018-04-18 09:56:00', NULL, '1'),
(1120, 1120, 1120, 11, '1', '2018-04-19 00:23:00', NULL, '1'),
(1121, 1121, 1121, 11, '1', '2018-04-19 06:48:00', NULL, '1'),
(1122, 1122, 1122, 11, '1', '2018-04-21 04:19:00', NULL, '1'),
(1123, 1123, 1123, 11, '1', '2018-04-24 03:48:00', NULL, '1'),
(1124, 1124, 1124, 11, '1', '2018-04-25 12:48:00', NULL, '1'),
(1125, 1125, 1125, 11, '1', '2018-04-27 07:43:00', NULL, '1'),
(1126, 1126, 1126, 11, '1', '2018-04-28 13:01:00', NULL, '1'),
(1127, 1127, 1127, 11, '1', '2018-05-03 08:06:00', NULL, '1'),
(1128, 1128, 1128, 11, '1', '2018-06-29 02:33:00', NULL, '1'),
(1129, 1129, 1129, 11, '1', '2018-05-05 02:15:00', NULL, '1'),
(1130, 1130, 1130, 11, '1', '2018-05-05 02:38:00', NULL, '1'),
(1131, 1131, 1131, 11, '1', '2018-05-08 09:59:00', NULL, '1'),
(1132, 1132, 1132, 11, '1', '2018-05-10 04:31:00', NULL, '1'),
(1133, 1133, 1133, 11, '1', '2018-06-10 01:19:00', NULL, '1'),
(1134, 1134, 1134, 11, '1', '2018-05-16 06:45:00', NULL, '1'),
(1135, 1135, 1135, 11, '1', '2018-05-17 15:08:00', NULL, '1'),
(1136, 1136, 1136, 11, '1', '2018-05-19 07:30:00', NULL, '1'),
(1137, 1137, 1137, 11, '1', '2018-06-03 02:26:00', NULL, '1'),
(1138, 1138, 1138, 11, '1', '2018-05-29 05:36:00', NULL, '1'),
(1139, 1139, 1139, 11, '1', '2018-05-30 10:35:00', NULL, '1'),
(1140, 1140, 1140, 11, '1', '2018-05-31 01:42:00', NULL, '1'),
(1141, 1141, 1141, 11, '1', '2018-06-01 00:55:00', NULL, '1'),
(1142, 1142, 1142, 11, '1', '2018-06-22 03:10:00', NULL, '1'),
(1143, 1143, 1143, 11, '1', '2018-06-01 05:09:00', NULL, '1'),
(1144, 1144, 1144, 11, '1', '2018-06-01 06:26:00', NULL, '1'),
(1145, 1145, 1145, 11, '1', '2018-06-01 12:12:00', NULL, '1'),
(1146, 1146, 1146, 11, '1', '2018-06-02 23:52:00', NULL, '1'),
(1147, 1147, 1147, 11, '1', '2018-06-03 03:21:00', NULL, '1'),
(1148, 1148, 1148, 11, '1', '2018-06-05 07:55:00', NULL, '1'),
(1149, 1149, 1149, 11, '1', '2018-06-06 10:43:00', NULL, '1'),
(1150, 1150, 1150, 11, '1', '2018-06-07 06:12:00', NULL, '1'),
(1151, 1151, 1151, 11, '1', '2018-06-08 09:22:00', NULL, '1'),
(1152, 1152, 1152, 11, '1', '2018-06-09 08:16:00', NULL, '1'),
(1153, 1153, 1153, 11, '1', '2018-06-12 03:02:00', NULL, '1'),
(1154, 1154, 1154, 11, '1', '2018-06-12 10:18:00', NULL, '1'),
(1155, 1155, 1155, 11, '1', '2018-06-17 06:13:00', NULL, '1'),
(1156, 1156, 1156, 11, '1', '2018-06-19 14:02:00', NULL, '1'),
(1157, 1157, 1157, 11, '1', '2018-06-27 08:29:00', NULL, '1'),
(1158, 1158, 1158, 11, '1', '2018-06-27 10:56:00', NULL, '1'),
(1159, 1159, 1159, 11, '1', '2018-06-28 12:26:00', NULL, '1'),
(1160, 1160, 1160, 11, '1', '2018-07-04 01:24:00', NULL, '1'),
(1161, 1161, 1161, 11, '1', '2018-07-10 05:19:00', NULL, '1'),
(1162, 1162, 1162, 11, '1', '2018-07-11 02:59:00', NULL, '1'),
(1163, 1163, 1163, 11, '1', '2018-07-12 06:25:00', NULL, '1'),
(1164, 1164, 1164, 11, '1', '2018-07-12 08:49:00', NULL, '1'),
(1165, 1165, 1165, 11, '1', '2018-07-13 00:45:00', NULL, '1'),
(1166, 1166, 1166, 11, '1', '2018-07-24 09:28:00', NULL, '1'),
(1167, 1167, 1167, 11, '1', '2018-07-23 10:44:00', NULL, '1'),
(1168, 1168, 1168, 11, '1', '2018-07-17 11:43:00', NULL, '1'),
(1169, 1169, 1169, 11, '1', '2018-07-19 09:03:00', NULL, '1'),
(1170, 1170, 1170, 11, '1', '2018-07-18 08:47:00', NULL, '1'),
(1171, 1171, 1171, 11, '1', '2018-07-22 00:49:00', NULL, '1'),
(1172, 1172, 1172, 11, '1', '2018-07-28 12:29:00', NULL, '1'),
(1173, 1173, 1173, 11, '1', '2018-07-17 23:09:00', NULL, '1'),
(1174, 1174, 1174, 11, '1', '2018-07-22 05:17:00', NULL, '1'),
(1175, 1175, 1175, 11, '1', '2018-07-30 00:43:00', NULL, '1'),
(1176, 1176, 1176, 11, '1', '2018-07-27 06:45:00', NULL, '1'),
(1177, 1177, 1177, 11, '1', '2018-07-17 08:51:00', NULL, '1'),
(1178, 1178, 1178, 11, '1', '2018-07-21 05:12:00', NULL, '1'),
(1179, 1179, 1179, 11, '1', '2018-07-30 06:34:00', NULL, '1'),
(1180, 1180, 1180, 11, '1', '2018-07-15 07:19:00', NULL, '1'),
(1181, 1181, 1181, 11, '1', '2018-07-24 09:43:00', NULL, '1'),
(1182, 1182, 1182, 11, '1', '2018-07-19 08:57:00', NULL, '1'),
(1183, 1183, 1183, 11, '1', '2018-07-20 08:15:00', NULL, '1'),
(1184, 1184, 1184, 11, '1', '2018-07-31 13:20:00', NULL, '1'),
(1185, 1185, 1185, 11, '1', '2018-07-29 01:49:00', NULL, '1'),
(1186, 1186, 1186, 11, '1', '2018-07-29 02:46:00', NULL, '1'),
(1187, 1187, 1187, 11, '1', '2018-07-17 08:00:00', NULL, '1'),
(1188, 1188, 1188, 11, '1', '2018-07-21 06:42:00', NULL, '1'),
(1189, 1189, 1189, 11, '1', '2018-07-24 04:36:00', NULL, '1'),
(1190, 1190, 1190, 11, '1', '2018-07-29 08:23:00', NULL, '1'),
(1191, 1191, 1191, 11, '1', '2018-07-25 09:25:00', NULL, '1'),
(1192, 1192, 1192, 11, '1', '2018-07-23 22:01:00', NULL, '1'),
(1193, 1193, 1193, 11, '1', '2018-07-31 08:29:00', NULL, '1'),
(1194, 1194, 1194, 11, '1', '2018-07-25 03:18:00', NULL, '1'),
(1195, 1195, 1195, 11, '1', '2018-07-19 06:04:00', NULL, '1'),
(1196, 1196, 1196, 11, '1', '2018-07-20 06:34:00', NULL, '1'),
(1197, 1197, 1197, 11, '1', '2018-07-17 07:53:00', NULL, '1'),
(1198, 1198, 1198, 11, '1', '2018-07-21 02:19:00', NULL, '1'),
(1199, 1199, 1199, 11, '1', '2018-07-19 08:57:00', NULL, '1'),
(1200, 1200, 1200, 11, '1', '2018-07-16 12:48:00', NULL, '1'),
(1201, 1201, 1201, 11, '1', '2018-07-18 09:34:00', NULL, '1'),
(1202, 1202, 1202, 11, '1', '2018-07-17 11:12:00', NULL, '1'),
(1203, 1203, 1203, 11, '1', '2018-07-15 04:42:00', NULL, '1'),
(1204, 1204, 1204, 11, '1', '2018-07-15 05:48:00', NULL, '1'),
(1205, 1205, 1205, 11, '1', '2018-07-18 04:39:00', NULL, '1'),
(1206, 1206, 1206, 11, '1', '2018-07-17 08:46:00', NULL, '1'),
(1207, 1207, 1207, 11, '1', '2018-07-21 23:47:00', NULL, '1'),
(1208, 1208, 1208, 11, '1', '2018-07-22 06:42:00', NULL, '1'),
(1209, 1209, 1209, 11, '1', '2018-07-25 10:20:00', NULL, '1'),
(1210, 1210, 1210, 11, '1', '2018-07-31 04:06:00', NULL, '1'),
(1211, 1211, 1211, 11, '1', '2018-07-31 12:53:00', NULL, '1'),
(1212, 1212, 1212, 11, '1', '2018-08-04 00:46:00', NULL, '1'),
(1213, 1213, 1213, 11, '1', '2018-08-11 21:43:00', NULL, '1'),
(1214, 1214, 1214, 11, '1', '2018-08-10 15:06:48', NULL, '1'),
(1215, 1215, 1215, 11, '1', '2018-08-14 18:56:11', NULL, '1'),

(1216, 1216, 1216, 30, '1', '2018-10-04 20:29:11', NULL, '1'), 
(1217, 1217, 1217, 30, '1', '2018-10-04 20:52:15', NULL, '1'), 
(1218, 1218, 1218, 30, '1', '2018-10-05 14:46:34', NULL, '1'), 
(1219, 1219, 1219, 30, '1', '2018-10-05 16:09:12', NULL, '1'), 
(1220, 1220, 1220, 30, '1', '2018-10-05 20:24:47', NULL, '1'), 
(1221, 1221, 1221, 30, '1', '2018-10-05 20:38:24', NULL, '1'), 
(1222, 1222, 1222, 30, '1', '2018-10-05 21:09:13', NULL, '1'), 
(1223, 1223, 1223, 30, '1', '2018-10-05 21:44:43', NULL, '1'), 
(1224, 1224, 1224, 30, '1', '2018-10-05 22:33:33', NULL, '1');
