--
-- Base de datos: `db_academico`
--
USE `db_academico`;
-- --------------------------------------------------------
--
-- Volcado de datos para la tabla `nivel_instruccion`
--
INSERT INTO `nivel_instruccion` (`nins_id`,`nins_nombre`, `nins_descripcion`,`nins_estado`,`nins_estado_logico`) VALUES
(1,'Primarios','Primarios','1','1'),
(2,'Secundarios','Secundarios','1','1'),
(3,'Tercer Nivel','Tercer Nivel','1','1'),
(4,'Cuarto Nivel','Cuarto Nivel','1','1');

-- --------------------------------------------------------
--
-- Volcado de datos para la tabla `nivel_estudio`
--
 INSERT INTO `nivel_estudio` (`nest_id`, `nest_nombre`, `nest_descripcion`, `nest_usuario_ingreso`, `nest_estado`, `nest_estado_logico`) VALUES
(1, 'Nivel 0', 'Nivel 0 PreAcadémico', '1', '1', '1'),
(2, '1', 'Nivel 1', '1', '1', '1'),
(3, '2', 'Nivel 2', '1', '1', '1'),
(4, '3', 'Nivel 3', '1', '1', '1'),
(5, '4', 'Nivel 4', '1', '1', '1'),
(6, '5', 'Nivel 5', '1', '1', '1'),
(7, '6', 'Nivel 6', '1', '1', '1'),
(8, '7', 'Nivel 7', '1', '1', '1'),
(9, '8', 'Nivel 8', '1', '1', '1'),
(10, '9', 'Nivel 9', '1', '1', '1'),
(11, '10', 'Nivel 10', '1', '1', '1');

-- --------------------------------------------------------
--
-- Volcado de datos para la tabla `tipo_institucion_aca`
--
INSERT INTO `tipo_institucion_aca` (`tiac_id`,`tiac_nombre`, `tiac_descripcion`,`tiac_estado`,`tiac_estado_logico`) VALUES
(1,'Fiscal','Fiscal','1','1'),
(2,'Privada','Privada','1','1'),
(3,'Fiscomisional','Fiscomisional','1','1');

-- --------------------------------------------------------
--
-- Volcado de datos para la tabla `tipo_estudio_academico`
--
INSERT INTO `tipo_estudio_academico` (`teac_id`, `teac_nombre`, `teac_descripcion`, `teac_usuario_ingreso`, `teac_estado`, `teac_estado_logico`) VALUES
(1,'Carrera','Carrera',1,'1','1'),
(2,'Programa','Programa',1,'1','1');
-- (3,'Diplomado','Diplomado',1,'1','1');

    -- --------------------------------------------------------
--
-- Volcado de datos para la tabla `unidad_academica` 
-- 
INSERT INTO `unidad_academica` (`uaca_id`, `uaca_nombre`, `uaca_descripcion`, `uaca_usuario_ingreso`, `uaca_inscripcion`, `uaca_estado`, `uaca_estado_logico`) VALUES
(1, 'Grado', 'Grado', 1, '1', '1', '1'),  
(2, 'Posgrado', 'Posgrado', 1, '1', '1', '1'), 
(3, 'Educación Continua', 'Educación Continua', 1, '0', '1', '1'), 
(4, 'Centro de Idiomas', 'Centro de Idiomas', 1, '0', '1', '1'); 

-- --------------------------------------------------------
--
-- Volcado de datos para la tabla `modalidad`
-- 
INSERT INTO `modalidad` (`mod_id`, `mod_nombre`,`mod_descripcion`, `mod_usuario_ingreso`, `mod_estado`, `mod_estado_logico`) VALUES
(1, 'Online', 'Online', 1, '1', '1'),
(2, 'Presencial', 'Presencial', 1, '1', '1'),
(3, 'Semipresencial', 'Semipresencial', 1 , '1', '1'),
(4, 'Distancia', 'Distancia', 1, '1', '1');

-- --------------------------------------------------------
--
-- Volcado de datos para la tabla `modalidad_centro_costo`
-- 
INSERT INTO `modalidad_centro_costo` (`mcco_id`, `mod_id`, `mcco_code`,`mcco_estado`, `mcco_fecha_creacion`, `mcco_usuario_modifica`, `mcco_estado_logico`) VALUES
(1, 1, 'G-004', 1, '2017-02-01 16:25:00', '1', '1'),
(2, 2, 'G-001', 1, '2017-02-01 16:25:00', '1', '1'),
(3, 3, 'G-002', 1 , '2017-02-01 16:25:00', '1', '1'),
(4, 4, 'G-003', 1, '2017-02-01 16:25:00', '1', '1');

-- --------------------------------------------------------
--
-- Volcado de datos para la tabla `unidad_estudio`
--
INSERT INTO `unidad_estudio` (`uest_id`,`uest_nombre`,`uest_descripcion`,`uest_usuario_ingreso`,`uest_estado`,`uest_estado_logico`) VALUES
(1,'Ingreso', 'Ingreso', 1, '1', '1'),
(2,'Básica', 'Básica', 1, '1', '1'),
(3,'Profesional', 'Profesional', 1, '1', '1'),
(4,'Titulación', 'Titulación', '1', '1', '1');

-- --------------------------------------------------------
--
-- Volcado de datos para la tabla `estudio_academico`
--
INSERT INTO db_academico.estudio_academico (`eaca_id`,`teac_id`,`eaca_codigo`,`eaca_nombre`,`eaca_descripcion`,`eaca_alias`,`eaca_alias_resumen`,`eaca_usuario_ingreso`,`eaca_usuario_modifica`,`eaca_estado`,`eaca_fecha_creacion`,`eaca_fecha_modificacion`,`eaca_estado_logico`) VALUES (1,1,'LCEX','Licenciatura en Comercio Exterior','Licenciatura en Comercio Exterior','licenciatura_en_comercio_exterior','Lic. en Comercio Exterior',1,NULL,'1','2017-02-01 16:25:00',NULL,'1');
INSERT INTO db_academico.estudio_academico (`eaca_id`,`teac_id`,`eaca_codigo`,`eaca_nombre`,`eaca_descripcion`,`eaca_alias`,`eaca_alias_resumen`,`eaca_usuario_ingreso`,`eaca_usuario_modifica`,`eaca_estado`,`eaca_fecha_creacion`,`eaca_fecha_modificacion`,`eaca_estado_logico`) VALUES (2,1,'ECON','Economía','Economía','economia','Economía',1,NULL,'1','2017-02-01 16:25:00',NULL,'1');
INSERT INTO db_academico.estudio_academico (`eaca_id`,`teac_id`,`eaca_codigo`,`eaca_nombre`,`eaca_descripcion`,`eaca_alias`,`eaca_alias_resumen`,`eaca_usuario_ingreso`,`eaca_usuario_modifica`,`eaca_estado`,`eaca_fecha_creacion`,`eaca_fecha_modificacion`,`eaca_estado_logico`) VALUES (3,1,'LFIN','Licenciatura en Finanzas','Licenciatura en Finanzas','licenciatura_en_finanzas','Licenciatura en Finanzas',1,NULL,'1','2017-02-01 16:25:00',NULL,'1');
INSERT INTO db_academico.estudio_academico (`eaca_id`,`teac_id`,`eaca_codigo`,`eaca_nombre`,`eaca_descripcion`,`eaca_alias`,`eaca_alias_resumen`,`eaca_usuario_ingreso`,`eaca_usuario_modifica`,`eaca_estado`,`eaca_fecha_creacion`,`eaca_fecha_modificacion`,`eaca_estado_logico`) VALUES (4,1,'LMER','Licenciatura en Mercadotecnia','Licenciatura en Mercadotecnia','licenciatura_en_mercadotecnia','Licenciatura en Mercadotecnia',1,NULL,'1','2017-02-01 16:25:00',NULL,'1');
INSERT INTO db_academico.estudio_academico (`eaca_id`,`teac_id`,`eaca_codigo`,`eaca_nombre`,`eaca_descripcion`,`eaca_alias`,`eaca_alias_resumen`,`eaca_usuario_ingreso`,`eaca_usuario_modifica`,`eaca_estado`,`eaca_fecha_creacion`,`eaca_fecha_modificacion`,`eaca_estado_logico`) VALUES (5,1,'LTUR','Licenciatura en Turismo','Licenciatura en Turismo','licenciatura_en_turismo','Licenciatura en Turismo',1,NULL,'1','2017-02-01 16:25:00',NULL,'1');
INSERT INTO db_academico.estudio_academico (`eaca_id`,`teac_id`,`eaca_codigo`,`eaca_nombre`,`eaca_descripcion`,`eaca_alias`,`eaca_alias_resumen`,`eaca_usuario_ingreso`,`eaca_usuario_modifica`,`eaca_estado`,`eaca_fecha_creacion`,`eaca_fecha_modificacion`,`eaca_estado_logico`) VALUES (6,1,'LAEM','Licenciatura en Administracion de Empresas','Licenciatura en Administracion de Empresas','licenciatura_en_administracion_de_empresas','Lic. Administración Empresas',1,NULL,'1','2017-02-01 16:25:00',NULL,'1');
INSERT INTO db_academico.estudio_academico (`eaca_id`,`teac_id`,`eaca_codigo`,`eaca_nombre`,`eaca_descripcion`,`eaca_alias`,`eaca_alias_resumen`,`eaca_usuario_ingreso`,`eaca_usuario_modifica`,`eaca_estado`,`eaca_fecha_creacion`,`eaca_fecha_modificacion`,`eaca_estado_logico`) VALUES (7,1,'ISOF','Ingenieria en Software','Ingenieria en Software','ingenieria_en_software','Ingeniería en Software',1,NULL,'1','2017-02-01 16:25:00',NULL,'1');
INSERT INTO db_academico.estudio_academico (`eaca_id`,`teac_id`,`eaca_codigo`,`eaca_nombre`,`eaca_descripcion`,`eaca_alias`,`eaca_alias_resumen`,`eaca_usuario_ingreso`,`eaca_usuario_modifica`,`eaca_estado`,`eaca_fecha_creacion`,`eaca_fecha_modificacion`,`eaca_estado_logico`) VALUES (8,1,'ITEL','Ingenieria en Telecomunicaciones','Ingenieria en Telecomunicaciones','ingenieria_en_telecomunicaciones','Ing. en Telecomunicaciones',1,NULL,'1','2017-02-01 16:25:00',NULL,'1');
INSERT INTO db_academico.estudio_academico (`eaca_id`,`teac_id`,`eaca_codigo`,`eaca_nombre`,`eaca_descripcion`,`eaca_alias`,`eaca_alias_resumen`,`eaca_usuario_ingreso`,`eaca_usuario_modifica`,`eaca_estado`,`eaca_fecha_creacion`,`eaca_fecha_modificacion`,`eaca_estado_logico`) VALUES (9,1,'LCAU','Licenciatura en Contabilidad y Auditoria','Licenciatura en Contabilidad y Auditoria','licenciatura_en_contabilidad_y_auditoria','Lic. Contabilidad y Auditoria',1,NULL,'1','2017-02-01 16:25:00',NULL,'1');
INSERT INTO db_academico.estudio_academico (`eaca_id`,`teac_id`,`eaca_codigo`,`eaca_nombre`,`eaca_descripcion`,`eaca_alias`,`eaca_alias_resumen`,`eaca_usuario_ingreso`,`eaca_usuario_modifica`,`eaca_estado`,`eaca_fecha_creacion`,`eaca_fecha_modificacion`,`eaca_estado_logico`) VALUES (10,1,'ITIN','Ingenieria en Tecnologias de La Información','Ingenieria en Tecnologias de La Información','Ingenieria_en_tecnologias_de_la_información','Ing. Tecnologías Información',1,NULL,'1','2017-02-01 16:25:00',NULL,'1');
INSERT INTO db_academico.estudio_academico (`eaca_id`,`teac_id`,`eaca_codigo`,`eaca_nombre`,`eaca_descripcion`,`eaca_alias`,`eaca_alias_resumen`,`eaca_usuario_ingreso`,`eaca_usuario_modifica`,`eaca_estado`,`eaca_fecha_creacion`,`eaca_fecha_modificacion`,`eaca_estado_logico`) VALUES (11,1,'ILTR','Ingenieria en Logística y Transporte','Ingenieria en Logística y Transporte','ingenieria_en_logística_y_transporte','Ing. en Logística y Transporte',1,NULL,'1','2017-02-01 16:25:00',NULL,'1');
INSERT INTO db_academico.estudio_academico (`eaca_id`,`teac_id`,`eaca_codigo`,`eaca_nombre`,`eaca_descripcion`,`eaca_alias`,`eaca_alias_resumen`,`eaca_usuario_ingreso`,`eaca_usuario_modifica`,`eaca_estado`,`eaca_fecha_creacion`,`eaca_fecha_modificacion`,`eaca_estado_logico`) VALUES (12,1,'LCOM','Licenciatura en Comunicación','Licenciatura en Comunicación','licenciatura_en_comunicación','Licenciatura en Comunicación',1,NULL,'1','2017-02-01 16:25:00',NULL,'1');
INSERT INTO db_academico.estudio_academico (`eaca_id`,`teac_id`,`eaca_codigo`,`eaca_nombre`,`eaca_descripcion`,`eaca_alias`,`eaca_alias_resumen`,`eaca_usuario_ingreso`,`eaca_usuario_modifica`,`eaca_estado`,`eaca_fecha_creacion`,`eaca_fecha_modificacion`,`eaca_estado_logico`) VALUES (13,1,'LGTH','Licenciatura en Gestión y Talento Humano','Licenciatura en Gestión y Talento Humano','licenciatura_en_gestión_y_talento_humano','Lic. Gestión y Talento Humano',1,NULL,'1','2017-02-01 16:25:00',NULL,'1');
INSERT INTO db_academico.estudio_academico (`eaca_id`,`teac_id`,`eaca_codigo`,`eaca_nombre`,`eaca_descripcion`,`eaca_alias`,`eaca_alias_resumen`,`eaca_usuario_ingreso`,`eaca_usuario_modifica`,`eaca_estado`,`eaca_fecha_creacion`,`eaca_fecha_modificacion`,`eaca_estado_logico`) VALUES (14,1,'LAPO','Licenciatura en Administración Portuaria y Aduanera','Licenciatura en Administración Portuaria y Aduanera','licenciatura_en_administración_portuaria_y_aduanera','Lic. Admin. Port. y Adua.',1,NULL,'1','2017-02-01 16:25:00',NULL,'1');
INSERT INTO db_academico.estudio_academico (`eaca_id`,`teac_id`,`eaca_codigo`,`eaca_nombre`,`eaca_descripcion`,`eaca_alias`,`eaca_alias_resumen`,`eaca_usuario_ingreso`,`eaca_usuario_modifica`,`eaca_estado`,`eaca_fecha_creacion`,`eaca_fecha_modificacion`,`eaca_estado_logico`) VALUES (15,2,'MAE','Administración de Empresas','Administración de Empresas','administración_de_empresas','Administración de Empresas',1,NULL,'1','2017-02-01 16:25:00',NULL,'1');
INSERT INTO db_academico.estudio_academico (`eaca_id`,`teac_id`,`eaca_codigo`,`eaca_nombre`,`eaca_descripcion`,`eaca_alias`,`eaca_alias_resumen`,`eaca_usuario_ingreso`,`eaca_usuario_modifica`,`eaca_estado`,`eaca_fecha_creacion`,`eaca_fecha_modificacion`,`eaca_estado_logico`) VALUES (16,2,'MFIT','Finanzas en con Mención en Tributación','Finanzas en con Mención en Tributación','finanzas','Finanzas Mención Tributación',1,NULL,'1','2017-02-01 16:25:00',NULL,'1');
INSERT INTO db_academico.estudio_academico (`eaca_id`,`teac_id`,`eaca_codigo`,`eaca_nombre`,`eaca_descripcion`,`eaca_alias`,`eaca_alias_resumen`,`eaca_usuario_ingreso`,`eaca_usuario_modifica`,`eaca_estado`,`eaca_fecha_creacion`,`eaca_fecha_modificacion`,`eaca_estado_logico`) VALUES (17,2,'MMKT','Marketing','Marketing','marketing','Marketing',1,NULL,'1','2017-02-01 16:25:00',NULL,'1');
INSERT INTO db_academico.estudio_academico (`eaca_id`,`teac_id`,`eaca_codigo`,`eaca_nombre`,`eaca_descripcion`,`eaca_alias`,`eaca_alias_resumen`,`eaca_usuario_ingreso`,`eaca_usuario_modifica`,`eaca_estado`,`eaca_fecha_creacion`,`eaca_fecha_modificacion`,`eaca_estado_logico`) VALUES (18,2,'MSIG','Sistema de Información Gerencial','Sistema de Información Gerencial','sistema_de_información_gerencial','Sistema Información Gerencial',1,NULL,'1','2017-02-01 16:25:00',NULL,'1');
INSERT INTO db_academico.estudio_academico (`eaca_id`,`teac_id`,`eaca_codigo`,`eaca_nombre`,`eaca_descripcion`,`eaca_alias`,`eaca_alias_resumen`,`eaca_usuario_ingreso`,`eaca_usuario_modifica`,`eaca_estado`,`eaca_fecha_creacion`,`eaca_fecha_modificacion`,`eaca_estado_logico`) VALUES (19,2,'MGET','Gestión de Empresas Turísticas','Gestión de Empresas Turísticas','turismo','Gestión de Empresas Turísticas',1,NULL,'1','2017-02-01 16:25:00',NULL,'1');
INSERT INTO db_academico.estudio_academico (`eaca_id`,`teac_id`,`eaca_codigo`,`eaca_nombre`,`eaca_descripcion`,`eaca_alias`,`eaca_alias_resumen`,`eaca_usuario_ingreso`,`eaca_usuario_modifica`,`eaca_estado`,`eaca_fecha_creacion`,`eaca_fecha_modificacion`,`eaca_estado_logico`) VALUES (20,2,'MGTH','Gestión del Talento Humano','Gestión del Talento Humano','talento_humano','Gestión del Talento Humano',1,NULL,'1','2017-02-01 16:25:00',NULL,'1');
INSERT INTO db_academico.estudio_academico (`eaca_id`,`teac_id`,`eaca_codigo`,`eaca_nombre`,`eaca_descripcion`,`eaca_alias`,`eaca_alias_resumen`,`eaca_usuario_ingreso`,`eaca_usuario_modifica`,`eaca_estado`,`eaca_fecha_creacion`,`eaca_fecha_modificacion`,`eaca_estado_logico`) VALUES (21,2,'DEE','Dirección Estratégica en Empresas Familiares','Dirección Estratégica en Empresas Familiares','empresas_familiares','Dir. Estratégica Empresas Fam.',1,NULL,'1','2017-02-01 16:25:00',NULL,'1');
INSERT INTO db_academico.estudio_academico (`eaca_id`,`teac_id`,`eaca_codigo`,`eaca_nombre`,`eaca_descripcion`,`eaca_alias`,`eaca_alias_resumen`,`eaca_usuario_ingreso`,`eaca_usuario_modifica`,`eaca_estado`,`eaca_fecha_creacion`,`eaca_fecha_modificacion`,`eaca_estado_logico`) VALUES (22,2,'GPO','Gestión en Procesos Organizacionales','Gestión en Procesos Organizacionales','investigación','Gestión en Procesos Organiza.',1,NULL,'1','2017-02-01 16:25:00',NULL,'1');
INSERT INTO db_academico.estudio_academico (`eaca_id`,`teac_id`,`eaca_codigo`,`eaca_nombre`,`eaca_descripcion`,`eaca_alias`,`eaca_alias_resumen`,`eaca_usuario_ingreso`,`eaca_usuario_modifica`,`eaca_estado`,`eaca_fecha_creacion`,`eaca_fecha_modificacion`,`eaca_estado_logico`) VALUES (23,2,'MNI','Negocios Internacionales','Negocios Internacionales','negocios_internacionales','Negocios Internacionales',1,NULL,'1','2019-02-11 18:00:00',NULL,'1');
INSERT INTO db_academico.estudio_academico (`eaca_id`,`teac_id`,`eaca_codigo`,`eaca_nombre`,`eaca_descripcion`,`eaca_alias`,`eaca_alias_resumen`,`eaca_usuario_ingreso`,`eaca_usuario_modifica`,`eaca_estado`,`eaca_fecha_creacion`,`eaca_fecha_modificacion`,`eaca_estado_logico`) VALUES (24,2,'MEDUONL','Educación','Educación','educacion','Educación',1,NULL,'1','2019-05-31 18:00:00',NULL,'1');
INSERT INTO db_academico.estudio_academico (`eaca_id`,`teac_id`,`eaca_codigo`,`eaca_nombre`,`eaca_descripcion`,`eaca_alias`,`eaca_alias_resumen`,`eaca_usuario_ingreso`,`eaca_usuario_modifica`,`eaca_estado`,`eaca_fecha_creacion`,`eaca_fecha_modificacion`,`eaca_estado_logico`) VALUES (25,2,'MER','Mercadotecnia','Mercadotecnia','mercadotecnia','Mercadotecnia',1,NULL,'1','2020-01-14 10:40:00',NULL,'1');
INSERT INTO db_academico.estudio_academico (`eaca_id`,`teac_id`,`eaca_codigo`,`eaca_nombre`,`eaca_descripcion`,`eaca_alias`,`eaca_alias_resumen`,`eaca_usuario_ingreso`,`eaca_usuario_modifica`,`eaca_estado`,`eaca_fecha_creacion`,`eaca_fecha_modificacion`,`eaca_estado_logico`) VALUES (26,2,'MDEIC','Dirección de Empresas','Dirección de Empresas','direccion_empresas','Dirección de Empresas',1,NULL,'1','2020-01-14 10:40:00',NULL,'1');
INSERT INTO db_academico.estudio_academico (`eaca_id`,`teac_id`,`eaca_codigo`,`eaca_nombre`,`eaca_descripcion`,`eaca_alias`,`eaca_alias_resumen`,`eaca_usuario_ingreso`,`eaca_usuario_modifica`,`eaca_estado`,`eaca_fecha_creacion`,`eaca_fecha_modificacion`,`eaca_estado_logico`) VALUES (27,1,'EEEN','Economía Mención Economía Empresarial y Negocios','Economía Mención Economía Empresarial y Negocios','economia_mencion_empresarial_negocios','Eco. Empresarial y Negocios',1,NULL,'1','2020-04-07 06:52:52',NULL,'1');
INSERT INTO db_academico.estudio_academico (`eaca_id`,`teac_id`,`eaca_codigo`,`eaca_nombre`,`eaca_descripcion`,`eaca_alias`,`eaca_alias_resumen`,`eaca_usuario_ingreso`,`eaca_usuario_modifica`,`eaca_estado`,`eaca_fecha_creacion`,`eaca_fecha_modificacion`,`eaca_estado_logico`) VALUES (28,1,'ICEN','Ingeniería en Comercio Exterior Mención Negocios Internacionales','Ingeniería en Comercio Exterior Mención Negocios Internacionales','ing_comercio_exterior_negocios_internacionales','Ing. Comercio Ext. Negocio In.',1,NULL,'1','2020-04-07 06:52:52',NULL,'1');
INSERT INTO db_academico.estudio_academico (`eaca_id`,`teac_id`,`eaca_codigo`,`eaca_nombre`,`eaca_descripcion`,`eaca_alias`,`eaca_alias_resumen`,`eaca_usuario_ingreso`,`eaca_usuario_modifica`,`eaca_estado`,`eaca_fecha_creacion`,`eaca_fecha_modificacion`,`eaca_estado_logico`) VALUES (29,1,'ICPA','Ingeniería en Contaduría Pública y Auditoría','Ingeniería en Contaduría Pública y Auditoría','ing_contaduria_publica_auditoria','Ing. Contaduría Pública y Aud.',1,NULL,'1','2020-04-07 06:52:52',NULL,'1');
INSERT INTO db_academico.estudio_academico (`eaca_id`,`teac_id`,`eaca_codigo`,`eaca_nombre`,`eaca_descripcion`,`eaca_alias`,`eaca_alias_resumen`,`eaca_usuario_ingreso`,`eaca_usuario_modifica`,`eaca_estado`,`eaca_fecha_creacion`,`eaca_fecha_modificacion`,`eaca_estado_logico`) VALUES (30,1,'IGEF','Ingeniería en Gestión Empresarial Mención Finanzas y Auditoría','Ingeniería en Gestión Empresarial Mención Finanzas y Auditoría','ing_gestion_empresarial_finanzas_auditoria','Ing. Gestión Empr. Fin. y Aud.',1,NULL,'1','2020-04-07 06:52:52',NULL,'1');
INSERT INTO db_academico.estudio_academico (`eaca_id`,`teac_id`,`eaca_codigo`,`eaca_nombre`,`eaca_descripcion`,`eaca_alias`,`eaca_alias_resumen`,`eaca_usuario_ingreso`,`eaca_usuario_modifica`,`eaca_estado`,`eaca_fecha_creacion`,`eaca_fecha_modificacion`,`eaca_estado_logico`) VALUES (31,1,'IGEM','Ingeniería en Gestión Empresarial Mención Marketing y Ventas','Ingeniería en Gestión Empresarial Mención Marketing y Ventas','ing_gestion_empresarial_marketing_ventas','Ing. Gestión Emp. Mark. y Ven.',1,NULL,'1','2020-04-07 06:52:52',NULL,'1');
INSERT INTO db_academico.estudio_academico (`eaca_id`,`teac_id`,`eaca_codigo`,`eaca_nombre`,`eaca_descripcion`,`eaca_alias`,`eaca_alias_resumen`,`eaca_usuario_ingreso`,`eaca_usuario_modifica`,`eaca_estado`,`eaca_fecha_creacion`,`eaca_fecha_modificacion`,`eaca_estado_logico`) VALUES (32,1,'ISCA','Ingeniería en Sistemas Computacionales Mención Aplicaciones Web y Multimedia','Ingeniería en Sistemas Computacionales Mención Aplicaciones Web y Multimedia','ing_sist_computacionales_web_multimedia','Ing. Sistema Compu. Web y Mul.',1,NULL,'1','2020-04-07 06:52:52',NULL,'1');
INSERT INTO db_academico.estudio_academico (`eaca_id`,`teac_id`,`eaca_codigo`,`eaca_nombre`,`eaca_descripcion`,`eaca_alias`,`eaca_alias_resumen`,`eaca_usuario_ingreso`,`eaca_usuario_modifica`,`eaca_estado`,`eaca_fecha_creacion`,`eaca_fecha_modificacion`,`eaca_estado_logico`) VALUES (33,1,'ISCR','Ingeniería en Sistemas Computacionales Mención Redes y Comunicaciones','Ingeniería en Sistemas Computacionales Mención Redes y Comunicaciones','ing_sist_computacionales_redes_comunicacion','Ing. Sis. Comput. Redes y Com.',1,NULL,'1','2020-04-07 06:52:52',NULL,'1');
INSERT INTO db_academico.estudio_academico (`eaca_id`,`teac_id`,`eaca_codigo`,`eaca_nombre`,`eaca_descripcion`,`eaca_alias`,`eaca_alias_resumen`,`eaca_usuario_ingreso`,`eaca_usuario_modifica`,`eaca_estado`,`eaca_fecha_creacion`,`eaca_fecha_modificacion`,`eaca_estado_logico`) VALUES (34,1,'LCEN','Licenciatura en Comercio Exterior Mención Negocios Internacionales','Licenciatura en Comercio Exterior Mención Negocios Internacionales','lic_comercio_exterior_negocios_internacionales','Lic. Comercio Exter. Neg. Int.',1,NULL,'1','2020-04-07 06:52:52',NULL,'1');
INSERT INTO db_academico.estudio_academico (`eaca_id`,`teac_id`,`eaca_codigo`,`eaca_nombre`,`eaca_descripcion`,`eaca_alias`,`eaca_alias_resumen`,`eaca_usuario_ingreso`,`eaca_usuario_modifica`,`eaca_estado`,`eaca_fecha_creacion`,`eaca_fecha_modificacion`,`eaca_estado_logico`) VALUES (35,1,'LCPA','Licenciatura en Contaduría Pública y Auditoría','Licenciatura en Contaduría Pública y Auditoría','licenciatura_contaduria_publica_y_auditoria','Lic. Contaduría Pública y Aud.',1,NULL,'1','2020-04-07 06:52:52',NULL,'1');
INSERT INTO db_academico.estudio_academico (`eaca_id`,`teac_id`,`eaca_codigo`,`eaca_nombre`,`eaca_descripcion`,`eaca_alias`,`eaca_alias_resumen`,`eaca_usuario_ingreso`,`eaca_usuario_modifica`,`eaca_estado`,`eaca_fecha_creacion`,`eaca_fecha_modificacion`,`eaca_estado_logico`) VALUES (36,1,'LGEM','Licenciatura en Gestión Empresarial Mención Marketing y Ventas','Licenciatura en Gestión Empresarial Mención Marketing y Ventas','lic_gestion_empresarial_marketing_ventas','Lic. Gestión Emp. Mark. y Ven.',1,NULL,'1','2020-04-07 06:52:52',NULL,'1');
INSERT INTO db_academico.estudio_academico (`eaca_id`,`teac_id`,`eaca_codigo`,`eaca_nombre`,`eaca_descripcion`,`eaca_alias`,`eaca_alias_resumen`,`eaca_usuario_ingreso`,`eaca_usuario_modifica`,`eaca_estado`,`eaca_fecha_creacion`,`eaca_fecha_modificacion`,`eaca_estado_logico`) VALUES (37,1,'LGEF','Licenciatura en Gestión Empresarial Mención Finanzas y Auditoría','Licenciatura en Gestión Empresarial Mención Finanzas y Auditoría','lic_gestion_empresarial_finanzas_auditoria','Lic. Gestión Emp. Fin. y Aud.',1,NULL,'1','2020-04-07 06:52:52',NULL,'1');
INSERT INTO db_academico.estudio_academico (`eaca_id`,`teac_id`,`eaca_codigo`,`eaca_nombre`,`eaca_descripcion`,`eaca_alias`,`eaca_alias_resumen`,`eaca_usuario_ingreso`,`eaca_usuario_modifica`,`eaca_estado`,`eaca_fecha_creacion`,`eaca_fecha_modificacion`,`eaca_estado_logico`) VALUES (38,1,'PLEM','Psicología Laboral y Empresarial','Psicología Laboral y Empresarial','psicologia_laboral_empresarial','Psicología Laboral Empresarial',1,NULL,'1','2020-04-07 06:52:52',NULL,'1');
INSERT INTO db_academico.estudio_academico (`eaca_id`,`teac_id`,`eaca_codigo`,`eaca_nombre`,`eaca_descripcion`,`eaca_alias`,`eaca_alias_resumen`,`eaca_usuario_ingreso`,`eaca_usuario_modifica`,`eaca_estado`,`eaca_fecha_creacion`,`eaca_fecha_modificacion`,`eaca_estado_logico`) VALUES (39,1,'IPAA','Ingenieria Portuaria y Aduanera Mencion Administracion Portuaria','Ingenierìa Portuaria y Aduanera Mencion Administracion Portuaria','ing_portuaria_aduanera_admin_empresas','Ing. Portuaria y Aduanera',1,NULL,'1','2020-06-26 11:21:18',NULL,'');
INSERT INTO db_academico.estudio_academico (`eaca_id`,`teac_id`,`eaca_codigo`,`eaca_nombre`,`eaca_descripcion`,`eaca_alias`,`eaca_alias_resumen`,`eaca_usuario_ingreso`,`eaca_usuario_modifica`,`eaca_estado`,`eaca_fecha_creacion`,`eaca_fecha_modificacion`,`eaca_estado_logico`) VALUES (40,1,'LPAA','Licenciatura Portuaria y Aduanera Mencion Administracion Portuaria','Licenciatura Portuaria y Aduanera Mencion Administracion Portuaria','lic_portuaria_aduanera_admi_portuaria','Lic. Portuaria y Aduanera',1,NULL,'1','2020-06-29 11:52:00',NULL,'1');
INSERT INTO db_academico.estudio_academico (`eaca_id`,`teac_id`,`eaca_codigo`,`eaca_nombre`,`eaca_descripcion`,`eaca_alias`,`eaca_alias_resumen`,`eaca_usuario_ingreso`,`eaca_usuario_modifica`,`eaca_estado`,`eaca_fecha_creacion`,`eaca_fecha_modificacion`,`eaca_estado_logico`) VALUES (41,1,'IGTR','Ingenieria en Gestión de Telecomunicaciones Mención Redes de Acceso y Telefonía ','Ingenieria en Gestión de Telecomunicaciones Mención Redes de Acceso y Telefonía ','ing_telecomunicaciones_redes_telefonia','Ing. Gestión Telecomunicacione',1,NULL,'1','2020-07-15 20:52:00',NULL,'1');
INSERT INTO db_academico.estudio_academico (`eaca_id`,`teac_id`,`eaca_codigo`,`eaca_nombre`,`eaca_descripcion`,`eaca_alias`,`eaca_alias_resumen`,`eaca_usuario_ingreso`,`eaca_usuario_modifica`,`eaca_estado`,`eaca_fecha_creacion`,`eaca_fecha_modificacion`,`eaca_estado_logico`) VALUES (42,2,'DCON','Derecho Constitucional','Derecho Constitucional','derecho','Derecho Constitucional',1,NULL,'1','2020-07-24 10:36:01',NULL,'1');
INSERT INTO db_academico.estudio_academico (`eaca_id`,`teac_id`,`eaca_codigo`,`eaca_nombre`,`eaca_descripcion`,`eaca_alias`,`eaca_alias_resumen`,`eaca_usuario_ingreso`,`eaca_usuario_modifica`,`eaca_estado`,`eaca_fecha_creacion`,`eaca_fecha_modificacion`,`eaca_estado_logico`) VALUES (43,2,'APDI','Administración Pública mención Desarrollo Institucional','Administración Pública mención Desarrollo Institucional','administracion_publica','Administración Pública',1,NULL,'1','2020-07-24 10:36:01',NULL,'1');
INSERT INTO db_academico.estudio_academico (`eaca_id`,`teac_id`,`eaca_codigo`,`eaca_nombre`,`eaca_descripcion`,`eaca_alias`,`eaca_alias_resumen`,`eaca_usuario_ingreso`,`eaca_usuario_modifica`,`eaca_estado`,`eaca_fecha_creacion`,`eaca_fecha_modificacion`,`eaca_estado_logico`) VALUES (44,1,'IGHT','Ingeniería en Gestión Hotelera y Turística','Ingeniería en Gestión Hotelera y Turística','ing_hotelera_turistica','Ing.Gestión Hotelera y Turíst.',1,NULL,'1','2020-08-06 16:23:33',NULL,'1');
INSERT INTO db_academico.estudio_academico (`eaca_id`,`teac_id`,`eaca_codigo`,`eaca_nombre`,`eaca_descripcion`,`eaca_alias`,`eaca_alias_resumen`,`eaca_usuario_ingreso`,`eaca_usuario_modifica`,`eaca_estado`,`eaca_fecha_creacion`,`eaca_fecha_modificacion`,`eaca_estado_logico`) VALUES (45,1,'LGHT','Licenciatura en Gestión Hotelera y Turística','Licenciatura en Gestión Hotelera y Turística','lic_hotelera_turistica','Lic.Gestión Hotelera y Turíst.',1,NULL,'1','2020-08-06 16:23:33',NULL,'1');

INSERT INTO db_academico.estudio_academico (`eaca_id`,`teac_id`,`eaca_codigo`,`eaca_nombre`,`eaca_descripcion`,`eaca_alias`,`eaca_alias_resumen`,`eaca_usuario_ingreso`,`eaca_usuario_modifica`,`eaca_estado`,`eaca_fecha_creacion`,`eaca_fecha_modificacion`,`eaca_estado_logico`) VALUES (46,2,'GP','Gestión en Proyectos','Gestión en Proyectos','gestio_proyectos','Gestión en Proyectos',1,NULL,'1','2020-08-06 18:08:10',NULL,'1');
INSERT INTO db_academico.estudio_academico (`eaca_id`,`teac_id`,`eaca_codigo`,`eaca_nombre`,`eaca_descripcion`,`eaca_alias`,`eaca_alias_resumen`,`eaca_usuario_ingreso`,`eaca_usuario_modifica`,`eaca_estado`,`eaca_fecha_creacion`,`eaca_fecha_modificacion`,`eaca_estado_logico`) VALUES (47,1,'DE','Derecho','Derecho','derechos','derechos',1,NULL,'1','2020-11-06 23:08:10',NULL,'1');
INSERT INTO db_academico.estudio_academico (`eaca_id`,`teac_id`,`eaca_codigo`,`eaca_nombre`,`eaca_descripcion`,`eaca_alias`,`eaca_alias_resumen`,`eaca_usuario_ingreso`,`eaca_usuario_modifica`,`eaca_estado`,`eaca_fecha_creacion`,`eaca_fecha_modificacion`,`eaca_estado_logico`) VALUES (48,1,'EDUB','Educación Báscica','Educación Báscica','educacion_basica','educacion_basica',1,NULL,'1','2020-11-23 09:10:10',NULL,'1');
INSERT INTO db_academico.estudio_academico (`eaca_id`,`teac_id`,`eaca_codigo`,`eaca_nombre`,`eaca_descripcion`,`eaca_alias`,`eaca_alias_resumen`,`eaca_usuario_ingreso`,`eaca_usuario_modifica`,`eaca_estado`,`eaca_fecha_creacion`,`eaca_fecha_modificacion`,`eaca_estado_logico`) VALUES (49,1,'GSD','Gestión Social y Desarrollo','Gestión Social y Desarrollo','gestion_social_desa','gestion_social_desa',1,NULL,'1','2020-11-23 09:10:10',NULL,'1');
INSERT INTO db_academico.estudio_academico (`eaca_id`,`teac_id`,`eaca_codigo`,`eaca_nombre`,`eaca_descripcion`,`eaca_alias`,`eaca_alias_resumen`,`eaca_usuario_ingreso`,`eaca_usuario_modifica`,`eaca_estado`,`eaca_fecha_creacion`,`eaca_fecha_modificacion`,`eaca_estado_logico`) VALUES (50,1,'GRD','Gestión de riesgos y desastres','Gestión de riesgos y desastres','gestion_social_desa','gestion_social_desa',1,NULL,'1','2020-11-23 09:10:10',NULL,'1');
INSERT INTO db_academico.estudio_academico (`eaca_id`,`teac_id`,`eaca_codigo`,`eaca_nombre`,`eaca_descripcion`,`eaca_alias`,`eaca_alias_resumen`,`eaca_usuario_ingreso`,`eaca_usuario_modifica`,`eaca_estado`,`eaca_fecha_creacion`,`eaca_fecha_modificacion`,`eaca_estado_logico`) VALUES (51,1,'INGA','Ingeniería Ambiental','Ingeniería Ambiental','ingen_ambiental','ingen_ambiental',1,NULL,'1','2020-11-23 09:10:10',NULL,'1');
INSERT INTO db_academico.estudio_academico (`eaca_id`,`teac_id`,`eaca_codigo`,`eaca_nombre`,`eaca_descripcion`,`eaca_alias`,`eaca_alias_resumen`,`eaca_usuario_ingreso`,`eaca_usuario_modifica`,`eaca_estado`,`eaca_fecha_creacion`,`eaca_fecha_modificacion`,`eaca_estado_logico`) VALUES (52,1,'INSI','Ingeniería en Sistemas de Información','Ingeniería en Sistemas de Información','ing_sist_info','ing_sist_info',1,NULL,'1','2020-11-23 09:10:10',NULL,'1');
INSERT INTO db_academico.estudio_academico (`eaca_id`,`teac_id`,`eaca_codigo`,`eaca_nombre`,`eaca_descripcion`,`eaca_alias`,`eaca_alias_resumen`,`eaca_usuario_ingreso`,`eaca_usuario_modifica`,`eaca_estado`,`eaca_fecha_creacion`,`eaca_fecha_modificacion`,`eaca_estado_logico`) VALUES (53,1,'INGI','Ingeniería Industrial','Ingeniería Industrial','ing_indus','ing_indus',1,NULL,'1','2020-11-23 09:10:10',NULL,'1');
INSERT INTO db_academico.estudio_academico (`eaca_id`,`teac_id`,`eaca_codigo`,`eaca_nombre`,`eaca_descripcion`,`eaca_alias`,`eaca_alias_resumen`,`eaca_usuario_ingreso`,`eaca_usuario_modifica`,`eaca_estado`,`eaca_fecha_creacion`,`eaca_fecha_modificacion`,`eaca_estado_logico`) VALUES (54,1,'MPA','Multimedia y Producción audiovisual','Multimedia y Producción audiovisual','ing_multi_produ','ing_multi_produ',1,NULL,'1','2020-11-23 09:10:10',NULL,'1');
INSERT INTO db_academico.estudio_academico (`eaca_id`,`teac_id`,`eaca_codigo`,`eaca_nombre`,`eaca_descripcion`,`eaca_alias`,`eaca_alias_resumen`,`eaca_usuario_ingreso`,`eaca_usuario_modifica`,`eaca_estado`,`eaca_fecha_creacion`,`eaca_fecha_modificacion`,`eaca_estado_logico`) VALUES (55,1,'NYD','Nutrición y Dietética','Nutrición y Dietética','nutri_diet','nutri_diet',1,NULL,'1','2020-11-23 09:10:10',NULL,'1');
INSERT INTO db_academico.estudio_academico (`eaca_id`,`teac_id`,`eaca_codigo`,`eaca_nombre`,`eaca_descripcion`,`eaca_alias`,`eaca_alias_resumen`,`eaca_usuario_ingreso`,`eaca_usuario_modifica`,`eaca_estado`,`eaca_fecha_creacion`,`eaca_fecha_modificacion`,`eaca_estado_logico`) VALUES (56,1,'PLL','Pedagogía en lengua y literatura','Pedagogía en lengua y literatura','pedago_lengua','pedago_lengua',1,NULL,'1','2020-11-23 09:10:10',NULL,'1');
INSERT INTO db_academico.estudio_academico (`eaca_id`,`teac_id`,`eaca_codigo`,`eaca_nombre`,`eaca_descripcion`,`eaca_alias`,`eaca_alias_resumen`,`eaca_usuario_ingreso`,`eaca_usuario_modifica`,`eaca_estado`,`eaca_fecha_creacion`,`eaca_fecha_modificacion`,`eaca_estado_logico`) VALUES (57,1,'PTM','Pedagogía Técnica de la Mecatrónica','Pedagogía Técnica de la Mecatrónica','pedago_tec_mercado','pedago_tec_mercado',1,NULL,'1','2020-11-23 09:10:10',NULL,'1');
INSERT INTO db_academico.estudio_academico (`eaca_id`,`teac_id`,`eaca_codigo`,`eaca_nombre`,`eaca_descripcion`,`eaca_alias`,`eaca_alias_resumen`,`eaca_usuario_ingreso`,`eaca_usuario_modifica`,`eaca_estado`,`eaca_fecha_creacion`,`eaca_fecha_modificacion`,`eaca_estado_logico`) VALUES (58,1,'PSC','Pscicología','Pscicología','pscicologia','pscicologia',1,NULL,'1','2020-11-23 09:10:10',NULL,'1');
INSERT INTO db_academico.estudio_academico (`eaca_id`,`teac_id`,`eaca_codigo`,`eaca_nombre`,`eaca_descripcion`,`eaca_alias`,`eaca_alias_resumen`,`eaca_usuario_ingreso`,`eaca_usuario_modifica`,`eaca_estado`,`eaca_fecha_creacion`,`eaca_fecha_modificacion`,`eaca_estado_logico`) VALUES (59,1,'PYA','Puertos y Aduanas','Puertos y Aduanas','puertos_aduana','puertos_aduana',1,NULL,'1','2020-11-23 09:10:10',NULL,'1');
INSERT INTO db_academico.estudio_academico (`eaca_id`,`teac_id`,`eaca_codigo`,`eaca_nombre`,`eaca_descripcion`,`eaca_alias`,`eaca_alias_resumen`,`eaca_usuario_ingreso`,`eaca_usuario_modifica`,`eaca_estado`,`eaca_fecha_creacion`,`eaca_fecha_modificacion`,`eaca_estado_logico`) VALUES (60,1,'RIN','Relaciones Internaciones','Relaciones Internaciones','relacion_inter','relacion_inter',1,NULL,'1','2020-11-23 09:10:10',NULL,'1');
INSERT INTO db_academico.estudio_academico (`eaca_id`,`teac_id`,`eaca_codigo`,`eaca_nombre`,`eaca_descripcion`,`eaca_alias`,`eaca_alias_resumen`,`eaca_usuario_ingreso`,`eaca_usuario_modifica`,`eaca_estado`,`eaca_fecha_creacion`,`eaca_fecha_modificacion`,`eaca_estado_logico`) VALUES (61,1,'TECI','Tecnologías de la Información','Tecnologías de la Información','tecno_informacion','tecno_informacion',1,NULL,'1','2020-11-23 09:10:10',NULL,'1');
INSERT INTO db_academico.estudio_academico (`eaca_id`,`teac_id`,`eaca_codigo`,`eaca_nombre`,`eaca_descripcion`,`eaca_alias`,`eaca_alias_resumen`,`eaca_usuario_ingreso`,`eaca_usuario_modifica`,`eaca_estado`,`eaca_fecha_creacion`,`eaca_fecha_modificacion`,`eaca_estado_logico`) VALUES (62,1,'EDU','Educación','Educación','educacion','educacion',1,NULL,'1','2020-11-23 10:10:00',NULL,'1');
INSERT INTO db_academico.estudio_academico (`eaca_id`,`teac_id`,`eaca_codigo`,`eaca_nombre`,`eaca_descripcion`,`eaca_alias`,`eaca_alias_resumen`,`eaca_usuario_ingreso`,`eaca_usuario_modifica`,`eaca_estado`,`eaca_fecha_creacion`,`eaca_fecha_modificacion`,`eaca_estado_logico`) VALUES (63,2,'NE','Negocios electrónicos','Negocios electrónicos','negocios_electronicos','Negocios electrónicos',1,NULL,'1','2020-11-30 11:04:32',NULL,'1');
INSERT INTO db_academico.estudio_academico (`eaca_id`,`teac_id`,`eaca_codigo`,`eaca_nombre`,`eaca_descripcion`,`eaca_alias`,`eaca_alias_resumen`,`eaca_usuario_ingreso`,`eaca_usuario_modifica`,`eaca_estado`,`eaca_fecha_creacion`,`eaca_fecha_modificacion`,`eaca_estado_logico`) VALUES (64,2,'DL','Desarrollo local','Maestría en desarrollo local mención planificación,desarrollo local y ordenamiento territorial','desarrollo_local','Máster en Desarrollo Local',1,NULL,'1','2020-11-30 11:06:22',NULL,'1');
INSERT INTO db_academico.estudio_academico (`eaca_id`,`teac_id`,`eaca_codigo`,`eaca_nombre`,`eaca_descripcion`,`eaca_alias`,`eaca_alias_resumen`,`eaca_usuario_ingreso`,`eaca_usuario_modifica`,`eaca_estado`,`eaca_fecha_creacion`,`eaca_fecha_modificacion`,`eaca_estado_logico`) VALUES (65,2,'MTUR','Turismo','Maestría en Turismo','turismo_sostenible','Máster en Turismo',1,NULL,'1','2020-11-30 11:08:26',NULL,'1');
INSERT INTO db_academico.estudio_academico (`eaca_id`,`teac_id`,`eaca_codigo`,`eaca_nombre`,`eaca_descripcion`,`eaca_alias`,`eaca_alias_resumen`,`eaca_usuario_ingreso`,`eaca_usuario_modifica`,`eaca_estado`,`eaca_fecha_creacion`,`eaca_fecha_modificacion`,`eaca_estado_logico`) VALUES (66,2,'TGT','Telecomunicaciones con Mención en Gestión de las Telecomunicaciones','Maestría en Telecomunicaciones con mención en Gestión de las Telecomunicaciones','telecomunicaciones_gestion','Máster en gestion telecomunica',1,NULL,'1','2020-12-01 10:45:22',NULL,'1');


-- --------------------------------------------------------
--
-- Volcado de datos para la tabla `modalidad_estudio_unidad`
--
INSERT INTO db_academico.`modalidad_estudio_unidad` (`meun_id`,`uaca_id`,`mod_id`,`eaca_id`,`emp_id`,`meun_usuario_ingreso`,`meun_usuario_modifica`,`meun_estado`,`meun_fecha_creacion`,`meun_fecha_modificacion`,`meun_estado_logico`) VALUES (1,1,1,1,1,1,NULL,'1','2017-02-01 18:10:00',NULL,'1');
INSERT INTO db_academico.`modalidad_estudio_unidad` (`meun_id`,`uaca_id`,`mod_id`,`eaca_id`,`emp_id`,`meun_usuario_ingreso`,`meun_usuario_modifica`,`meun_estado`,`meun_fecha_creacion`,`meun_fecha_modificacion`,`meun_estado_logico`) VALUES (2,1,1,2,1,1,NULL,'1','2017-02-01 18:10:00',NULL,'1');
INSERT INTO db_academico.`modalidad_estudio_unidad` (`meun_id`,`uaca_id`,`mod_id`,`eaca_id`,`emp_id`,`meun_usuario_ingreso`,`meun_usuario_modifica`,`meun_estado`,`meun_fecha_creacion`,`meun_fecha_modificacion`,`meun_estado_logico`) VALUES (3,1,1,3,1,1,NULL,'1','2017-02-01 18:10:00',NULL,'1');
INSERT INTO db_academico.`modalidad_estudio_unidad` (`meun_id`,`uaca_id`,`mod_id`,`eaca_id`,`emp_id`,`meun_usuario_ingreso`,`meun_usuario_modifica`,`meun_estado`,`meun_fecha_creacion`,`meun_fecha_modificacion`,`meun_estado_logico`) VALUES (4,1,1,4,1,1,NULL,'1','2017-02-01 18:10:00',NULL,'1');
INSERT INTO db_academico.`modalidad_estudio_unidad` (`meun_id`,`uaca_id`,`mod_id`,`eaca_id`,`emp_id`,`meun_usuario_ingreso`,`meun_usuario_modifica`,`meun_estado`,`meun_fecha_creacion`,`meun_fecha_modificacion`,`meun_estado_logico`) VALUES (5,1,1,5,1,1,NULL,'1','2017-02-01 18:10:00',NULL,'1');
INSERT INTO db_academico.`modalidad_estudio_unidad` (`meun_id`,`uaca_id`,`mod_id`,`eaca_id`,`emp_id`,`meun_usuario_ingreso`,`meun_usuario_modifica`,`meun_estado`,`meun_fecha_creacion`,`meun_fecha_modificacion`,`meun_estado_logico`) VALUES (6,1,1,6,1,1,NULL,'1','2017-02-01 18:10:00',NULL,'1');
INSERT INTO db_academico.`modalidad_estudio_unidad` (`meun_id`,`uaca_id`,`mod_id`,`eaca_id`,`emp_id`,`meun_usuario_ingreso`,`meun_usuario_modifica`,`meun_estado`,`meun_fecha_creacion`,`meun_fecha_modificacion`,`meun_estado_logico`) VALUES (7,1,2,11,1,1,NULL,'1','2017-02-01 18:10:00',NULL,'1');
INSERT INTO db_academico.`modalidad_estudio_unidad` (`meun_id`,`uaca_id`,`mod_id`,`eaca_id`,`emp_id`,`meun_usuario_ingreso`,`meun_usuario_modifica`,`meun_estado`,`meun_fecha_creacion`,`meun_fecha_modificacion`,`meun_estado_logico`) VALUES (8,1,2,8,1,1,NULL,'1','2017-02-01 18:10:00',NULL,'1');
INSERT INTO db_academico.`modalidad_estudio_unidad` (`meun_id`,`uaca_id`,`mod_id`,`eaca_id`,`emp_id`,`meun_usuario_ingreso`,`meun_usuario_modifica`,`meun_estado`,`meun_fecha_creacion`,`meun_fecha_modificacion`,`meun_estado_logico`) VALUES (9,1,2,7,1,1,NULL,'1','2017-02-01 18:10:00',NULL,'1');
INSERT INTO db_academico.`modalidad_estudio_unidad` (`meun_id`,`uaca_id`,`mod_id`,`eaca_id`,`emp_id`,`meun_usuario_ingreso`,`meun_usuario_modifica`,`meun_estado`,`meun_fecha_creacion`,`meun_fecha_modificacion`,`meun_estado_logico`) VALUES (10,1,2,10,1,1,NULL,'1','2017-02-01 18:10:00',NULL,'1');
INSERT INTO db_academico.`modalidad_estudio_unidad` (`meun_id`,`uaca_id`,`mod_id`,`eaca_id`,`emp_id`,`meun_usuario_ingreso`,`meun_usuario_modifica`,`meun_estado`,`meun_fecha_creacion`,`meun_fecha_modificacion`,`meun_estado_logico`) VALUES (11,1,2,1,1,1,NULL,'1','2017-02-01 18:10:00',NULL,'1');
INSERT INTO db_academico.`modalidad_estudio_unidad` (`meun_id`,`uaca_id`,`mod_id`,`eaca_id`,`emp_id`,`meun_usuario_ingreso`,`meun_usuario_modifica`,`meun_estado`,`meun_fecha_creacion`,`meun_fecha_modificacion`,`meun_estado_logico`) VALUES (12,1,2,5,1,1,NULL,'1','2017-02-01 18:10:00',NULL,'1');
INSERT INTO db_academico.`modalidad_estudio_unidad` (`meun_id`,`uaca_id`,`mod_id`,`eaca_id`,`emp_id`,`meun_usuario_ingreso`,`meun_usuario_modifica`,`meun_estado`,`meun_fecha_creacion`,`meun_fecha_modificacion`,`meun_estado_logico`) VALUES (13,1,2,3,1,1,NULL,'1','2017-02-01 18:10:00',NULL,'1');
INSERT INTO db_academico.`modalidad_estudio_unidad` (`meun_id`,`uaca_id`,`mod_id`,`eaca_id`,`emp_id`,`meun_usuario_ingreso`,`meun_usuario_modifica`,`meun_estado`,`meun_fecha_creacion`,`meun_fecha_modificacion`,`meun_estado_logico`) VALUES (14,1,2,9,1,1,NULL,'1','2017-02-01 18:10:00',NULL,'1');
INSERT INTO db_academico.`modalidad_estudio_unidad` (`meun_id`,`uaca_id`,`mod_id`,`eaca_id`,`emp_id`,`meun_usuario_ingreso`,`meun_usuario_modifica`,`meun_estado`,`meun_fecha_creacion`,`meun_fecha_modificacion`,`meun_estado_logico`) VALUES (15,1,2,13,1,1,NULL,'1','2017-02-01 18:10:00',NULL,'1');
INSERT INTO db_academico.`modalidad_estudio_unidad` (`meun_id`,`uaca_id`,`mod_id`,`eaca_id`,`emp_id`,`meun_usuario_ingreso`,`meun_usuario_modifica`,`meun_estado`,`meun_fecha_creacion`,`meun_fecha_modificacion`,`meun_estado_logico`) VALUES (16,1,2,6,1,1,NULL,'1','2017-02-01 18:10:00',NULL,'1');
INSERT INTO db_academico.`modalidad_estudio_unidad` (`meun_id`,`uaca_id`,`mod_id`,`eaca_id`,`emp_id`,`meun_usuario_ingreso`,`meun_usuario_modifica`,`meun_estado`,`meun_fecha_creacion`,`meun_fecha_modificacion`,`meun_estado_logico`) VALUES (17,1,2,4,1,1,NULL,'1','2017-02-01 18:10:00',NULL,'1');
INSERT INTO db_academico.`modalidad_estudio_unidad` (`meun_id`,`uaca_id`,`mod_id`,`eaca_id`,`emp_id`,`meun_usuario_ingreso`,`meun_usuario_modifica`,`meun_estado`,`meun_fecha_creacion`,`meun_fecha_modificacion`,`meun_estado_logico`) VALUES (18,1,2,14,1,1,NULL,'1','2017-02-01 18:10:00',NULL,'1');
INSERT INTO db_academico.`modalidad_estudio_unidad` (`meun_id`,`uaca_id`,`mod_id`,`eaca_id`,`emp_id`,`meun_usuario_ingreso`,`meun_usuario_modifica`,`meun_estado`,`meun_fecha_creacion`,`meun_fecha_modificacion`,`meun_estado_logico`) VALUES (19,1,2,2,1,1,NULL,'1','2017-02-01 18:10:00',NULL,'1');
INSERT INTO db_academico.`modalidad_estudio_unidad` (`meun_id`,`uaca_id`,`mod_id`,`eaca_id`,`emp_id`,`meun_usuario_ingreso`,`meun_usuario_modifica`,`meun_estado`,`meun_fecha_creacion`,`meun_fecha_modificacion`,`meun_estado_logico`) VALUES (20,1,3,12,1,1,NULL,'1','2017-02-01 18:10:00',NULL,'1');
INSERT INTO db_academico.`modalidad_estudio_unidad` (`meun_id`,`uaca_id`,`mod_id`,`eaca_id`,`emp_id`,`meun_usuario_ingreso`,`meun_usuario_modifica`,`meun_estado`,`meun_fecha_creacion`,`meun_fecha_modificacion`,`meun_estado_logico`) VALUES (21,1,4,1,1,1,NULL,'1','2017-02-01 18:10:00',NULL,'1');
INSERT INTO db_academico.`modalidad_estudio_unidad` (`meun_id`,`uaca_id`,`mod_id`,`eaca_id`,`emp_id`,`meun_usuario_ingreso`,`meun_usuario_modifica`,`meun_estado`,`meun_fecha_creacion`,`meun_fecha_modificacion`,`meun_estado_logico`) VALUES (22,1,4,3,1,1,NULL,'1','2017-02-01 18:10:00',NULL,'1');
INSERT INTO db_academico.`modalidad_estudio_unidad` (`meun_id`,`uaca_id`,`mod_id`,`eaca_id`,`emp_id`,`meun_usuario_ingreso`,`meun_usuario_modifica`,`meun_estado`,`meun_fecha_creacion`,`meun_fecha_modificacion`,`meun_estado_logico`) VALUES (23,1,4,9,1,1,NULL,'1','2017-02-01 18:10:00',NULL,'1');
INSERT INTO db_academico.`modalidad_estudio_unidad` (`meun_id`,`uaca_id`,`mod_id`,`eaca_id`,`emp_id`,`meun_usuario_ingreso`,`meun_usuario_modifica`,`meun_estado`,`meun_fecha_creacion`,`meun_fecha_modificacion`,`meun_estado_logico`) VALUES (24,1,4,13,1,1,NULL,'1','2017-02-01 18:10:00',NULL,'1');
INSERT INTO db_academico.`modalidad_estudio_unidad` (`meun_id`,`uaca_id`,`mod_id`,`eaca_id`,`emp_id`,`meun_usuario_ingreso`,`meun_usuario_modifica`,`meun_estado`,`meun_fecha_creacion`,`meun_fecha_modificacion`,`meun_estado_logico`) VALUES (25,1,4,6,1,1,NULL,'1','2017-02-01 18:10:00',NULL,'1');
INSERT INTO db_academico.`modalidad_estudio_unidad` (`meun_id`,`uaca_id`,`mod_id`,`eaca_id`,`emp_id`,`meun_usuario_ingreso`,`meun_usuario_modifica`,`meun_estado`,`meun_fecha_creacion`,`meun_fecha_modificacion`,`meun_estado_logico`) VALUES (26,1,4,4,1,1,NULL,'1','2017-02-01 18:10:00',NULL,'1');
INSERT INTO db_academico.`modalidad_estudio_unidad` (`meun_id`,`uaca_id`,`mod_id`,`eaca_id`,`emp_id`,`meun_usuario_ingreso`,`meun_usuario_modifica`,`meun_estado`,`meun_fecha_creacion`,`meun_fecha_modificacion`,`meun_estado_logico`) VALUES (27,2,3,15,1,1,NULL,'1','2017-02-01 18:10:00',NULL,'1');
INSERT INTO db_academico.`modalidad_estudio_unidad` (`meun_id`,`uaca_id`,`mod_id`,`eaca_id`,`emp_id`,`meun_usuario_ingreso`,`meun_usuario_modifica`,`meun_estado`,`meun_fecha_creacion`,`meun_fecha_modificacion`,`meun_estado_logico`) VALUES (28,2,3,16,1,1,NULL,'1','2017-02-01 18:10:00',NULL,'1');
INSERT INTO db_academico.`modalidad_estudio_unidad` (`meun_id`,`uaca_id`,`mod_id`,`eaca_id`,`emp_id`,`meun_usuario_ingreso`,`meun_usuario_modifica`,`meun_estado`,`meun_fecha_creacion`,`meun_fecha_modificacion`,`meun_estado_logico`) VALUES (29,2,3,17,1,1,NULL,'1','2017-02-01 18:10:00',NULL,'1');
INSERT INTO db_academico.`modalidad_estudio_unidad` (`meun_id`,`uaca_id`,`mod_id`,`eaca_id`,`emp_id`,`meun_usuario_ingreso`,`meun_usuario_modifica`,`meun_estado`,`meun_fecha_creacion`,`meun_fecha_modificacion`,`meun_estado_logico`) VALUES (30,2,3,18,1,1,NULL,'1','2017-02-01 18:10:00',NULL,'1');
INSERT INTO db_academico.`modalidad_estudio_unidad` (`meun_id`,`uaca_id`,`mod_id`,`eaca_id`,`emp_id`,`meun_usuario_ingreso`,`meun_usuario_modifica`,`meun_estado`,`meun_fecha_creacion`,`meun_fecha_modificacion`,`meun_estado_logico`) VALUES (31,2,3,19,1,1,NULL,'1','2017-02-01 18:10:00',NULL,'1');
INSERT INTO db_academico.`modalidad_estudio_unidad` (`meun_id`,`uaca_id`,`mod_id`,`eaca_id`,`emp_id`,`meun_usuario_ingreso`,`meun_usuario_modifica`,`meun_estado`,`meun_fecha_creacion`,`meun_fecha_modificacion`,`meun_estado_logico`) VALUES (32,2,3,20,1,1,NULL,'1','2017-02-01 18:10:00',NULL,'1');
INSERT INTO db_academico.`modalidad_estudio_unidad` (`meun_id`,`uaca_id`,`mod_id`,`eaca_id`,`emp_id`,`meun_usuario_ingreso`,`meun_usuario_modifica`,`meun_estado`,`meun_fecha_creacion`,`meun_fecha_modificacion`,`meun_estado_logico`) VALUES (33,2,3,21,1,1,NULL,'1','2017-02-01 18:10:00',NULL,'1');
INSERT INTO db_academico.`modalidad_estudio_unidad` (`meun_id`,`uaca_id`,`mod_id`,`eaca_id`,`emp_id`,`meun_usuario_ingreso`,`meun_usuario_modifica`,`meun_estado`,`meun_fecha_creacion`,`meun_fecha_modificacion`,`meun_estado_logico`) VALUES (34,2,2,22,1,1,NULL,'1','2017-02-01 18:10:00',NULL,'1');
INSERT INTO db_academico.`modalidad_estudio_unidad` (`meun_id`,`uaca_id`,`mod_id`,`eaca_id`,`emp_id`,`meun_usuario_ingreso`,`meun_usuario_modifica`,`meun_estado`,`meun_fecha_creacion`,`meun_fecha_modificacion`,`meun_estado_logico`) VALUES (35,2,2,23,1,1,NULL,'1','2019-02-11 18:00:00',NULL,'1');
INSERT INTO db_academico.`modalidad_estudio_unidad` (`meun_id`,`uaca_id`,`mod_id`,`eaca_id`,`emp_id`,`meun_usuario_ingreso`,`meun_usuario_modifica`,`meun_estado`,`meun_fecha_creacion`,`meun_fecha_modificacion`,`meun_estado_logico`) VALUES (36,2,1,24,1,1,NULL,'1','2019-05-11 18:00:00',NULL,'1');
INSERT INTO db_academico.`modalidad_estudio_unidad` (`meun_id`,`uaca_id`,`mod_id`,`eaca_id`,`emp_id`,`meun_usuario_ingreso`,`meun_usuario_modifica`,`meun_estado`,`meun_fecha_creacion`,`meun_fecha_modificacion`,`meun_estado_logico`) VALUES (37,2,1,25,1,1,NULL,'1','2020-01-14 10:45:00',NULL,'1');
INSERT INTO db_academico.`modalidad_estudio_unidad` (`meun_id`,`uaca_id`,`mod_id`,`eaca_id`,`emp_id`,`meun_usuario_ingreso`,`meun_usuario_modifica`,`meun_estado`,`meun_fecha_creacion`,`meun_fecha_modificacion`,`meun_estado_logico`) VALUES (38,2,2,25,1,1,NULL,'1','2020-01-14 10:45:00',NULL,'1');
INSERT INTO db_academico.`modalidad_estudio_unidad` (`meun_id`,`uaca_id`,`mod_id`,`eaca_id`,`emp_id`,`meun_usuario_ingreso`,`meun_usuario_modifica`,`meun_estado`,`meun_fecha_creacion`,`meun_fecha_modificacion`,`meun_estado_logico`) VALUES (39,2,2,26,1,1,NULL,'1','2020-01-14 10:45:00',NULL,'1');
INSERT INTO db_academico.`modalidad_estudio_unidad` (`meun_id`,`uaca_id`,`mod_id`,`eaca_id`,`emp_id`,`meun_usuario_ingreso`,`meun_usuario_modifica`,`meun_estado`,`meun_fecha_creacion`,`meun_fecha_modificacion`,`meun_estado_logico`) VALUES (40,1,3,27,1,1,NULL,'1','2020-04-07 06:52:53',NULL,'1');
INSERT INTO db_academico.`modalidad_estudio_unidad` (`meun_id`,`uaca_id`,`mod_id`,`eaca_id`,`emp_id`,`meun_usuario_ingreso`,`meun_usuario_modifica`,`meun_estado`,`meun_fecha_creacion`,`meun_fecha_modificacion`,`meun_estado_logico`) VALUES (41,1,3,28,1,1,NULL,'1','2020-04-07 06:52:53',NULL,'1');
INSERT INTO db_academico.`modalidad_estudio_unidad` (`meun_id`,`uaca_id`,`mod_id`,`eaca_id`,`emp_id`,`meun_usuario_ingreso`,`meun_usuario_modifica`,`meun_estado`,`meun_fecha_creacion`,`meun_fecha_modificacion`,`meun_estado_logico`) VALUES (42,1,3,29,1,1,NULL,'1','2020-04-07 06:52:53',NULL,'1');
INSERT INTO db_academico.`modalidad_estudio_unidad` (`meun_id`,`uaca_id`,`mod_id`,`eaca_id`,`emp_id`,`meun_usuario_ingreso`,`meun_usuario_modifica`,`meun_estado`,`meun_fecha_creacion`,`meun_fecha_modificacion`,`meun_estado_logico`) VALUES (43,1,3,30,1,1,NULL,'1','2020-04-07 06:52:53',NULL,'1');
INSERT INTO db_academico.`modalidad_estudio_unidad` (`meun_id`,`uaca_id`,`mod_id`,`eaca_id`,`emp_id`,`meun_usuario_ingreso`,`meun_usuario_modifica`,`meun_estado`,`meun_fecha_creacion`,`meun_fecha_modificacion`,`meun_estado_logico`) VALUES (44,1,3,31,1,1,NULL,'1','2020-04-07 06:52:53',NULL,'1');
INSERT INTO db_academico.`modalidad_estudio_unidad` (`meun_id`,`uaca_id`,`mod_id`,`eaca_id`,`emp_id`,`meun_usuario_ingreso`,`meun_usuario_modifica`,`meun_estado`,`meun_fecha_creacion`,`meun_fecha_modificacion`,`meun_estado_logico`) VALUES (45,1,3,32,1,1,NULL,'1','2020-04-07 06:52:53',NULL,'1');
INSERT INTO db_academico.`modalidad_estudio_unidad` (`meun_id`,`uaca_id`,`mod_id`,`eaca_id`,`emp_id`,`meun_usuario_ingreso`,`meun_usuario_modifica`,`meun_estado`,`meun_fecha_creacion`,`meun_fecha_modificacion`,`meun_estado_logico`) VALUES (46,1,3,33,1,1,NULL,'1','2020-04-07 06:52:53',NULL,'1');
INSERT INTO db_academico.`modalidad_estudio_unidad` (`meun_id`,`uaca_id`,`mod_id`,`eaca_id`,`emp_id`,`meun_usuario_ingreso`,`meun_usuario_modifica`,`meun_estado`,`meun_fecha_creacion`,`meun_fecha_modificacion`,`meun_estado_logico`) VALUES (47,1,3,34,1,1,NULL,'1','2020-04-07 06:52:53',NULL,'1');
INSERT INTO db_academico.`modalidad_estudio_unidad` (`meun_id`,`uaca_id`,`mod_id`,`eaca_id`,`emp_id`,`meun_usuario_ingreso`,`meun_usuario_modifica`,`meun_estado`,`meun_fecha_creacion`,`meun_fecha_modificacion`,`meun_estado_logico`) VALUES (48,1,3,35,1,1,NULL,'1','2020-04-07 06:52:53',NULL,'1');
INSERT INTO db_academico.`modalidad_estudio_unidad` (`meun_id`,`uaca_id`,`mod_id`,`eaca_id`,`emp_id`,`meun_usuario_ingreso`,`meun_usuario_modifica`,`meun_estado`,`meun_fecha_creacion`,`meun_fecha_modificacion`,`meun_estado_logico`) VALUES (49,1,3,36,1,1,NULL,'1','2020-04-07 06:52:53',NULL,'1');
INSERT INTO db_academico.`modalidad_estudio_unidad` (`meun_id`,`uaca_id`,`mod_id`,`eaca_id`,`emp_id`,`meun_usuario_ingreso`,`meun_usuario_modifica`,`meun_estado`,`meun_fecha_creacion`,`meun_fecha_modificacion`,`meun_estado_logico`) VALUES (50,1,3,37,1,1,NULL,'1','2020-04-07 06:52:53',NULL,'1');
INSERT INTO db_academico.`modalidad_estudio_unidad` (`meun_id`,`uaca_id`,`mod_id`,`eaca_id`,`emp_id`,`meun_usuario_ingreso`,`meun_usuario_modifica`,`meun_estado`,`meun_fecha_creacion`,`meun_fecha_modificacion`,`meun_estado_logico`) VALUES (51,1,3,38,1,1,NULL,'1','2020-04-07 06:52:53',NULL,'1');
INSERT INTO db_academico.`modalidad_estudio_unidad` (`meun_id`,`uaca_id`,`mod_id`,`eaca_id`,`emp_id`,`meun_usuario_ingreso`,`meun_usuario_modifica`,`meun_estado`,`meun_fecha_creacion`,`meun_fecha_modificacion`,`meun_estado_logico`) VALUES (52,1,2,39,1,1,NULL,'1','2020-06-26 11:17:00',NULL,'1');
INSERT INTO db_academico.`modalidad_estudio_unidad` (`meun_id`,`uaca_id`,`mod_id`,`eaca_id`,`emp_id`,`meun_usuario_ingreso`,`meun_usuario_modifica`,`meun_estado`,`meun_fecha_creacion`,`meun_fecha_modificacion`,`meun_estado_logico`) VALUES (53,1,2,29,1,1,NULL,'1','2020-06-26 11:17:00',NULL,'1');
INSERT INTO db_academico.`modalidad_estudio_unidad` (`meun_id`,`uaca_id`,`mod_id`,`eaca_id`,`emp_id`,`meun_usuario_ingreso`,`meun_usuario_modifica`,`meun_estado`,`meun_fecha_creacion`,`meun_fecha_modificacion`,`meun_estado_logico`) VALUES (54,1,2,40,1,1,NULL,'1','2020-06-29 11:54:00',NULL,'1');
INSERT INTO db_academico.`modalidad_estudio_unidad` (`meun_id`,`uaca_id`,`mod_id`,`eaca_id`,`emp_id`,`meun_usuario_ingreso`,`meun_usuario_modifica`,`meun_estado`,`meun_fecha_creacion`,`meun_fecha_modificacion`,`meun_estado_logico`) VALUES (55,1,2,36,1,1,NULL,'1','2020-07-14 13:50:00',NULL,'1');
INSERT INTO db_academico.`modalidad_estudio_unidad` (`meun_id`,`uaca_id`,`mod_id`,`eaca_id`,`emp_id`,`meun_usuario_ingreso`,`meun_usuario_modifica`,`meun_estado`,`meun_fecha_creacion`,`meun_fecha_modificacion`,`meun_estado_logico`) VALUES (56,1,3,41,1,1,NULL,'1','2020-07-15 19:50:00',NULL,'1');
INSERT INTO db_academico.`modalidad_estudio_unidad` (`meun_id`,`uaca_id`,`mod_id`,`eaca_id`,`emp_id`,`meun_usuario_ingreso`,`meun_usuario_modifica`,`meun_estado`,`meun_fecha_creacion`,`meun_fecha_modificacion`,`meun_estado_logico`) VALUES (58,2,1,15,1,1,NULL,'1','2020-07-24 10:37:58',NULL,'1');
INSERT INTO db_academico.`modalidad_estudio_unidad` (`meun_id`,`uaca_id`,`mod_id`,`eaca_id`,`emp_id`,`meun_usuario_ingreso`,`meun_usuario_modifica`,`meun_estado`,`meun_fecha_creacion`,`meun_fecha_modificacion`,`meun_estado_logico`) VALUES (59,2,1,21,1,1,NULL,'1','2020-07-24 10:37:58',NULL,'1');
INSERT INTO db_academico.`modalidad_estudio_unidad` (`meun_id`,`uaca_id`,`mod_id`,`eaca_id`,`emp_id`,`meun_usuario_ingreso`,`meun_usuario_modifica`,`meun_estado`,`meun_fecha_creacion`,`meun_fecha_modificacion`,`meun_estado_logico`) VALUES (60,2,1,18,1,1,NULL,'1','2020-07-24 10:37:58',NULL,'1');
INSERT INTO db_academico.`modalidad_estudio_unidad` (`meun_id`,`uaca_id`,`mod_id`,`eaca_id`,`emp_id`,`meun_usuario_ingreso`,`meun_usuario_modifica`,`meun_estado`,`meun_fecha_creacion`,`meun_fecha_modificacion`,`meun_estado_logico`) VALUES (61,2,1,19,1,1,NULL,'1','2020-07-24 10:37:58',NULL,'1');
INSERT INTO db_academico.`modalidad_estudio_unidad` (`meun_id`,`uaca_id`,`mod_id`,`eaca_id`,`emp_id`,`meun_usuario_ingreso`,`meun_usuario_modifica`,`meun_estado`,`meun_fecha_creacion`,`meun_fecha_modificacion`,`meun_estado_logico`) VALUES (62,2,1,20,1,1,NULL,'1','2020-07-24 10:37:58',NULL,'1');
INSERT INTO db_academico.`modalidad_estudio_unidad` (`meun_id`,`uaca_id`,`mod_id`,`eaca_id`,`emp_id`,`meun_usuario_ingreso`,`meun_usuario_modifica`,`meun_estado`,`meun_fecha_creacion`,`meun_fecha_modificacion`,`meun_estado_logico`) VALUES (63,2,1,26,1,1,NULL,'1','2020-07-24 10:37:58',NULL,'1');
INSERT INTO db_academico.`modalidad_estudio_unidad` (`meun_id`,`uaca_id`,`mod_id`,`eaca_id`,`emp_id`,`meun_usuario_ingreso`,`meun_usuario_modifica`,`meun_estado`,`meun_fecha_creacion`,`meun_fecha_modificacion`,`meun_estado_logico`) VALUES (64,2,1,42,1,1,NULL,'1','2020-07-24 10:37:58',NULL,'1');
INSERT INTO db_academico.`modalidad_estudio_unidad` (`meun_id`,`uaca_id`,`mod_id`,`eaca_id`,`emp_id`,`meun_usuario_ingreso`,`meun_usuario_modifica`,`meun_estado`,`meun_fecha_creacion`,`meun_fecha_modificacion`,`meun_estado_logico`) VALUES (65,2,1,43,1,1,NULL,'1','2020-07-24 10:37:58',NULL,'1');
INSERT INTO db_academico.`modalidad_estudio_unidad` (`meun_id`,`uaca_id`,`mod_id`,`eaca_id`,`emp_id`,`meun_usuario_ingreso`,`meun_usuario_modifica`,`meun_estado`,`meun_fecha_creacion`,`meun_fecha_modificacion`,`meun_estado_logico`) VALUES (66,1,2,33,1,1,NULL,'1','2020-08-06 16:32:03',NULL,'1');
INSERT INTO db_academico.`modalidad_estudio_unidad` (`meun_id`,`uaca_id`,`mod_id`,`eaca_id`,`emp_id`,`meun_usuario_ingreso`,`meun_usuario_modifica`,`meun_estado`,`meun_fecha_creacion`,`meun_fecha_modificacion`,`meun_estado_logico`) VALUES (67,1,2,41,1,1,NULL,'1','2020-08-06 16:32:03',NULL,'1');
INSERT INTO db_academico.`modalidad_estudio_unidad` (`meun_id`,`uaca_id`,`mod_id`,`eaca_id`,`emp_id`,`meun_usuario_ingreso`,`meun_usuario_modifica`,`meun_estado`,`meun_fecha_creacion`,`meun_fecha_modificacion`,`meun_estado_logico`) VALUES (68,1,2,44,1,1,NULL,'1','2020-08-06 16:32:03',NULL,'1');
INSERT INTO db_academico.`modalidad_estudio_unidad` (`meun_id`,`uaca_id`,`mod_id`,`eaca_id`,`emp_id`,`meun_usuario_ingreso`,`meun_usuario_modifica`,`meun_estado`,`meun_fecha_creacion`,`meun_fecha_modificacion`,`meun_estado_logico`) VALUES (69,1,2,45,1,1,NULL,'1','2020-08-06 16:32:03',NULL,'1');
INSERT INTO db_academico.`modalidad_estudio_unidad` (`meun_id`,`uaca_id`,`mod_id`,`eaca_id`,`emp_id`,`meun_usuario_ingreso`,`meun_usuario_modifica`,`meun_estado`,`meun_fecha_creacion`,`meun_fecha_modificacion`,`meun_estado_logico`) VALUES (70,1,2,31,1,1,NULL,'1','2020-08-06 16:32:03',NULL,'1');
INSERT INTO db_academico.`modalidad_estudio_unidad` (`meun_id`,`uaca_id`,`mod_id`,`eaca_id`,`emp_id`,`meun_usuario_ingreso`,`meun_usuario_modifica`,`meun_estado`,`meun_fecha_creacion`,`meun_fecha_modificacion`,`meun_estado_logico`) VALUES (71,1,2,30,1,1,NULL,'1','2020-08-06 16:32:03',NULL,'1');
INSERT INTO db_academico.`modalidad_estudio_unidad` (`meun_id`,`uaca_id`,`mod_id`,`eaca_id`,`emp_id`,`meun_usuario_ingreso`,`meun_usuario_modifica`,`meun_estado`,`meun_fecha_creacion`,`meun_fecha_modificacion`,`meun_estado_logico`) VALUES (72,1,2,37,1,1,NULL,'1','2020-08-06 16:32:03',NULL,'1');
INSERT INTO db_academico.`modalidad_estudio_unidad` (`meun_id`,`uaca_id`,`mod_id`,`eaca_id`,`emp_id`,`meun_usuario_ingreso`,`meun_usuario_modifica`,`meun_estado`,`meun_fecha_creacion`,`meun_fecha_modificacion`,`meun_estado_logico`) VALUES (73,1,2,35,1,1,NULL,'1','2020-08-06 16:32:03',NULL,'1');
INSERT INTO db_academico.`modalidad_estudio_unidad` (`meun_id`,`uaca_id`,`mod_id`,`eaca_id`,`emp_id`,`meun_usuario_ingreso`,`meun_usuario_modifica`,`meun_estado`,`meun_fecha_creacion`,`meun_fecha_modificacion`,`meun_estado_logico`) VALUES (74,1,2,28,1,1,NULL,'1','2020-08-06 16:32:03',NULL,'1');
INSERT INTO db_academico.`modalidad_estudio_unidad` (`meun_id`,`uaca_id`,`mod_id`,`eaca_id`,`emp_id`,`meun_usuario_ingreso`,`meun_usuario_modifica`,`meun_estado`,`meun_fecha_creacion`,`meun_fecha_modificacion`,`meun_estado_logico`) VALUES (75,1,2,34,1,1,NULL,'1','2020-08-06 16:32:03',NULL,'1');

-- --------------------------------------------------------
--
-- Volcado de datos para la tabla `modulo_estudio`
--
INSERT INTO `modulo_estudio` (`mest_id`, `uaca_id`, `mod_id`, `mest_codigo`, `mest_nombre`, `mest_descripcion`, `mest_alias`, `mest_usuario_ingreso`, `mest_usuario_modifica`, `mest_estado`, `mest_fecha_creacion`, `mest_fecha_modificacion`, `mest_estado_logico`) VALUES
(1, 3, 2, 'SM1-EMVE01', 'Emprendimiento y Ventas reales', 'Emprendimiento y Ventas reales', 'emprendimiento_y_ventas', 1, NULL, '0', '2017-02-01 03:43:48', NULL, '1'),
(2, 3, 2, 'SM2-EXAV01', 'Excel Avanzado', 'Excel Avanzado', 'excel_Avanzado', 1, NULL, '1', '2017-02-01 03:43:48', NULL, '1'),
(3, 3, 2, 'SM3-FOTO01', 'Fotografía', 'Fotografia', 'fotografia', 1, NULL, '1', '2017-02-01 03:43:48', NULL, '1'),
(4, 3, 2, 'SM4-EVPL01', 'Event Planner', 'Event Planner', 'event_planner', 1, NULL, '1', '2017-02-01 03:43:48', NULL, '1'),
(5, 3, 2, 'SM5-PGET01', 'Programa Gerencia Estratégica del TH (4 módulos)', 'Programa Gerencia Estrategica del TH 4 modulos', 'programa_gerencia_estratégica_del_th_(4_módulos)', 1, NULL, '0', '2017-02-01 03:43:48', NULL, '1'),
(6, 3, 2, 'SM6-PEDA01', 'Pedagogía', 'Pedagogia', 'pedagogia', 1, NULL, '0', '2017-02-01 03:43:48', NULL, '1'),
(7, 3, 2, 'SM7-RECI01', 'Programa para docentes:  Redacción Científica', 'Programa para docentes  Redaccion Cientifica', 'programa_para_docentes:_redacción_científica', 1, NULL, '0', '2017-02-01 03:43:48', NULL, '1'),
(8, 3, 2, 'SM8-DHCR01', 'Desarrollo Habilidades Comerciales para Retail', 'Desarrollo Habilidades Comerciales para Retail', 'desarrollo_habilidades_comerciales_para_retail', 1, NULL, '0', '2017-02-01 03:43:48', NULL, '1'),
(9, 3, 1, 'SM9-CUON01', 'Cursos Online', 'Cursos Online', 'cursos_online', 1, NULL, '0', '2017-02-01 03:43:48', NULL, '1'),
(10, 4, 2, 'SM10-IDIF01', 'Idioma Inglés, Francés', 'Idioma Ingles Frances', 'idioma_inglés,_francés', 1, NULL, '0', '2017-02-01 03:43:48', NULL, '1'),
(11, 3, 2, 'SM11-PTHA01', 'Programa de Talento Humano: Actualidad Laboral', 'Programa de Talento Humano Actualidad Laboral', 'programa_de_talento_humano:_actualidad_laboral', 1, NULL, '0', '2017-02-01 15:15:00', NULL, '1'),
(12, 3, 2, 'SM12-ESDI01', 'Programa de habilidades Gerenciales: Estrategias directivas', 'Programa de habilidades Gerenciales Estrategias directivas', 'programa_de_habilidades_gerenciales:_estrategias_directivas', 1, NULL, '0', '2017-02-01 15:15:00', NULL, '1'),
(13, 3, 2, 'SM13-IFIN01', 'Illustrator y fotoshop: intermedio', 'Illustrator y fotoshop intermedio', 'illustrator_y_fotoshop:_intermedio', 1, NULL, '1', '2017-02-01 15:15:00', NULL, '1'),
(14, 3, 2, 'SM14-TNCV01', 'Técnicas de negociación y cierre de ventas', 'Tecnicas de negociacion y cierre de ventas', 'técnicas_de_negociación_y_cierre_de_ventas', 1, NULL, '0', '2017-02-01 15:15:00', NULL, '1'),
(15, 3, 2, 'SM15-NEMA01', 'Neuromarketing', 'Neuromarketing', 'neuromarketing', 1, NULL, '0', '2017-02-01 15:15:00', NULL, '1'),
(16, 3, 2, 'SM16-DCYC01', 'Programa de Talento Humano: Descripción de cargos y selección por competencias (módulo 2)', 'Programa de Talento Humano Descripcion de cargos y seleccion por competencias modulo 2', 'programa_de_talento_humano:_descripción_de_cargos_y_selección_por_competencias_(módulo_2)', 1, NULL, '0', '2017-02-01 15:15:00', NULL, '1'),
(17, 3, 2, 'SM17-MCDI01', 'Técnicas de ventas:  Manejo de clientes difíciles', 'Tecnicas de ventas Manejo de clientes dificiles', 'técnicas_de_ventas:_manejo_de_clientes_difíciles', 1, NULL, '0', '2017-02-01 15:15:00', NULL, '1'),
(18, 3, 2, 'SM18-NEEF01', 'Programa de habilidades Gerenciales: Negociación efectiva', 'Programa de habilidades Gerenciales Negociacion efectiva', 'programa_de_habilidades_gerenciales:_negociación_efectiva', 1, NULL, '0', '2017-02-01 15:15:00', NULL, '1'),
(19, 3, 2, 'SM19-PYDI01', 'Dirección en Finanzas: Presupuesto y diferenciación de ingresos', 'Direccion en Finanzas Presupuesto y diferenciacion de ingresos', 'dirección_en_finanzas:_presupuesto_y_diferenciación_de_ingresos', 1, NULL, '0', '2017-02-01 15:15:00', NULL, '1'),
(20, 3, 2, 'SM20-VAEM01', 'Valoración aduanera para empresarios', 'Valoracion aduanera para empresarios', 'valoración_aduanera_para_empresarios', 1, NULL, '0', '2017-02-01 15:15:00', NULL, '1'),
(21, 3, 2, 'SM21-CUSE01', 'Curso de seguros', 'Curso de seguros', 'curso_de_seguros', 1, NULL, '0', '2017-02-01 15:15:00', NULL, '1'),
(22, 3, 2, 'SM22-PETH01', 'Programa de Talento Humano:  Plan estratégico del Talento Humano (módulo 3)', 'Programa de Talento Humano Plan estrategico del Talento Humano modulo 3', 'programa_de_talento_humano:_plan_estratégico_del_talento_humano_(módulo_3)', 1, NULL, '0', '2017-02-01 15:15:00', NULL, '1'),
(23, 3, 2, 'SM23-TLMC01', 'Taller de liderazgo y manejo de conflictos', 'Taller de liderazgo y manejo de conflictos', 'taller_de_liderazgo_y_manejo_de_conflictos', 1, NULL, '0', '2017-02-01 15:15:00', NULL, '1'),
(24, 3, 2, 'SM24-HAPE01', 'Programa para docentes: Habilidades pedagógicas', 'Programa para docentes Habilidades pedagogicas', 'programa_para_docentes:_habilidades _pedagógicas', 1, NULL, '0', '2017-02-01 15:15:00', NULL, '1'),
(25, 3, 2, 'SM25-PPTH01', 'Promoción programa talento humano', 'Promocion programa talento humano', 'promoción_programa_talento_humano', 1, NULL, '0', '2017-02-01 15:15:00', NULL, '1'),
(26, 3, 2, 'SM26-PPPD01', 'Promoción programa para docentes', 'Promocion programa para docentes', 'promoción_programa para_docentes', 1, NULL, '0', '2017-02-01 15:15:00', NULL, '1'),

-- NUEVOS DE SMART 23/07/2019
(27, 3, 2, 'SM27-EIEM01', 'Emprendimiento e Inovación Empresarial', 'Emprendimiento e Inovación Empresarial', 'emprendimiento_inovacion', 1, NULL, '1', '2019-07-23 11:11:11', NULL, '1'),
(28, 3, 2, 'SM28-MEON01', 'Marketing para Emprendedores Online', 'Marketing para Emprendedores Online', 'marketing_emprendedores', 1, NULL, '1', '2019-07-23 11:11:11', NULL, '1'),
(29, 3, 2, 'SM29-OESO01', 'Organización Eventos Sociales', 'Organización Eventos Sociales', 'organizacion_eventos', 1, NULL, '1', '2019-07-23 11:11:11', NULL, '1'),
(30, 3, 2, 'SM30-CMON01', 'Community Manager Online', 'Community Manager Online', 'community_manager', 1, NULL, '1', '2019-07-23 11:11:11', NULL, '1'),
(31, 3, 2, 'SM31-TERC01', 'Taller de Estrategias de Recuperación de Cartera', 'Taller de Estrategias de Recuperación de Cartera', 'taller_estrategia', 1, NULL, '1', '2019-07-23 11:11:11', NULL, '1'),
(32, 3, 1, 'SM32-PFDP01', 'Programa de Formación en Didáctica y Pedagogía para Directivos y Docentes del Magisterio', 'Programa de Formación en Didáctica y Pedagogía para Directivos y Docentes del Magisterio', 'programa_formacion_didactica', 1, NULL, '1', '2019-08-06 16:00:00', NULL, '1');


-- --------------------------------------------------------
--
-- Volcado de datos para la tabla `formacion_malla_academica`
--
INSERT INTO `formacion_malla_academica` (`fmac_id`,`fmac_codigo`,`fmac_nombre`,`fmac_descripcion`, `fmac_usuario_ingreso`,  `fmac_estado`,`fmac_estado_logico`) VALUES
(1,'FT', 'Fundamentos Teóricos','Fundamentos Teóricos', 1, '1', '1'),
(2,'PP', 'Praxis Profesional', 'Praxis Profesional', 1, '1', '1'),
(3,'EMI', 'Epistemología y Metodología de la Investigación', 'Epistemología y Metodología de la Investigación', 1, '1', '1'),
(4,'ISSC', 'Integración de Saberes, Contexto y Cultura', 'Integración de Saberes, Contexto y Cultura', 1, '1', '1'),
(5,'CL', 'Comunicación y Lenguaje', 'Comunicación y Lenguaje', '1', '1', '1'),
(6,'CN', 'Can', 'Can', '1', '1', '1'); 

-- --------------------------------------------------------
--
-- Volcado de datos para la tabla `area_conocimiento`
--
INSERT INTO `area_conocimiento` (`acon_id`, `acon_nombre`, `acon_descripcion`, `acon_usuario_ingreso`, `acon_estado`, `acon_estado_logico`) VALUES
(1, 'Programas generales', 'Descripción de área de conocimiento', 1, '1', '1'),
(2, 'Educación', 'Descripción de área de conocimiento', 1, '1', '1'),
(3, 'Humanidades y artes', 'Descripción de área de conocimiento', 1, '1', '1'),
(4, 'Ciencias sociales, educación comercial y derecho', 'Descripción de área de conocimiento', 1, '1', '1'),
(5, 'Ciencias', 'Descripción de área de conocimiento', 1, '1', '1'),
(6, 'Ingeniería, industria y construcción', 'Descripción de área de conocimiento', 1, '1', '1'),
(7, 'Agricultura', 'Descripción de área de conocimiento', 1, '1', '1'),
(8, 'Salud y sociales servicios', 'Descripción de área de conocimiento', 1, '1', '1'),
(9, 'Servicios', 'Descripción de área de conocimiento', 1, '1', '1'),
(10, 'Sectores desconocidos no especificados', 'Descripción de área de conocimiento', 1, '1', '1');

-- --------------------------------------------------------
--
-- Volcado de datos para la tabla `subarea_conocimiento`
--
INSERT INTO `subarea_conocimiento` (`scon_id`, `acon_id`, `scon_nombre`, `scon_descripcion`, `scon_usuario_ingreso`, `scon_estado`, `scon_estado_logico`) VALUES
(1, 1, 'Programas básicos', 'Descripción de subárea de conocimiento', 1, '1', '1'),
(2, 1, 'Programas de alfabetización y de aritmética', 'Descripción de subárea de conocimiento', 1, '1', '1'),
(3, 1, 'Desarrollo personal', 'Descripción de subárea de conocimiento', 1, '1', '1'),
(4, 2, 'Formación de personal docente y ciencias de la educación', 'Descripción de subárea de conocimiento', 1, '1', '1'),
(5, 3, 'Artes', 'Descripción de subárea de conocimiento', 1, '1', '1'),
(6, 3, 'Humanidades', 'Descripción de subárea de conocimiento', 1, '1', '1'),
(7, 4, 'Ciencias sociales y del comportamiento', 'Descripción de subárea de conocimiento', 1, '1', '1'),
(8, 4, 'Periodismo e información', 'Descripción de subárea de conocimiento', 1, '1', '1'),
(9, 4, 'Educación comercial y administración', 'Descripción de subárea de conocimiento', 1, '1', '1'),
(10, 4, 'Derecho', 'Descripción de subárea de conocimiento', 1, '1', '1'),
(11, 5, 'Ciencias de la vida', 'Descripción de subárea de conocimiento', 1, '1', '1'),
(12, 5, 'Ciencias físicas', 'Descripción de subárea de conocimiento', 1, '1', '1'),
(13, 5, 'Matemáticas y estadística', 'Descripción de subárea de conocimiento', 1, '1', '1'),
(14, 5, 'Informática', 'Descripción de subárea de conocimiento', 1, '1', '1'),
(15, 6, 'Ingeniería y profesiones afines', 'Descripción de subárea de conocimiento', 1, '1', '1'),
(16, 6, 'Industria y producción', 'Descripción de subárea de conocimiento', 1, '1', '1'),
(17, 6, 'Arquitectura y construcción', 'Descripción de subárea de conocimiento', 1, '1', '1'),
(18, 7, 'Agricultura, silvicultura y pesca', 'Descripción de subárea de conocimiento', 1, '1', '1'),
(19, 7, 'Veterinaria', 'Descripción de subárea de conocimiento', 1, '1', '1'),
(20, 8, 'Medicina', 'Descripción de subárea de conocimiento', 1, '1', '1'),
(21, 8, 'Servicios sociales', 'Descripción de subárea de conocimiento', 1, '1', '1'),
(22, 9, 'Servicios personales', 'Descripción de subárea de conocimiento', 1, '1', '1'),
(23, 9, 'Servicios de transporte', 'Descripción de subárea de conocimiento', 1, '1', '1'),
(24, 9, 'Protección del medio ambiente', 'Descripción de subárea de conocimiento', 1, '1', '1'),
(25, 9, 'Servicios de seguridad', 'Descripción de subárea de conocimiento', 1, '1', '1');

-- --------------------------------------------------------
--
-- Volcado de datos para la tabla `asignatura` 
--
INSERT INTO db_academico.asignatura (`asi_id`,`scon_id`,`uaca_id`,`asi_nombre`,`asi_alias`,`asi_descripcion`,`asi_usuario_ingreso`,`asi_usuario_modifica`,`asi_estado`,`asi_fecha_creacion`,`asi_fecha_modificacion`,`asi_estado_logico`) VALUES (1,1,2,'Administración de Operaciones y Tecnología','administracion_operaciones_tecnologia','Administración de Operaciones y Tecnología',1,NULL,'1','2019-11-26 09:40:00',NULL,'1');
INSERT INTO db_academico.asignatura (`asi_id`,`scon_id`,`uaca_id`,`asi_nombre`,`asi_alias`,`asi_descripcion`,`asi_usuario_ingreso`,`asi_usuario_modifica`,`asi_estado`,`asi_fecha_creacion`,`asi_fecha_modificacion`,`asi_estado_logico`) VALUES (2,1,2,'Administración Estratégica','administracion_estrategica','Administración Estratégica',1,NULL,'1','2019-11-26 09:40:00',NULL,'1');
INSERT INTO db_academico.asignatura (`asi_id`,`scon_id`,`uaca_id`,`asi_nombre`,`asi_alias`,`asi_descripcion`,`asi_usuario_ingreso`,`asi_usuario_modifica`,`asi_estado`,`asi_fecha_creacion`,`asi_fecha_modificacion`,`asi_estado_logico`) VALUES (3,1,2,'Administración Financiera','administracion_financiera','Administración Financiera',1,NULL,'1','2019-11-26 09:40:00',NULL,'1');
INSERT INTO db_academico.asignatura (`asi_id`,`scon_id`,`uaca_id`,`asi_nombre`,`asi_alias`,`asi_descripcion`,`asi_usuario_ingreso`,`asi_usuario_modifica`,`asi_estado`,`asi_fecha_creacion`,`asi_fecha_modificacion`,`asi_estado_logico`) VALUES (4,1,2,'Análisis cualitativo aplicado a la Gestión de empresas turísticas','analisis_cualitativo_aplicado_gestion_empresas_turisticas','Análisis cualitativo aplicado a la Gestión de empresas turísticas',1,NULL,'1','2019-11-26 09:40:00',NULL,'1');
INSERT INTO db_academico.asignatura (`asi_id`,`scon_id`,`uaca_id`,`asi_nombre`,`asi_alias`,`asi_descripcion`,`asi_usuario_ingreso`,`asi_usuario_modifica`,`asi_estado`,`asi_fecha_creacion`,`asi_fecha_modificacion`,`asi_estado_logico`) VALUES (5,1,2,'Análisis del Entorno','analisis_entorno','Análisis del Entorno',1,NULL,'1','2019-11-26 09:40:00',NULL,'1');
INSERT INTO db_academico.asignatura (`asi_id`,`scon_id`,`uaca_id`,`asi_nombre`,`asi_alias`,`asi_descripcion`,`asi_usuario_ingreso`,`asi_usuario_modifica`,`asi_estado`,`asi_fecha_creacion`,`asi_fecha_modificacion`,`asi_estado_logico`) VALUES (6,1,2,'Análisis del Entorno financiero y tributario','analisis_entorno_financiero_tributario','Análisis del Entorno financiero y tributario',1,NULL,'1','2019-11-26 09:40:00',NULL,'1');
INSERT INTO db_academico.asignatura (`asi_id`,`scon_id`,`uaca_id`,`asi_nombre`,`asi_alias`,`asi_descripcion`,`asi_usuario_ingreso`,`asi_usuario_modifica`,`asi_estado`,`asi_fecha_creacion`,`asi_fecha_modificacion`,`asi_estado_logico`) VALUES (7,1,2,'Análisis del Entorno para la toma de Decisiones','analisis_entorno_toma_decisiones','Análisis del Entorno para la toma de Decisiones',1,NULL,'1','2019-11-26 09:40:00',NULL,'1');
INSERT INTO db_academico.asignatura (`asi_id`,`scon_id`,`uaca_id`,`asi_nombre`,`asi_alias`,`asi_descripcion`,`asi_usuario_ingreso`,`asi_usuario_modifica`,`asi_estado`,`asi_fecha_creacion`,`asi_fecha_modificacion`,`asi_estado_logico`) VALUES (8,1,2,'Análisis del Entorno político y económico','analisis_entorno_politico_economico','Análisis del Entorno político y económico',1,NULL,'1','2019-11-26 09:40:00',NULL,'1');
INSERT INTO db_academico.asignatura (`asi_id`,`scon_id`,`uaca_id`,`asi_nombre`,`asi_alias`,`asi_descripcion`,`asi_usuario_ingreso`,`asi_usuario_modifica`,`asi_estado`,`asi_fecha_creacion`,`asi_fecha_modificacion`,`asi_estado_logico`) VALUES (9,1,2,'Análisis Financiero para la toma de Decisiones','analisis_financiero_toma_decisiones','Análisis Financiero para la toma de Decisiones',1,NULL,'1','2019-11-26 09:40:00',NULL,'1');
INSERT INTO db_academico.asignatura (`asi_id`,`scon_id`,`uaca_id`,`asi_nombre`,`asi_alias`,`asi_descripcion`,`asi_usuario_ingreso`,`asi_usuario_modifica`,`asi_estado`,`asi_fecha_creacion`,`asi_fecha_modificacion`,`asi_estado_logico`) VALUES (10,1,2,'Clima y Cultura Organizacional en la Empresa Familiar','clima_cultura_organizacional_empresa_familiar','Clima y Cultura Organizacional en la Empresa Familiar',1,NULL,'1','2019-11-26 09:40:00',NULL,'1');
INSERT INTO db_academico.asignatura (`asi_id`,`scon_id`,`uaca_id`,`asi_nombre`,`asi_alias`,`asi_descripcion`,`asi_usuario_ingreso`,`asi_usuario_modifica`,`asi_estado`,`asi_fecha_creacion`,`asi_fecha_modificacion`,`asi_estado_logico`) VALUES (11,1,2,'Comercio Electrónico','comercio_electronico','Comercio Electrónico',1,NULL,'1','2019-11-26 09:40:00',NULL,'1');
INSERT INTO db_academico.asignatura (`asi_id`,`scon_id`,`uaca_id`,`asi_nombre`,`asi_alias`,`asi_descripcion`,`asi_usuario_ingreso`,`asi_usuario_modifica`,`asi_estado`,`asi_fecha_creacion`,`asi_fecha_modificacion`,`asi_estado_logico`) VALUES (12,1,2,'Comportamiento del consumidor','comportamiento_consumidor','Comportamiento del consumidor',1,NULL,'1','2019-11-26 09:40:00',NULL,'1');
INSERT INTO db_academico.asignatura (`asi_id`,`scon_id`,`uaca_id`,`asi_nombre`,`asi_alias`,`asi_descripcion`,`asi_usuario_ingreso`,`asi_usuario_modifica`,`asi_estado`,`asi_fecha_creacion`,`asi_fecha_modificacion`,`asi_estado_logico`) VALUES (13,1,2,'Comunicación turística','comunicacion_turistica','Comunicación turística',1,NULL,'1','2019-11-26 09:40:00',NULL,'1');
INSERT INTO db_academico.asignatura (`asi_id`,`scon_id`,`uaca_id`,`asi_nombre`,`asi_alias`,`asi_descripcion`,`asi_usuario_ingreso`,`asi_usuario_modifica`,`asi_estado`,`asi_fecha_creacion`,`asi_fecha_modificacion`,`asi_estado_logico`) VALUES (14,1,2,'Comunicaciones Integradas a la Mercadotecnia','comunicaciones_integradas_mercadotecnia','Comunicaciones Integradas a la Mercadotecnia',1,NULL,'1','2019-11-26 09:40:00',NULL,'1');
INSERT INTO db_academico.asignatura (`asi_id`,`scon_id`,`uaca_id`,`asi_nombre`,`asi_alias`,`asi_descripcion`,`asi_usuario_ingreso`,`asi_usuario_modifica`,`asi_estado`,`asi_fecha_creacion`,`asi_fecha_modificacion`,`asi_estado_logico`) VALUES (15,1,2,'Contabilidad Gerencial','contabilidad_gerencial','Contabilidad Gerencial',1,NULL,'1','2019-11-26 09:40:00',NULL,'1');
INSERT INTO db_academico.asignatura (`asi_id`,`scon_id`,`uaca_id`,`asi_nombre`,`asi_alias`,`asi_descripcion`,`asi_usuario_ingreso`,`asi_usuario_modifica`,`asi_estado`,`asi_fecha_creacion`,`asi_fecha_modificacion`,`asi_estado_logico`) VALUES (16,1,2,'Costos para la Gestión','costos_gestion','Costos para la Gestión',1,NULL,'1','2019-11-26 09:40:00',NULL,'1');
INSERT INTO db_academico.asignatura (`asi_id`,`scon_id`,`uaca_id`,`asi_nombre`,`asi_alias`,`asi_descripcion`,`asi_usuario_ingreso`,`asi_usuario_modifica`,`asi_estado`,`asi_fecha_creacion`,`asi_fecha_modificacion`,`asi_estado_logico`) VALUES (17,1,2,'Cultura, Clima y Cambio Organizacional','cultura_clima_cambio_organizacional','Cultura, Clima y Cambio Organizacional',1,NULL,'1','2019-11-26 09:40:00',NULL,'1');
INSERT INTO db_academico.asignatura (`asi_id`,`scon_id`,`uaca_id`,`asi_nombre`,`asi_alias`,`asi_descripcion`,`asi_usuario_ingreso`,`asi_usuario_modifica`,`asi_estado`,`asi_fecha_creacion`,`asi_fecha_modificacion`,`asi_estado_logico`) VALUES (18,1,2,'Derecho Empresarial','derecho_empresarial','Derecho Empresarial',1,NULL,'1','2019-11-26 09:40:00',NULL,'1');
INSERT INTO db_academico.asignatura (`asi_id`,`scon_id`,`uaca_id`,`asi_nombre`,`asi_alias`,`asi_descripcion`,`asi_usuario_ingreso`,`asi_usuario_modifica`,`asi_estado`,`asi_fecha_creacion`,`asi_fecha_modificacion`,`asi_estado_logico`) VALUES (19,1,2,'Derecho Tributario','derecho_tributario','Derecho Tributario',1,NULL,'1','2019-11-26 09:40:00',NULL,'1');
INSERT INTO db_academico.asignatura (`asi_id`,`scon_id`,`uaca_id`,`asi_nombre`,`asi_alias`,`asi_descripcion`,`asi_usuario_ingreso`,`asi_usuario_modifica`,`asi_estado`,`asi_fecha_creacion`,`asi_fecha_modificacion`,`asi_estado_logico`) VALUES (20,1,2,'Derecho y Ética Profesional','derecho_etica_profesional','Derecho y Ética Profesional',1,NULL,'1','2019-11-26 09:40:00',NULL,'1');
INSERT INTO db_academico.asignatura (`asi_id`,`scon_id`,`uaca_id`,`asi_nombre`,`asi_alias`,`asi_descripcion`,`asi_usuario_ingreso`,`asi_usuario_modifica`,`asi_estado`,`asi_fecha_creacion`,`asi_fecha_modificacion`,`asi_estado_logico`) VALUES (21,1,2,'Desarrollo de Habilidades Gerenciales','desarrollo_habilidades_gerenciales','Desarrollo de Habilidades Gerenciales',1,NULL,'1','2019-11-26 09:40:00',NULL,'1');
INSERT INTO db_academico.asignatura (`asi_id`,`scon_id`,`uaca_id`,`asi_nombre`,`asi_alias`,`asi_descripcion`,`asi_usuario_ingreso`,`asi_usuario_modifica`,`asi_estado`,`asi_fecha_creacion`,`asi_fecha_modificacion`,`asi_estado_logico`) VALUES (22,1,2,'Desarrollo Organizacional','desarrollo_organizacional','Desarrollo Organizacional',1,NULL,'1','2019-11-26 09:40:00',NULL,'1');
INSERT INTO db_academico.asignatura (`asi_id`,`scon_id`,`uaca_id`,`asi_nombre`,`asi_alias`,`asi_descripcion`,`asi_usuario_ingreso`,`asi_usuario_modifica`,`asi_estado`,`asi_fecha_creacion`,`asi_fecha_modificacion`,`asi_estado_logico`) VALUES (23,1,2,'Desarrollo turístico sostenible','desarrollo_turistico_sostenible','Desarrollo turístico sostenible',1,NULL,'1','2019-11-26 09:40:00',NULL,'1');
INSERT INTO db_academico.asignatura (`asi_id`,`scon_id`,`uaca_id`,`asi_nombre`,`asi_alias`,`asi_descripcion`,`asi_usuario_ingreso`,`asi_usuario_modifica`,`asi_estado`,`asi_fecha_creacion`,`asi_fecha_modificacion`,`asi_estado_logico`) VALUES (24,1,2,'Dirección Estratégica de Marketing','direccion_estrategica_marketing','Dirección Estratégica de Marketing',1,NULL,'1','2019-11-26 09:40:00',NULL,'1');
INSERT INTO db_academico.asignatura (`asi_id`,`scon_id`,`uaca_id`,`asi_nombre`,`asi_alias`,`asi_descripcion`,`asi_usuario_ingreso`,`asi_usuario_modifica`,`asi_estado`,`asi_fecha_creacion`,`asi_fecha_modificacion`,`asi_estado_logico`) VALUES (25,1,2,'Dirección Estratégica de Talento Humano','direccion_estrategica_talento_humano','Dirección Estratégica de Talento Humano',1,NULL,'1','2019-11-26 09:40:00',NULL,'1');
INSERT INTO db_academico.asignatura (`asi_id`,`scon_id`,`uaca_id`,`asi_nombre`,`asi_alias`,`asi_descripcion`,`asi_usuario_ingreso`,`asi_usuario_modifica`,`asi_estado`,`asi_fecha_creacion`,`asi_fecha_modificacion`,`asi_estado_logico`) VALUES (26,1,2,'Dirección y Gestión de empresas turísticas','direccion_gestion_empresas_turisticas','Dirección y Gestión de empresas turísticas',1,NULL,'1','2019-11-26 09:40:00',NULL,'1');
INSERT INTO db_academico.asignatura (`asi_id`,`scon_id`,`uaca_id`,`asi_nombre`,`asi_alias`,`asi_descripcion`,`asi_usuario_ingreso`,`asi_usuario_modifica`,`asi_estado`,`asi_fecha_creacion`,`asi_fecha_modificacion`,`asi_estado_logico`) VALUES (27,1,2,'Diseño de procesos y puestos','diseño_procesos_puestos','Diseño de procesos y puestos',1,NULL,'1','2019-11-26 09:40:00',NULL,'1');
INSERT INTO db_academico.asignatura (`asi_id`,`scon_id`,`uaca_id`,`asi_nombre`,`asi_alias`,`asi_descripcion`,`asi_usuario_ingreso`,`asi_usuario_modifica`,`asi_estado`,`asi_fecha_creacion`,`asi_fecha_modificacion`,`asi_estado_logico`) VALUES (28,1,2,'Economía del turismo','economia_turismo','Economía del turismo',1,NULL,'1','2019-11-26 09:40:00',NULL,'1');
INSERT INTO db_academico.asignatura (`asi_id`,`scon_id`,`uaca_id`,`asi_nombre`,`asi_alias`,`asi_descripcion`,`asi_usuario_ingreso`,`asi_usuario_modifica`,`asi_estado`,`asi_fecha_creacion`,`asi_fecha_modificacion`,`asi_estado_logico`) VALUES (29,1,2,'Economía Empresarial','economia_empresarial','Economía Empresarial',1,NULL,'1','2019-11-26 09:40:00',NULL,'1');
INSERT INTO db_academico.asignatura (`asi_id`,`scon_id`,`uaca_id`,`asi_nombre`,`asi_alias`,`asi_descripcion`,`asi_usuario_ingreso`,`asi_usuario_modifica`,`asi_estado`,`asi_fecha_creacion`,`asi_fecha_modificacion`,`asi_estado_logico`) VALUES (30,1,2,'Economía Gerencial con Aplicación al Marketing','economia_gerencial_aplicación_marketing','Economía Gerencial con Aplicación al Marketing',1,NULL,'1','2019-11-26 09:40:00',NULL,'1');
INSERT INTO db_academico.asignatura (`asi_id`,`scon_id`,`uaca_id`,`asi_nombre`,`asi_alias`,`asi_descripcion`,`asi_usuario_ingreso`,`asi_usuario_modifica`,`asi_estado`,`asi_fecha_creacion`,`asi_fecha_modificacion`,`asi_estado_logico`) VALUES (31,1,2,'Emprendimiento Internacional','emprendimiento_internacional','Emprendimiento Internacional',1,NULL,'1','2019-11-26 09:40:00',NULL,'1');
INSERT INTO db_academico.asignatura (`asi_id`,`scon_id`,`uaca_id`,`asi_nombre`,`asi_alias`,`asi_descripcion`,`asi_usuario_ingreso`,`asi_usuario_modifica`,`asi_estado`,`asi_fecha_creacion`,`asi_fecha_modificacion`,`asi_estado_logico`) VALUES (32,1,2,'Entorno jurídico fiscal en el turismo','entorno_juridico_fiscal_turismo','Entorno jurídico fiscal en el turismo',1,NULL,'1','2019-11-26 09:40:00',NULL,'1');
INSERT INTO db_academico.asignatura (`asi_id`,`scon_id`,`uaca_id`,`asi_nombre`,`asi_alias`,`asi_descripcion`,`asi_usuario_ingreso`,`asi_usuario_modifica`,`asi_estado`,`asi_fecha_creacion`,`asi_fecha_modificacion`,`asi_estado_logico`) VALUES (33,1,2,'Epistemología de la Administración','epistemologia_administracion','Epistemología de la Administración',1,NULL,'1','2019-11-26 09:40:00',NULL,'1');
INSERT INTO db_academico.asignatura (`asi_id`,`scon_id`,`uaca_id`,`asi_nombre`,`asi_alias`,`asi_descripcion`,`asi_usuario_ingreso`,`asi_usuario_modifica`,`asi_estado`,`asi_fecha_creacion`,`asi_fecha_modificacion`,`asi_estado_logico`) VALUES (34,1,2,'Epistemología de la mercadotecnia','epistemologia_mercadotecnia','Epistemología de la mercadotecnia',1,NULL,'1','2019-11-26 09:40:00',NULL,'1');
INSERT INTO db_academico.asignatura (`asi_id`,`scon_id`,`uaca_id`,`asi_nombre`,`asi_alias`,`asi_descripcion`,`asi_usuario_ingreso`,`asi_usuario_modifica`,`asi_estado`,`asi_fecha_creacion`,`asi_fecha_modificacion`,`asi_estado_logico`) VALUES (35,1,2,'Estadística aplicada a la Gestión de empresas turísticas','estadistica_aplicada_gestion_empresas_turisticas','Estadística aplicada a la Gestión de empresas turísticas',1,NULL,'1','2019-11-26 09:40:00',NULL,'1');
INSERT INTO db_academico.asignatura (`asi_id`,`scon_id`,`uaca_id`,`asi_nombre`,`asi_alias`,`asi_descripcion`,`asi_usuario_ingreso`,`asi_usuario_modifica`,`asi_estado`,`asi_fecha_creacion`,`asi_fecha_modificacion`,`asi_estado_logico`) VALUES (36,1,2,'Estadística e Introducción a la Econometría','estadistica_introduccion_econometria','Estadística e Introducción a la Econometría',1,NULL,'1','2019-11-26 09:40:00',NULL,'1');
INSERT INTO db_academico.asignatura (`asi_id`,`scon_id`,`uaca_id`,`asi_nombre`,`asi_alias`,`asi_descripcion`,`asi_usuario_ingreso`,`asi_usuario_modifica`,`asi_estado`,`asi_fecha_creacion`,`asi_fecha_modificacion`,`asi_estado_logico`) VALUES (37,1,2,'Estrategias competitivas','estrategias_competitivas','Estrategias competitivas',1,NULL,'1','2019-11-26 09:40:00',NULL,'1');
INSERT INTO db_academico.asignatura (`asi_id`,`scon_id`,`uaca_id`,`asi_nombre`,`asi_alias`,`asi_descripcion`,`asi_usuario_ingreso`,`asi_usuario_modifica`,`asi_estado`,`asi_fecha_creacion`,`asi_fecha_modificacion`,`asi_estado_logico`) VALUES (38,1,2,'Estrategias de Compensación Incentivos y Políticas Salariales','estrategias_compensacion_incentivos_politicas_salariales','Estrategias de Compensación Incentivos y Políticas Salariales',1,NULL,'1','2019-11-26 09:40:00',NULL,'1');
INSERT INTO db_academico.asignatura (`asi_id`,`scon_id`,`uaca_id`,`asi_nombre`,`asi_alias`,`asi_descripcion`,`asi_usuario_ingreso`,`asi_usuario_modifica`,`asi_estado`,`asi_fecha_creacion`,`asi_fecha_modificacion`,`asi_estado_logico`) VALUES (39,1,2,'Estrategias de Distribución y Logística','estrategias_distribucion_logistica','Estrategias de Distribución y Logística',1,NULL,'1','2019-11-26 09:40:00',NULL,'1');
INSERT INTO db_academico.asignatura (`asi_id`,`scon_id`,`uaca_id`,`asi_nombre`,`asi_alias`,`asi_descripcion`,`asi_usuario_ingreso`,`asi_usuario_modifica`,`asi_estado`,`asi_fecha_creacion`,`asi_fecha_modificacion`,`asi_estado_logico`) VALUES (40,1,2,'Estrategias de Finanzas Globales','estrategias_finanzas_globales','Estrategias de Finanzas Globales',1,NULL,'1','2019-11-26 09:40:00',NULL,'1');
INSERT INTO db_academico.asignatura (`asi_id`,`scon_id`,`uaca_id`,`asi_nombre`,`asi_alias`,`asi_descripcion`,`asi_usuario_ingreso`,`asi_usuario_modifica`,`asi_estado`,`asi_fecha_creacion`,`asi_fecha_modificacion`,`asi_estado_logico`) VALUES (41,1,2,'Estrategias de la Información en Ciber Sociedad','estrategias_informacion_ciber_sociedad','Estrategias de la Información en Ciber Sociedad',1,NULL,'1','2019-11-26 09:40:00',NULL,'1');
INSERT INTO db_academico.asignatura (`asi_id`,`scon_id`,`uaca_id`,`asi_nombre`,`asi_alias`,`asi_descripcion`,`asi_usuario_ingreso`,`asi_usuario_modifica`,`asi_estado`,`asi_fecha_creacion`,`asi_fecha_modificacion`,`asi_estado_logico`) VALUES (42,1,2,'Estrategias Globales de Exportación','estrategias_globales_exportacion','Estrategias Globales de Exportación',1,NULL,'1','2019-11-26 09:40:00',NULL,'1');
INSERT INTO db_academico.asignatura (`asi_id`,`scon_id`,`uaca_id`,`asi_nombre`,`asi_alias`,`asi_descripcion`,`asi_usuario_ingreso`,`asi_usuario_modifica`,`asi_estado`,`asi_fecha_creacion`,`asi_fecha_modificacion`,`asi_estado_logico`) VALUES (43,1,2,'Estructura y Órgano de Gobierno','estructura_organo_gobierno','Estructura y Órgano de Gobierno',1,NULL,'1','2019-11-26 09:40:00',NULL,'1');
INSERT INTO db_academico.asignatura (`asi_id`,`scon_id`,`uaca_id`,`asi_nombre`,`asi_alias`,`asi_descripcion`,`asi_usuario_ingreso`,`asi_usuario_modifica`,`asi_estado`,`asi_fecha_creacion`,`asi_fecha_modificacion`,`asi_estado_logico`) VALUES (44,1,2,'Estudio y Análisis de IVA e ICE','estudio_analisis_iva_ice','Estudio y Análisis de IVA e ICE',1,NULL,'1','2019-11-26 09:40:00',NULL,'1');
INSERT INTO db_academico.asignatura (`asi_id`,`scon_id`,`uaca_id`,`asi_nombre`,`asi_alias`,`asi_descripcion`,`asi_usuario_ingreso`,`asi_usuario_modifica`,`asi_estado`,`asi_fecha_creacion`,`asi_fecha_modificacion`,`asi_estado_logico`) VALUES (45,1,2,'Estudio y Análisis de otros Tributos','estudio_analisis_tributos','Estudio y Análisis de otros Tributos',1,NULL,'1','2019-11-26 09:40:00',NULL,'1');
INSERT INTO db_academico.asignatura (`asi_id`,`scon_id`,`uaca_id`,`asi_nombre`,`asi_alias`,`asi_descripcion`,`asi_usuario_ingreso`,`asi_usuario_modifica`,`asi_estado`,`asi_fecha_creacion`,`asi_fecha_modificacion`,`asi_estado_logico`) VALUES (46,1,2,'Estudio y Análisis Impuesto a la Renta','estudio_analisis_impuesto_renta','Estudio y Análisis Impuesto a la Renta',1,NULL,'1','2019-11-26 09:40:00',NULL,'1');
INSERT INTO db_academico.asignatura (`asi_id`,`scon_id`,`uaca_id`,`asi_nombre`,`asi_alias`,`asi_descripcion`,`asi_usuario_ingreso`,`asi_usuario_modifica`,`asi_estado`,`asi_fecha_creacion`,`asi_fecha_modificacion`,`asi_estado_logico`) VALUES (47,1,2,'Ética y Responsabilidad Social Corporativa','etica_responsabilidad_social_corporativa','Ética y Responsabilidad Social Corporativa',1,NULL,'1','2019-11-26 09:40:00',NULL,'1');
INSERT INTO db_academico.asignatura (`asi_id`,`scon_id`,`uaca_id`,`asi_nombre`,`asi_alias`,`asi_descripcion`,`asi_usuario_ingreso`,`asi_usuario_modifica`,`asi_estado`,`asi_fecha_creacion`,`asi_fecha_modificacion`,`asi_estado_logico`) VALUES (48,1,2,'Ética y Responsabilidad Social Corporativa en El Contexto Global','etica_responsabilidad_social_corporativa_contexto_global','Ética y Responsabilidad Social Corporativa en El Contexto Global',1,NULL,'1','2019-11-26 09:40:00',NULL,'1');
INSERT INTO db_academico.asignatura (`asi_id`,`scon_id`,`uaca_id`,`asi_nombre`,`asi_alias`,`asi_descripcion`,`asi_usuario_ingreso`,`asi_usuario_modifica`,`asi_estado`,`asi_fecha_creacion`,`asi_fecha_modificacion`,`asi_estado_logico`) VALUES (49,1,2,'Ética y valores','etica_valores','Ética y valores',1,NULL,'1','2019-11-26 09:40:00',NULL,'1');
INSERT INTO db_academico.asignatura (`asi_id`,`scon_id`,`uaca_id`,`asi_nombre`,`asi_alias`,`asi_descripcion`,`asi_usuario_ingreso`,`asi_usuario_modifica`,`asi_estado`,`asi_fecha_creacion`,`asi_fecha_modificacion`,`asi_estado_logico`) VALUES (50,1,2,'Evaluación de Proyectos','evaluacion_proyectos','Evaluación de Proyectos',1,NULL,'1','2019-11-26 09:40:00',NULL,'1');
INSERT INTO db_academico.asignatura (`asi_id`,`scon_id`,`uaca_id`,`asi_nombre`,`asi_alias`,`asi_descripcion`,`asi_usuario_ingreso`,`asi_usuario_modifica`,`asi_estado`,`asi_fecha_creacion`,`asi_fecha_modificacion`,`asi_estado_logico`) VALUES (51,1,2,'Evaluación de proyectos y análisis de riesgo','evaluacion_proyectos_analisis_riesgo','Evaluación de proyectos y análisis de riesgo',1,NULL,'1','2019-11-26 09:40:00',NULL,'1');
INSERT INTO db_academico.asignatura (`asi_id`,`scon_id`,`uaca_id`,`asi_nombre`,`asi_alias`,`asi_descripcion`,`asi_usuario_ingreso`,`asi_usuario_modifica`,`asi_estado`,`asi_fecha_creacion`,`asi_fecha_modificacion`,`asi_estado_logico`) VALUES (52,1,2,'Finanzas Corporativas','finanzas_corporativas','Finanzas Corporativas',1,NULL,'1','2019-11-26 09:40:00',NULL,'1');
INSERT INTO db_academico.asignatura (`asi_id`,`scon_id`,`uaca_id`,`asi_nombre`,`asi_alias`,`asi_descripcion`,`asi_usuario_ingreso`,`asi_usuario_modifica`,`asi_estado`,`asi_fecha_creacion`,`asi_fecha_modificacion`,`asi_estado_logico`) VALUES (53,1,2,'Finanzas para la toma decisiones','finanzas_toma_decisiones','Finanzas para la toma decisiones',1,NULL,'1','2019-11-26 09:40:00',NULL,'1');
INSERT INTO db_academico.asignatura (`asi_id`,`scon_id`,`uaca_id`,`asi_nombre`,`asi_alias`,`asi_descripcion`,`asi_usuario_ingreso`,`asi_usuario_modifica`,`asi_estado`,`asi_fecha_creacion`,`asi_fecha_modificacion`,`asi_estado_logico`) VALUES (54,1,2,'Finanzas Públicas','finanzas_publicas','Finanzas Públicas',1,NULL,'1','2019-11-26 09:40:00',NULL,'1');
INSERT INTO db_academico.asignatura (`asi_id`,`scon_id`,`uaca_id`,`asi_nombre`,`asi_alias`,`asi_descripcion`,`asi_usuario_ingreso`,`asi_usuario_modifica`,`asi_estado`,`asi_fecha_creacion`,`asi_fecha_modificacion`,`asi_estado_logico`) VALUES (55,1,2,'Fundamentos, dimensiones y tendencias del turismo','fundamentos_dimensiones_tendencias_turismo','Fundamentos, dimensiones y tendencias del turismo',1,NULL,'1','2019-11-26 09:40:00',NULL,'1');
INSERT INTO db_academico.asignatura (`asi_id`,`scon_id`,`uaca_id`,`asi_nombre`,`asi_alias`,`asi_descripcion`,`asi_usuario_ingreso`,`asi_usuario_modifica`,`asi_estado`,`asi_fecha_creacion`,`asi_fecha_modificacion`,`asi_estado_logico`) VALUES (56,1,2,'Fundamentos, dimensiones y tendencias en la innovación tecnológica','fundamentos_dimensiones_tendencias_innovacion_tecnologica','Fundamentos, dimensiones y tendencias en la innovación tecnológica',1,NULL,'1','2019-11-26 09:40:00',NULL,'1');
INSERT INTO db_academico.asignatura (`asi_id`,`scon_id`,`uaca_id`,`asi_nombre`,`asi_alias`,`asi_descripcion`,`asi_usuario_ingreso`,`asi_usuario_modifica`,`asi_estado`,`asi_fecha_creacion`,`asi_fecha_modificacion`,`asi_estado_logico`) VALUES (57,1,2,'Gerencia de Finanzas','gerencia_finanzas','Gerencia de Finanzas',1,NULL,'1','2019-11-26 09:40:00',NULL,'1');
INSERT INTO db_academico.asignatura (`asi_id`,`scon_id`,`uaca_id`,`asi_nombre`,`asi_alias`,`asi_descripcion`,`asi_usuario_ingreso`,`asi_usuario_modifica`,`asi_estado`,`asi_fecha_creacion`,`asi_fecha_modificacion`,`asi_estado_logico`) VALUES (58,1,2,'Gerencia de la innovación interna de la empresa','gerencia_innovacion_interna_empresa','Gerencia de la innovación interna de la empresa',1,NULL,'1','2019-11-26 09:40:00',NULL,'1');
INSERT INTO db_academico.asignatura (`asi_id`,`scon_id`,`uaca_id`,`asi_nombre`,`asi_alias`,`asi_descripcion`,`asi_usuario_ingreso`,`asi_usuario_modifica`,`asi_estado`,`asi_fecha_creacion`,`asi_fecha_modificacion`,`asi_estado_logico`) VALUES (59,1,2,'Gerencia de Marketing','gerencia_marketing','Gerencia de Marketing',1,NULL,'1','2019-11-26 09:40:00',NULL,'1');
INSERT INTO db_academico.asignatura (`asi_id`,`scon_id`,`uaca_id`,`asi_nombre`,`asi_alias`,`asi_descripcion`,`asi_usuario_ingreso`,`asi_usuario_modifica`,`asi_estado`,`asi_fecha_creacion`,`asi_fecha_modificacion`,`asi_estado_logico`) VALUES (60,1,2,'Gestión de alojamiento','gestion_alojamiento','Gestión de alojamiento',1,NULL,'1','2019-11-26 09:40:00',NULL,'1');
INSERT INTO db_academico.asignatura (`asi_id`,`scon_id`,`uaca_id`,`asi_nombre`,`asi_alias`,`asi_descripcion`,`asi_usuario_ingreso`,`asi_usuario_modifica`,`asi_estado`,`asi_fecha_creacion`,`asi_fecha_modificacion`,`asi_estado_logico`) VALUES (61,1,2,'Gestión de destinos turísticos','gestion_destinos_turisticos','Gestión de destinos turísticos',1,NULL,'1','2019-11-26 09:40:00',NULL,'1');
INSERT INTO db_academico.asignatura (`asi_id`,`scon_id`,`uaca_id`,`asi_nombre`,`asi_alias`,`asi_descripcion`,`asi_usuario_ingreso`,`asi_usuario_modifica`,`asi_estado`,`asi_fecha_creacion`,`asi_fecha_modificacion`,`asi_estado_logico`) VALUES (62,1,2,'Gestión de la calidad en empresas turísticas','gestion_calidad_empresas_turisticas','Gestión de la calidad en empresas turísticas',1,NULL,'1','2019-11-26 09:40:00',NULL,'1');
INSERT INTO db_academico.asignatura (`asi_id`,`scon_id`,`uaca_id`,`asi_nombre`,`asi_alias`,`asi_descripcion`,`asi_usuario_ingreso`,`asi_usuario_modifica`,`asi_estado`,`asi_fecha_creacion`,`asi_fecha_modificacion`,`asi_estado_logico`) VALUES (63,1,2,'Gestión de la movilidad e intermediación turística','gestion_movilidad_intermediacion_turisitica','Gestión de la movilidad e intermediación turística',1,NULL,'1','2019-11-26 09:40:00',NULL,'1');
INSERT INTO db_academico.asignatura (`asi_id`,`scon_id`,`uaca_id`,`asi_nombre`,`asi_alias`,`asi_descripcion`,`asi_usuario_ingreso`,`asi_usuario_modifica`,`asi_estado`,`asi_fecha_creacion`,`asi_fecha_modificacion`,`asi_estado_logico`) VALUES (64,1,2,'Gestión de la Propiedad de la Empresa Familiar','gestion_propiedad_empresa_familiar','Gestión de la Propiedad de la Empresa Familiar',1,NULL,'1','2019-11-26 09:40:00',NULL,'1');
INSERT INTO db_academico.asignatura (`asi_id`,`scon_id`,`uaca_id`,`asi_nombre`,`asi_alias`,`asi_descripcion`,`asi_usuario_ingreso`,`asi_usuario_modifica`,`asi_estado`,`asi_fecha_creacion`,`asi_fecha_modificacion`,`asi_estado_logico`) VALUES (65,1,2,'Gestión de la Seguridad y Salud Ocupacional','gestion_seguridad_salud_ocupacional','Gestión de la Seguridad y Salud Ocupacional',1,NULL,'1','2019-11-26 09:40:00',NULL,'1');
INSERT INTO db_academico.asignatura (`asi_id`,`scon_id`,`uaca_id`,`asi_nombre`,`asi_alias`,`asi_descripcion`,`asi_usuario_ingreso`,`asi_usuario_modifica`,`asi_estado`,`asi_fecha_creacion`,`asi_fecha_modificacion`,`asi_estado_logico`) VALUES (66,1,2,'Gestión de proyectos turísticos','gestion_proyectos_turisticos','Gestión de proyectos turísticos',1,NULL,'1','2019-11-26 09:40:00',NULL,'1');
INSERT INTO db_academico.asignatura (`asi_id`,`scon_id`,`uaca_id`,`asi_nombre`,`asi_alias`,`asi_descripcion`,`asi_usuario_ingreso`,`asi_usuario_modifica`,`asi_estado`,`asi_fecha_creacion`,`asi_fecha_modificacion`,`asi_estado_logico`) VALUES (67,1,2,'Gestión de recursos y productos turísticos','gestion_recursos_productos_turisticos','Gestión de recursos y productos turísticos',1,NULL,'1','2019-11-26 09:40:00',NULL,'1');
INSERT INTO db_academico.asignatura (`asi_id`,`scon_id`,`uaca_id`,`asi_nombre`,`asi_alias`,`asi_descripcion`,`asi_usuario_ingreso`,`asi_usuario_modifica`,`asi_estado`,`asi_fecha_creacion`,`asi_fecha_modificacion`,`asi_estado_logico`) VALUES (68,1,2,'Gestión de restauración','gestion_restauracion','Gestión de restauración',1,NULL,'1','2019-11-26 09:40:00',NULL,'1');
INSERT INTO db_academico.asignatura (`asi_id`,`scon_id`,`uaca_id`,`asi_nombre`,`asi_alias`,`asi_descripcion`,`asi_usuario_ingreso`,`asi_usuario_modifica`,`asi_estado`,`asi_fecha_creacion`,`asi_fecha_modificacion`,`asi_estado_logico`) VALUES (69,1,2,'Gestión del desempeño y efectividad organizacional','gestion_desempeño_efectividad_organizacional','Gestión del desempeño y efectividad organizacional',1,NULL,'1','2019-11-26 09:40:00',NULL,'1');
INSERT INTO db_academico.asignatura (`asi_id`,`scon_id`,`uaca_id`,`asi_nombre`,`asi_alias`,`asi_descripcion`,`asi_usuario_ingreso`,`asi_usuario_modifica`,`asi_estado`,`asi_fecha_creacion`,`asi_fecha_modificacion`,`asi_estado_logico`) VALUES (70,1,2,'Gestión del talento humano','gestion_talento_humano','Gestión del talento humano',1,NULL,'1','2019-11-26 09:40:00',NULL,'1');
INSERT INTO db_academico.asignatura (`asi_id`,`scon_id`,`uaca_id`,`asi_nombre`,`asi_alias`,`asi_descripcion`,`asi_usuario_ingreso`,`asi_usuario_modifica`,`asi_estado`,`asi_fecha_creacion`,`asi_fecha_modificacion`,`asi_estado_logico`) VALUES (71,1,2,'Gestión Estratégica del Talento Humano','gestion_estrategica_talento_humano','Gestión Estratégica del Talento Humano',1,NULL,'1','2019-11-26 09:40:00',NULL,'1');
INSERT INTO db_academico.asignatura (`asi_id`,`scon_id`,`uaca_id`,`asi_nombre`,`asi_alias`,`asi_descripcion`,`asi_usuario_ingreso`,`asi_usuario_modifica`,`asi_estado`,`asi_fecha_creacion`,`asi_fecha_modificacion`,`asi_estado_logico`) VALUES (72,1,2,'Gobernanza de TI, riesgos y cumplimiento normativo','gobernanza_ti_riesgos_cumplimiento_normativo','Gobernanza de TI, riesgos y cumplimiento normativo',1,NULL,'1','2019-11-26 09:40:00',NULL,'1');
INSERT INTO db_academico.asignatura (`asi_id`,`scon_id`,`uaca_id`,`asi_nombre`,`asi_alias`,`asi_descripcion`,`asi_usuario_ingreso`,`asi_usuario_modifica`,`asi_estado`,`asi_fecha_creacion`,`asi_fecha_modificacion`,`asi_estado_logico`) VALUES (73,1,2,'Gobierno Corporativo y Responsabilidad Social','gobierno_corporativo_responsabilidad_social','Gobierno Corporativo y Responsabilidad Social',1,NULL,'1','2019-11-26 09:40:00',NULL,'1');
INSERT INTO db_academico.asignatura (`asi_id`,`scon_id`,`uaca_id`,`asi_nombre`,`asi_alias`,`asi_descripcion`,`asi_usuario_ingreso`,`asi_usuario_modifica`,`asi_estado`,`asi_fecha_creacion`,`asi_fecha_modificacion`,`asi_estado_logico`) VALUES (74,1,2,'Habilidades Directivas','habilidades_directivas','Habilidades Directivas',1,NULL,'1','2019-11-26 09:40:00',NULL,'1');
INSERT INTO db_academico.asignatura (`asi_id`,`scon_id`,`uaca_id`,`asi_nombre`,`asi_alias`,`asi_descripcion`,`asi_usuario_ingreso`,`asi_usuario_modifica`,`asi_estado`,`asi_fecha_creacion`,`asi_fecha_modificacion`,`asi_estado_logico`) VALUES (75,1,2,'Innovación de la Empresa Familiar','innovacion_empresa_familiar','Innovación de la Empresa Familiar',1,NULL,'1','2019-11-26 09:40:00',NULL,'1');
INSERT INTO db_academico.asignatura (`asi_id`,`scon_id`,`uaca_id`,`asi_nombre`,`asi_alias`,`asi_descripcion`,`asi_usuario_ingreso`,`asi_usuario_modifica`,`asi_estado`,`asi_fecha_creacion`,`asi_fecha_modificacion`,`asi_estado_logico`) VALUES (76,1,2,'Innovación en empresas de turismo y destinos turísticos','innovacion_empresas_turismo_destinos_turisticos','Innovación en empresas de turismo y destinos turísticos',1,NULL,'1','2019-11-26 09:40:00',NULL,'1');
INSERT INTO db_academico.asignatura (`asi_id`,`scon_id`,`uaca_id`,`asi_nombre`,`asi_alias`,`asi_descripcion`,`asi_usuario_ingreso`,`asi_usuario_modifica`,`asi_estado`,`asi_fecha_creacion`,`asi_fecha_modificacion`,`asi_estado_logico`) VALUES (77,1,2,'Integración y Entorno Económico Internacional','integracion_entorno_economico_internacional','Integración y Entorno Económico Internacional',1,NULL,'1','2019-11-26 09:40:00',NULL,'1');
INSERT INTO db_academico.asignatura (`asi_id`,`scon_id`,`uaca_id`,`asi_nombre`,`asi_alias`,`asi_descripcion`,`asi_usuario_ingreso`,`asi_usuario_modifica`,`asi_estado`,`asi_fecha_creacion`,`asi_fecha_modificacion`,`asi_estado_logico`) VALUES (78,1,2,'Inteligencias de Mercados','inteligencia_mercados','Inteligencias de Mercados',1,NULL,'1','2019-11-26 09:40:00',NULL,'1');
INSERT INTO db_academico.asignatura (`asi_id`,`scon_id`,`uaca_id`,`asi_nombre`,`asi_alias`,`asi_descripcion`,`asi_usuario_ingreso`,`asi_usuario_modifica`,`asi_estado`,`asi_fecha_creacion`,`asi_fecha_modificacion`,`asi_estado_logico`) VALUES (79,1,2,'Interculturalidad y Saberes Ancestrales','interculturalidad_saberes_ancestrales','Interculturalidad y Saberes Ancestrales',1,NULL,'1','2019-11-26 09:40:00',NULL,'1');
INSERT INTO db_academico.asignatura (`asi_id`,`scon_id`,`uaca_id`,`asi_nombre`,`asi_alias`,`asi_descripcion`,`asi_usuario_ingreso`,`asi_usuario_modifica`,`asi_estado`,`asi_fecha_creacion`,`asi_fecha_modificacion`,`asi_estado_logico`) VALUES (80,1,2,'Interculturalidad, saberes ancestrales y estudio de género','interculturalidad_saberes_ancestrales_estudio_genero','Interculturalidad, saberes ancestrales y estudio de género',1,NULL,'1','2019-11-26 09:40:00',NULL,'1');
INSERT INTO db_academico.asignatura (`asi_id`,`scon_id`,`uaca_id`,`asi_nombre`,`asi_alias`,`asi_descripcion`,`asi_usuario_ingreso`,`asi_usuario_modifica`,`asi_estado`,`asi_fecha_creacion`,`asi_fecha_modificacion`,`asi_estado_logico`) VALUES (81,1,2,'Investigación de Operaciones aplicada a la toma de decisiones','investigacion_operaciones_aplicada_toma_decisiones','Investigación de Operaciones aplicada a la toma de decisiones',1,NULL,'1','2019-11-26 09:40:00',NULL,'1');
INSERT INTO db_academico.asignatura (`asi_id`,`scon_id`,`uaca_id`,`asi_nombre`,`asi_alias`,`asi_descripcion`,`asi_usuario_ingreso`,`asi_usuario_modifica`,`asi_estado`,`asi_fecha_creacion`,`asi_fecha_modificacion`,`asi_estado_logico`) VALUES (82,1,2,'Legislación en El Comercio Exterior','legislacion_comercio_exterior','Legislación en El Comercio Exterior',1,NULL,'1','2019-11-26 09:40:00',NULL,'1');
INSERT INTO db_academico.asignatura (`asi_id`,`scon_id`,`uaca_id`,`asi_nombre`,`asi_alias`,`asi_descripcion`,`asi_usuario_ingreso`,`asi_usuario_modifica`,`asi_estado`,`asi_fecha_creacion`,`asi_fecha_modificacion`,`asi_estado_logico`) VALUES (83,1,2,'Legislación Laboral','legislacion_laboral','Legislación Laboral',1,NULL,'1','2019-11-26 09:40:00',NULL,'1');
INSERT INTO db_academico.asignatura (`asi_id`,`scon_id`,`uaca_id`,`asi_nombre`,`asi_alias`,`asi_descripcion`,`asi_usuario_ingreso`,`asi_usuario_modifica`,`asi_estado`,`asi_fecha_creacion`,`asi_fecha_modificacion`,`asi_estado_logico`) VALUES (84,1,2,'Liderazgo transformacional','liderazgo_transformacional','Liderazgo transformacional',1,NULL,'1','2019-11-26 09:40:00',NULL,'1');
INSERT INTO db_academico.asignatura (`asi_id`,`scon_id`,`uaca_id`,`asi_nombre`,`asi_alias`,`asi_descripcion`,`asi_usuario_ingreso`,`asi_usuario_modifica`,`asi_estado`,`asi_fecha_creacion`,`asi_fecha_modificacion`,`asi_estado_logico`) VALUES (85,1,2,'Marco teórico','marco_teorico','Marco teórico',1,NULL,'1','2019-11-26 09:40:00',NULL,'1');
INSERT INTO db_academico.asignatura (`asi_id`,`scon_id`,`uaca_id`,`asi_nombre`,`asi_alias`,`asi_descripcion`,`asi_usuario_ingreso`,`asi_usuario_modifica`,`asi_estado`,`asi_fecha_creacion`,`asi_fecha_modificacion`,`asi_estado_logico`) VALUES (86,1,2,'Marketing digital hotelero','marketing_digital_hotelero','Marketing digital hotelero',1,NULL,'1','2019-11-26 09:40:00',NULL,'1');
INSERT INTO db_academico.asignatura (`asi_id`,`scon_id`,`uaca_id`,`asi_nombre`,`asi_alias`,`asi_descripcion`,`asi_usuario_ingreso`,`asi_usuario_modifica`,`asi_estado`,`asi_fecha_creacion`,`asi_fecha_modificacion`,`asi_estado_logico`) VALUES (87,1,2,'Marketing Estratégico','marketing_estrategico','Marketing Estratégico',1,NULL,'1','2019-11-26 09:40:00',NULL,'1');
INSERT INTO db_academico.asignatura (`asi_id`,`scon_id`,`uaca_id`,`asi_nombre`,`asi_alias`,`asi_descripcion`,`asi_usuario_ingreso`,`asi_usuario_modifica`,`asi_estado`,`asi_fecha_creacion`,`asi_fecha_modificacion`,`asi_estado_logico`) VALUES (88,1,2,'Marketing Internacional','marketing_internacional','Marketing Internacional',1,NULL,'1','2019-11-26 09:40:00',NULL,'1');
INSERT INTO db_academico.asignatura (`asi_id`,`scon_id`,`uaca_id`,`asi_nombre`,`asi_alias`,`asi_descripcion`,`asi_usuario_ingreso`,`asi_usuario_modifica`,`asi_estado`,`asi_fecha_creacion`,`asi_fecha_modificacion`,`asi_estado_logico`) VALUES (89,1,2,'Marketing ROI','marketing_roi','Marketing ROI',1,NULL,'1','2019-11-26 09:40:00',NULL,'1');
INSERT INTO db_academico.asignatura (`asi_id`,`scon_id`,`uaca_id`,`asi_nombre`,`asi_alias`,`asi_descripcion`,`asi_usuario_ingreso`,`asi_usuario_modifica`,`asi_estado`,`asi_fecha_creacion`,`asi_fecha_modificacion`,`asi_estado_logico`) VALUES (90,1,2,'Marketing Social y Político','marketing_social_politico','Marketing Social y Político',1,NULL,'1','2019-11-26 09:40:00',NULL,'1');
INSERT INTO db_academico.asignatura (`asi_id`,`scon_id`,`uaca_id`,`asi_nombre`,`asi_alias`,`asi_descripcion`,`asi_usuario_ingreso`,`asi_usuario_modifica`,`asi_estado`,`asi_fecha_creacion`,`asi_fecha_modificacion`,`asi_estado_logico`) VALUES (91,1,2,'Marketing turístico','marketing_turistico','Marketing turístico',1,NULL,'1','2019-11-26 09:40:00',NULL,'1');
INSERT INTO db_academico.asignatura (`asi_id`,`scon_id`,`uaca_id`,`asi_nombre`,`asi_alias`,`asi_descripcion`,`asi_usuario_ingreso`,`asi_usuario_modifica`,`asi_estado`,`asi_fecha_creacion`,`asi_fecha_modificacion`,`asi_estado_logico`) VALUES (92,1,2,'Marketing Turístico y de Experiencia','marketing_turistico_experiencia','Marketing Turístico y de Experiencia',1,NULL,'1','2019-11-26 09:40:00',NULL,'1');
INSERT INTO db_academico.asignatura (`asi_id`,`scon_id`,`uaca_id`,`asi_nombre`,`asi_alias`,`asi_descripcion`,`asi_usuario_ingreso`,`asi_usuario_modifica`,`asi_estado`,`asi_fecha_creacion`,`asi_fecha_modificacion`,`asi_estado_logico`) VALUES (93,1,2,'Marketing y Redes Sociales','marketing_redes_sociales','Marketing y Redes Sociales',1,NULL,'1','2019-11-26 09:40:00',NULL,'1');
INSERT INTO db_academico.asignatura (`asi_id`,`scon_id`,`uaca_id`,`asi_nombre`,`asi_alias`,`asi_descripcion`,`asi_usuario_ingreso`,`asi_usuario_modifica`,`asi_estado`,`asi_fecha_creacion`,`asi_fecha_modificacion`,`asi_estado_logico`) VALUES (94,1,2,'Metodología de la Investigación científica','metodologia_investigacion_cientifica','Metodología de la Investigación científica',1,NULL,'1','2019-11-26 09:40:00',NULL,'1');
INSERT INTO db_academico.asignatura (`asi_id`,`scon_id`,`uaca_id`,`asi_nombre`,`asi_alias`,`asi_descripcion`,`asi_usuario_ingreso`,`asi_usuario_modifica`,`asi_estado`,`asi_fecha_creacion`,`asi_fecha_modificacion`,`asi_estado_logico`) VALUES (95,1,2,'Metodología de la Investigación Cuantitativa aplicada a la Mercadotecnia','metodologia_investigacion_cuantitativa_aplicada_mercadotecnia','Metodología de la Investigación Cuantitativa aplicada a la Mercadotecnia',1,NULL,'1','2019-11-26 09:40:00',NULL,'1');
INSERT INTO db_academico.asignatura (`asi_id`,`scon_id`,`uaca_id`,`asi_nombre`,`asi_alias`,`asi_descripcion`,`asi_usuario_ingreso`,`asi_usuario_modifica`,`asi_estado`,`asi_fecha_creacion`,`asi_fecha_modificacion`,`asi_estado_logico`) VALUES (96,1,2,'Metodología de la investigación aplicada a la Gestión turística','metodologia_investigacion_aplicada_gestion_turistica','Metodología de la investigación aplicada a la Gestión turística',1,NULL,'1','2019-11-26 09:40:00',NULL,'1');
INSERT INTO db_academico.asignatura (`asi_id`,`scon_id`,`uaca_id`,`asi_nombre`,`asi_alias`,`asi_descripcion`,`asi_usuario_ingreso`,`asi_usuario_modifica`,`asi_estado`,`asi_fecha_creacion`,`asi_fecha_modificacion`,`asi_estado_logico`) VALUES (97,1,2,'Metodología de la Investigación aplicada al trabajo de titulación','metodologia_investigacion_aplicada_trabajo_titulacion','Metodología de la Investigación aplicada al trabajo de titulación',1,NULL,'1','2019-11-26 09:40:00',NULL,'1');
INSERT INTO db_academico.asignatura (`asi_id`,`scon_id`,`uaca_id`,`asi_nombre`,`asi_alias`,`asi_descripcion`,`asi_usuario_ingreso`,`asi_usuario_modifica`,`asi_estado`,`asi_fecha_creacion`,`asi_fecha_modificacion`,`asi_estado_logico`) VALUES (98,1,2,'Metodología de la investigación científica para las Ciencias Sociales','metodologia_investigacion_cientifica_ciencias_sociales','Metodología de la investigación científica para las Ciencias Sociales',1,NULL,'1','2019-11-26 09:40:00',NULL,'1');
INSERT INTO db_academico.asignatura (`asi_id`,`scon_id`,`uaca_id`,`asi_nombre`,`asi_alias`,`asi_descripcion`,`asi_usuario_ingreso`,`asi_usuario_modifica`,`asi_estado`,`asi_fecha_creacion`,`asi_fecha_modificacion`,`asi_estado_logico`) VALUES (99,1,2,'Metodología de investigación cualitativa aplicada a la mercadotecnia','metodologia_investigacion_cualitativa_aplicada_mercadotecnia','Metodología de investigación cualitativa aplicada a la mercadotecnia',1,NULL,'1','2019-11-26 09:40:00',NULL,'1');
INSERT INTO db_academico.asignatura (`asi_id`,`scon_id`,`uaca_id`,`asi_nombre`,`asi_alias`,`asi_descripcion`,`asi_usuario_ingreso`,`asi_usuario_modifica`,`asi_estado`,`asi_fecha_creacion`,`asi_fecha_modificacion`,`asi_estado_logico`) VALUES (100,1,2,'Métodos cualitativos y cuantitativos de investigación para las Ciencias Sociales','metodos_cualitativos_cuantitativos_investigacion_ciencias_sociales','Métodos cualitativos y cuantitativos de investigación para las Ciencias Sociales',1,NULL,'1','2019-11-26 09:40:00',NULL,'1');
INSERT INTO db_academico.asignatura (`asi_id`,`scon_id`,`uaca_id`,`asi_nombre`,`asi_alias`,`asi_descripcion`,`asi_usuario_ingreso`,`asi_usuario_modifica`,`asi_estado`,`asi_fecha_creacion`,`asi_fecha_modificacion`,`asi_estado_logico`) VALUES (101,1,2,'Métodos Estadísticos','metodos_estadisticas','Métodos Estadísticos',1,NULL,'1','2019-11-26 09:40:00',NULL,'1');
INSERT INTO db_academico.asignatura (`asi_id`,`scon_id`,`uaca_id`,`asi_nombre`,`asi_alias`,`asi_descripcion`,`asi_usuario_ingreso`,`asi_usuario_modifica`,`asi_estado`,`asi_fecha_creacion`,`asi_fecha_modificacion`,`asi_estado_logico`) VALUES (102,1,2,'Modelos de Gestión del Talento Humano y Competencias Laborales.','modelos_gestion_talento_humano_competencias_laborales','Modelos de Gestión del Talento Humano y Competencias Laborales.',1,NULL,'1','2019-11-26 09:40:00',NULL,'1');
INSERT INTO db_academico.asignatura (`asi_id`,`scon_id`,`uaca_id`,`asi_nombre`,`asi_alias`,`asi_descripcion`,`asi_usuario_ingreso`,`asi_usuario_modifica`,`asi_estado`,`asi_fecha_creacion`,`asi_fecha_modificacion`,`asi_estado_logico`) VALUES (103,1,2,'Movilidad, Internet de las Cosas y Big Data','movilidad_internet_cosas_big_data','Movilidad, Internet de las Cosas y Big Data',1,NULL,'1','2019-11-26 09:40:00',NULL,'1');
INSERT INTO db_academico.asignatura (`asi_id`,`scon_id`,`uaca_id`,`asi_nombre`,`asi_alias`,`asi_descripcion`,`asi_usuario_ingreso`,`asi_usuario_modifica`,`asi_estado`,`asi_fecha_creacion`,`asi_fecha_modificacion`,`asi_estado_logico`) VALUES (104,1,2,'Multiculturalidad en Los Negocios Internacionales','multiculturalidad_negocios_internacionales','Multiculturalidad en Los Negocios Internacionales',1,NULL,'1','2019-11-26 09:40:00',NULL,'1');
INSERT INTO db_academico.asignatura (`asi_id`,`scon_id`,`uaca_id`,`asi_nombre`,`asi_alias`,`asi_descripcion`,`asi_usuario_ingreso`,`asi_usuario_modifica`,`asi_estado`,`asi_fecha_creacion`,`asi_fecha_modificacion`,`asi_estado_logico`) VALUES (105,1,2,'Negociación y Contratación Internacional','negociacion_contratacion_internacional','Negociación y Contratación Internacional',1,NULL,'1','2019-11-26 09:40:00',NULL,'1');
INSERT INTO db_academico.asignatura (`asi_id`,`scon_id`,`uaca_id`,`asi_nombre`,`asi_alias`,`asi_descripcion`,`asi_usuario_ingreso`,`asi_usuario_modifica`,`asi_estado`,`asi_fecha_creacion`,`asi_fecha_modificacion`,`asi_estado_logico`) VALUES (106,1,2,'Normativas legales y jurídicas del turismo','normativas_legales_juridicas_turismo','Normativas legales y jurídicas del turismo',1,NULL,'1','2019-11-26 09:40:00',NULL,'1');
INSERT INTO db_academico.asignatura (`asi_id`,`scon_id`,`uaca_id`,`asi_nombre`,`asi_alias`,`asi_descripcion`,`asi_usuario_ingreso`,`asi_usuario_modifica`,`asi_estado`,`asi_fecha_creacion`,`asi_fecha_modificacion`,`asi_estado_logico`) VALUES (107,1,2,'Ocio y entretenimiento','ocio_entretenimiento','Ocio y entretenimiento',1,NULL,'1','2019-11-26 09:40:00',NULL,'1');
INSERT INTO db_academico.asignatura (`asi_id`,`scon_id`,`uaca_id`,`asi_nombre`,`asi_alias`,`asi_descripcion`,`asi_usuario_ingreso`,`asi_usuario_modifica`,`asi_estado`,`asi_fecha_creacion`,`asi_fecha_modificacion`,`asi_estado_logico`) VALUES (108,1,2,'Planeación Estratégica','planeacion_estrategica','Planeación Estratégica',1,NULL,'1','2019-11-26 09:40:00',NULL,'1');
INSERT INTO db_academico.asignatura (`asi_id`,`scon_id`,`uaca_id`,`asi_nombre`,`asi_alias`,`asi_descripcion`,`asi_usuario_ingreso`,`asi_usuario_modifica`,`asi_estado`,`asi_fecha_creacion`,`asi_fecha_modificacion`,`asi_estado_logico`) VALUES (109,1,2,'Planeamiento Estratégico y Gestión del cambio','planeamiento_estrategico_gestion_cambio','Planeamiento Estratégico y Gestión del cambio',1,NULL,'1','2019-11-26 09:40:00',NULL,'1');
INSERT INTO db_academico.asignatura (`asi_id`,`scon_id`,`uaca_id`,`asi_nombre`,`asi_alias`,`asi_descripcion`,`asi_usuario_ingreso`,`asi_usuario_modifica`,`asi_estado`,`asi_fecha_creacion`,`asi_fecha_modificacion`,`asi_estado_logico`) VALUES (110,1,2,'Planificación y Gestión financiera y tributaria','planificacion_gestion_financiera_tributaria','Planificación y Gestión financiera y tributaria',1,NULL,'1','2019-11-26 09:40:00',NULL,'1');
INSERT INTO db_academico.asignatura (`asi_id`,`scon_id`,`uaca_id`,`asi_nombre`,`asi_alias`,`asi_descripcion`,`asi_usuario_ingreso`,`asi_usuario_modifica`,`asi_estado`,`asi_fecha_creacion`,`asi_fecha_modificacion`,`asi_estado_logico`) VALUES (111,1,2,'Políticas de Productos y Servicios','politicas_productos_servicios','Políticas de Productos y Servicios',1,NULL,'1','2019-11-26 09:40:00',NULL,'1');
INSERT INTO db_academico.asignatura (`asi_id`,`scon_id`,`uaca_id`,`asi_nombre`,`asi_alias`,`asi_descripcion`,`asi_usuario_ingreso`,`asi_usuario_modifica`,`asi_estado`,`asi_fecha_creacion`,`asi_fecha_modificacion`,`asi_estado_logico`) VALUES (112,1,2,'Presupuesto y análisis financiero','presupuesto_analisis_financiero','Presupuesto y análisis financiero',1,NULL,'1','2019-11-26 09:40:00',NULL,'1');
INSERT INTO db_academico.asignatura (`asi_id`,`scon_id`,`uaca_id`,`asi_nombre`,`asi_alias`,`asi_descripcion`,`asi_usuario_ingreso`,`asi_usuario_modifica`,`asi_estado`,`asi_fecha_creacion`,`asi_fecha_modificacion`,`asi_estado_logico`) VALUES (113,1,2,'Proyectos de Sistemas de Información','proyectos_sistemas_informacion','Proyectos de Sistemas de Información',1,NULL,'1','2019-11-26 09:40:00',NULL,'1');
INSERT INTO db_academico.asignatura (`asi_id`,`scon_id`,`uaca_id`,`asi_nombre`,`asi_alias`,`asi_descripcion`,`asi_usuario_ingreso`,`asi_usuario_modifica`,`asi_estado`,`asi_fecha_creacion`,`asi_fecha_modificacion`,`asi_estado_logico`) VALUES (114,1,2,'Reclutamiento y Selección de Personas','reclutamiento_seleccion_personas','Reclutamiento y Selección de Personas',1,NULL,'1','2019-11-26 09:40:00',NULL,'1');
INSERT INTO db_academico.asignatura (`asi_id`,`scon_id`,`uaca_id`,`asi_nombre`,`asi_alias`,`asi_descripcion`,`asi_usuario_ingreso`,`asi_usuario_modifica`,`asi_estado`,`asi_fecha_creacion`,`asi_fecha_modificacion`,`asi_estado_logico`) VALUES (115,1,2,'Responsabilidad Social Corporativa','responsabilidad_social_corporativa','Responsabilidad Social Corporativa',1,NULL,'1','2019-11-26 09:40:00',NULL,'1');
INSERT INTO db_academico.asignatura (`asi_id`,`scon_id`,`uaca_id`,`asi_nombre`,`asi_alias`,`asi_descripcion`,`asi_usuario_ingreso`,`asi_usuario_modifica`,`asi_estado`,`asi_fecha_creacion`,`asi_fecha_modificacion`,`asi_estado_logico`) VALUES (116,1,2,'Resultados Propuesta Conclusiones','resultados_propuesta_conclusiones','Resultados Propuesta Conclusiones',1,NULL,'1','2019-11-26 09:40:00',NULL,'1');
INSERT INTO db_academico.asignatura (`asi_id`,`scon_id`,`uaca_id`,`asi_nombre`,`asi_alias`,`asi_descripcion`,`asi_usuario_ingreso`,`asi_usuario_modifica`,`asi_estado`,`asi_fecha_creacion`,`asi_fecha_modificacion`,`asi_estado_logico`) VALUES (117,1,2,'Retailing y Merchandising','retailing_merchandising','Retailing y Merchandising',1,NULL,'1','2019-11-26 09:40:00',NULL,'1');
INSERT INTO db_academico.asignatura (`asi_id`,`scon_id`,`uaca_id`,`asi_nombre`,`asi_alias`,`asi_descripcion`,`asi_usuario_ingreso`,`asi_usuario_modifica`,`asi_estado`,`asi_fecha_creacion`,`asi_fecha_modificacion`,`asi_estado_logico`) VALUES (118,1,2,'Saberes y cultura','saberes_cultura','Saberes y cultura',1,NULL,'1','2019-11-26 09:40:00',NULL,'1');
INSERT INTO db_academico.asignatura (`asi_id`,`scon_id`,`uaca_id`,`asi_nombre`,`asi_alias`,`asi_descripcion`,`asi_usuario_ingreso`,`asi_usuario_modifica`,`asi_estado`,`asi_fecha_creacion`,`asi_fecha_modificacion`,`asi_estado_logico`) VALUES (119,1,2,'Saberes y Culturas Ancestrales','saberes_informacion','Saberes y Culturas Ancestrales',1,NULL,'1','2019-11-26 09:40:00',NULL,'1');
INSERT INTO db_academico.asignatura (`asi_id`,`scon_id`,`uaca_id`,`asi_nombre`,`asi_alias`,`asi_descripcion`,`asi_usuario_ingreso`,`asi_usuario_modifica`,`asi_estado`,`asi_fecha_creacion`,`asi_fecha_modificacion`,`asi_estado_logico`) VALUES (120,1,2,'Seguridad de la información','seguridad_informacion','Seguridad de la información',1,NULL,'1','2019-11-26 09:40:00',NULL,'1');
INSERT INTO db_academico.asignatura (`asi_id`,`scon_id`,`uaca_id`,`asi_nombre`,`asi_alias`,`asi_descripcion`,`asi_usuario_ingreso`,`asi_usuario_modifica`,`asi_estado`,`asi_fecha_creacion`,`asi_fecha_modificacion`,`asi_estado_logico`) VALUES (121,1,2,'Sistemas de Información Gerencial','sistemas_informacion_gerencial','Sistemas de Información Gerencial',1,NULL,'1','2019-11-26 09:40:00',NULL,'1');
INSERT INTO db_academico.asignatura (`asi_id`,`scon_id`,`uaca_id`,`asi_nombre`,`asi_alias`,`asi_descripcion`,`asi_usuario_ingreso`,`asi_usuario_modifica`,`asi_estado`,`asi_fecha_creacion`,`asi_fecha_modificacion`,`asi_estado_logico`) VALUES (122,1,2,'Sucesión en la Continuidad De la Empresa Familiar','sucesion_continuidad_empresa_familiar','Sucesión en la Continuidad De la Empresa Familiar',1,NULL,'1','2019-11-26 09:40:00',NULL,'1');
INSERT INTO db_academico.asignatura (`asi_id`,`scon_id`,`uaca_id`,`asi_nombre`,`asi_alias`,`asi_descripcion`,`asi_usuario_ingreso`,`asi_usuario_modifica`,`asi_estado`,`asi_fecha_creacion`,`asi_fecha_modificacion`,`asi_estado_logico`) VALUES (123,1,2,'Taller de Tesis I','taller_tesis_I','Taller de Tesis I',1,NULL,'1','2019-11-26 09:40:00',NULL,'1');
INSERT INTO db_academico.asignatura (`asi_id`,`scon_id`,`uaca_id`,`asi_nombre`,`asi_alias`,`asi_descripcion`,`asi_usuario_ingreso`,`asi_usuario_modifica`,`asi_estado`,`asi_fecha_creacion`,`asi_fecha_modificacion`,`asi_estado_logico`) VALUES (124,1,2,'Taller de Tesis II','taller_tesis_II','Taller de Tesis II',1,NULL,'1','2019-11-26 09:40:00',NULL,'1');
INSERT INTO db_academico.asignatura (`asi_id`,`scon_id`,`uaca_id`,`asi_nombre`,`asi_alias`,`asi_descripcion`,`asi_usuario_ingreso`,`asi_usuario_modifica`,`asi_estado`,`asi_fecha_creacion`,`asi_fecha_modificacion`,`asi_estado_logico`) VALUES (125,1,2,'Taller de Tesis III','taller_tesis_III','Taller de Tesis III',1,NULL,'1','2019-11-26 09:40:00',NULL,'1');
INSERT INTO db_academico.asignatura (`asi_id`,`scon_id`,`uaca_id`,`asi_nombre`,`asi_alias`,`asi_descripcion`,`asi_usuario_ingreso`,`asi_usuario_modifica`,`asi_estado`,`asi_fecha_creacion`,`asi_fecha_modificacion`,`asi_estado_logico`) VALUES (126,1,2,'Taller de Titulación I','taller_titulacion_I','Taller de Titulación I',1,NULL,'1','2019-11-26 09:40:00',NULL,'1');
INSERT INTO db_academico.asignatura (`asi_id`,`scon_id`,`uaca_id`,`asi_nombre`,`asi_alias`,`asi_descripcion`,`asi_usuario_ingreso`,`asi_usuario_modifica`,`asi_estado`,`asi_fecha_creacion`,`asi_fecha_modificacion`,`asi_estado_logico`) VALUES (127,1,2,'Taller de Titulación II','taller_titulacion_II','Taller de Titulación II',1,NULL,'1','2019-11-26 09:40:00',NULL,'1');
INSERT INTO db_academico.asignatura (`asi_id`,`scon_id`,`uaca_id`,`asi_nombre`,`asi_alias`,`asi_descripcion`,`asi_usuario_ingreso`,`asi_usuario_modifica`,`asi_estado`,`asi_fecha_creacion`,`asi_fecha_modificacion`,`asi_estado_logico`) VALUES (128,1,2,'Taller de Titulación III','taller_titulacion_III','Taller de Titulación III',1,NULL,'1','2019-11-26 09:40:00',NULL,'1');
INSERT INTO db_academico.asignatura (`asi_id`,`scon_id`,`uaca_id`,`asi_nombre`,`asi_alias`,`asi_descripcion`,`asi_usuario_ingreso`,`asi_usuario_modifica`,`asi_estado`,`asi_fecha_creacion`,`asi_fecha_modificacion`,`asi_estado_logico`) VALUES (129,1,2,'Taller de trabajo de titulación I Redacción de informes de investigación','taller_trabajo_titulacion_I_redaccion_informes_investigacion','Taller de trabajo de titulación I Redacción de informes de investigación',1,NULL,'1','2019-11-26 09:40:00',NULL,'1');
INSERT INTO db_academico.asignatura (`asi_id`,`scon_id`,`uaca_id`,`asi_nombre`,`asi_alias`,`asi_descripcion`,`asi_usuario_ingreso`,`asi_usuario_modifica`,`asi_estado`,`asi_fecha_creacion`,`asi_fecha_modificacion`,`asi_estado_logico`) VALUES (130,1,2,'Taller de trabajo de titulación II Diseño del Plan de Investigación','taller_trabajo_titulacion_II_diseño_plan_investigacion','Taller de trabajo de titulación II Diseño del Plan de Investigación',1,NULL,'1','2019-11-26 09:40:00',NULL,'1');
INSERT INTO db_academico.asignatura (`asi_id`,`scon_id`,`uaca_id`,`asi_nombre`,`asi_alias`,`asi_descripcion`,`asi_usuario_ingreso`,`asi_usuario_modifica`,`asi_estado`,`asi_fecha_creacion`,`asi_fecha_modificacion`,`asi_estado_logico`) VALUES (131,1,2,'Taller de trabajo de titulación III Discusión de resultados','taller_trabajo_titulacion_III_discusion_resultados','Taller de trabajo de titulación III Discusión de resultados',1,NULL,'1','2019-11-26 09:40:00',NULL,'1');
INSERT INTO db_academico.asignatura (`asi_id`,`scon_id`,`uaca_id`,`asi_nombre`,`asi_alias`,`asi_descripcion`,`asi_usuario_ingreso`,`asi_usuario_modifica`,`asi_estado`,`asi_fecha_creacion`,`asi_fecha_modificacion`,`asi_estado_logico`) VALUES (132,1,2,'Tecnologías WEB y software libre','tecnologias_web_software_libre','Tecnologías WEB y software libre',1,NULL,'1','2019-11-26 09:40:00',NULL,'1');
INSERT INTO db_academico.asignatura (`asi_id`,`scon_id`,`uaca_id`,`asi_nombre`,`asi_alias`,`asi_descripcion`,`asi_usuario_ingreso`,`asi_usuario_modifica`,`asi_estado`,`asi_fecha_creacion`,`asi_fecha_modificacion`,`asi_estado_logico`) VALUES (133,1,2,'Teoría Financiera y tributaria','teoria_financiera_tributaria','Teoría Financiera y tributaria',1,NULL,'1','2019-11-26 09:40:00',NULL,'1');
INSERT INTO db_academico.asignatura (`asi_id`,`scon_id`,`uaca_id`,`asi_nombre`,`asi_alias`,`asi_descripcion`,`asi_usuario_ingreso`,`asi_usuario_modifica`,`asi_estado`,`asi_fecha_creacion`,`asi_fecha_modificacion`,`asi_estado_logico`) VALUES (134,1,2,'Teoría Fundamental de la Organización y Gestión de Empresa','teoria_fundamental_organizacion_gestion_empresa','Teoría Fundamental de la Organización y Gestión de Empresa',1,NULL,'1','2019-11-26 09:40:00',NULL,'1');
INSERT INTO db_academico.asignatura (`asi_id`,`scon_id`,`uaca_id`,`asi_nombre`,`asi_alias`,`asi_descripcion`,`asi_usuario_ingreso`,`asi_usuario_modifica`,`asi_estado`,`asi_fecha_creacion`,`asi_fecha_modificacion`,`asi_estado_logico`) VALUES (135,1,2,'Teorías del Comercio Internacional','teorias_comercio_internacional','Teorías del Comercio Internacional',1,NULL,'1','2019-11-26 09:40:00',NULL,'1');
INSERT INTO db_academico.asignatura (`asi_id`,`scon_id`,`uaca_id`,`asi_nombre`,`asi_alias`,`asi_descripcion`,`asi_usuario_ingreso`,`asi_usuario_modifica`,`asi_estado`,`asi_fecha_creacion`,`asi_fecha_modificacion`,`asi_estado_logico`) VALUES (136,1,2,'Turismo y patrimonio cultural','turismo_patrimonio_cultural','Turismo y patrimonio cultural',1,NULL,'1','2019-11-26 09:40:00',NULL,'1');
INSERT INTO db_academico.asignatura (`asi_id`,`scon_id`,`uaca_id`,`asi_nombre`,`asi_alias`,`asi_descripcion`,`asi_usuario_ingreso`,`asi_usuario_modifica`,`asi_estado`,`asi_fecha_creacion`,`asi_fecha_modificacion`,`asi_estado_logico`) VALUES (137,1,1,'Actualidad Económica','actualidad_economica','Actualidad Económica',1,NULL,'1','2019-11-26 09:40:00',NULL,'1');
INSERT INTO db_academico.asignatura (`asi_id`,`scon_id`,`uaca_id`,`asi_nombre`,`asi_alias`,`asi_descripcion`,`asi_usuario_ingreso`,`asi_usuario_modifica`,`asi_estado`,`asi_fecha_creacion`,`asi_fecha_modificacion`,`asi_estado_logico`) VALUES (138,1,1,'Administración de Centros de Computo','administracion_centros_computo','Administración de Centros de Computo',1,NULL,'1','2019-11-26 09:40:00',NULL,'1');
INSERT INTO db_academico.asignatura (`asi_id`,`scon_id`,`uaca_id`,`asi_nombre`,`asi_alias`,`asi_descripcion`,`asi_usuario_ingreso`,`asi_usuario_modifica`,`asi_estado`,`asi_fecha_creacion`,`asi_fecha_modificacion`,`asi_estado_logico`) VALUES (139,1,1,'Administración de Compensaciones','administracion_compensaciones','Administración de Compensaciones',1,NULL,'1','2019-11-26 09:40:00',NULL,'1');
INSERT INTO db_academico.asignatura (`asi_id`,`scon_id`,`uaca_id`,`asi_nombre`,`asi_alias`,`asi_descripcion`,`asi_usuario_ingreso`,`asi_usuario_modifica`,`asi_estado`,`asi_fecha_creacion`,`asi_fecha_modificacion`,`asi_estado_logico`) VALUES (140,1,1,'Administración de Recursos Humanos','administracion_recursos_humanos','Administración de Recursos Humanos',1,NULL,'1','2019-11-26 09:40:00',NULL,'1');
INSERT INTO db_academico.asignatura (`asi_id`,`scon_id`,`uaca_id`,`asi_nombre`,`asi_alias`,`asi_descripcion`,`asi_usuario_ingreso`,`asi_usuario_modifica`,`asi_estado`,`asi_fecha_creacion`,`asi_fecha_modificacion`,`asi_estado_logico`) VALUES (141,1,1,'Administración de Ventas','administracion_ventas','Administración de Ventas',1,NULL,'1','2019-11-26 09:40:00',NULL,'1');
INSERT INTO db_academico.asignatura (`asi_id`,`scon_id`,`uaca_id`,`asi_nombre`,`asi_alias`,`asi_descripcion`,`asi_usuario_ingreso`,`asi_usuario_modifica`,`asi_estado`,`asi_fecha_creacion`,`asi_fecha_modificacion`,`asi_estado_logico`) VALUES (142,1,1,'Algebra Lineal','algebra_lineal','Algebra Lineal',1,NULL,'1','2019-11-26 09:40:00',NULL,'1');
INSERT INTO db_academico.asignatura (`asi_id`,`scon_id`,`uaca_id`,`asi_nombre`,`asi_alias`,`asi_descripcion`,`asi_usuario_ingreso`,`asi_usuario_modifica`,`asi_estado`,`asi_fecha_creacion`,`asi_fecha_modificacion`,`asi_estado_logico`) VALUES (143,1,1,'Análisis de Redes Eléctricas I','analisis_redes_electricas_I','Análisis de Redes Eléctricas I',1,NULL,'1','2019-11-26 09:40:00',NULL,'1');
INSERT INTO db_academico.asignatura (`asi_id`,`scon_id`,`uaca_id`,`asi_nombre`,`asi_alias`,`asi_descripcion`,`asi_usuario_ingreso`,`asi_usuario_modifica`,`asi_estado`,`asi_fecha_creacion`,`asi_fecha_modificacion`,`asi_estado_logico`) VALUES (144,1,1,'Auditoria de Calidad','auditoria_calidad','Auditoria de Calidad',1,NULL,'1','2019-11-26 09:40:00',NULL,'1');
INSERT INTO db_academico.asignatura (`asi_id`,`scon_id`,`uaca_id`,`asi_nombre`,`asi_alias`,`asi_descripcion`,`asi_usuario_ingreso`,`asi_usuario_modifica`,`asi_estado`,`asi_fecha_creacion`,`asi_fecha_modificacion`,`asi_estado_logico`) VALUES (145,1,1,'Auditoria de Sistemas','auditoria_sistemas','Auditoria de Sistemas',1,NULL,'1','2019-11-26 09:40:00',NULL,'1');
INSERT INTO db_academico.asignatura (`asi_id`,`scon_id`,`uaca_id`,`asi_nombre`,`asi_alias`,`asi_descripcion`,`asi_usuario_ingreso`,`asi_usuario_modifica`,`asi_estado`,`asi_fecha_creacion`,`asi_fecha_modificacion`,`asi_estado_logico`) VALUES (146,1,1,'Auditoria Tributaria I','auditoria_tributaria_I','Auditoria Tributaria I',1,NULL,'1','2019-11-26 09:40:00',NULL,'1');
INSERT INTO db_academico.asignatura (`asi_id`,`scon_id`,`uaca_id`,`asi_nombre`,`asi_alias`,`asi_descripcion`,`asi_usuario_ingreso`,`asi_usuario_modifica`,`asi_estado`,`asi_fecha_creacion`,`asi_fecha_modificacion`,`asi_estado_logico`) VALUES (147,1,1,'Benchmarking','benchmarking','Benchmarking',1,NULL,'1','2019-11-26 09:40:00',NULL,'1');
INSERT INTO db_academico.asignatura (`asi_id`,`scon_id`,`uaca_id`,`asi_nombre`,`asi_alias`,`asi_descripcion`,`asi_usuario_ingreso`,`asi_usuario_modifica`,`asi_estado`,`asi_fecha_creacion`,`asi_fecha_modificacion`,`asi_estado_logico`) VALUES (148,1,1,'Calculo Diferencial','calculo_diferencial','Calculo Diferencial',1,NULL,'1','2019-11-26 09:40:00',NULL,'1');
INSERT INTO db_academico.asignatura (`asi_id`,`scon_id`,`uaca_id`,`asi_nombre`,`asi_alias`,`asi_descripcion`,`asi_usuario_ingreso`,`asi_usuario_modifica`,`asi_estado`,`asi_fecha_creacion`,`asi_fecha_modificacion`,`asi_estado_logico`) VALUES (149,1,1,'Calidad Total de Los Negocios Internacionales','calidad_total_negocios_internacionales','Calidad Total de Los Negocios Internacionales',1,NULL,'1','2019-11-26 09:40:00',NULL,'1');
INSERT INTO db_academico.asignatura (`asi_id`,`scon_id`,`uaca_id`,`asi_nombre`,`asi_alias`,`asi_descripcion`,`asi_usuario_ingreso`,`asi_usuario_modifica`,`asi_estado`,`asi_fecha_creacion`,`asi_fecha_modificacion`,`asi_estado_logico`) VALUES (150,1,1,'Capacitación Y desarrollo del Talento Humano','capacitacion_desarrollo_talento_humano','Capacitación Y desarrollo del Talento Humano',1,NULL,'1','2019-11-26 09:40:00',NULL,'1');
INSERT INTO db_academico.asignatura (`asi_id`,`scon_id`,`uaca_id`,`asi_nombre`,`asi_alias`,`asi_descripcion`,`asi_usuario_ingreso`,`asi_usuario_modifica`,`asi_estado`,`asi_fecha_creacion`,`asi_fecha_modificacion`,`asi_estado_logico`) VALUES (151,1,1,'Competitividad','competitividad','Competitividad',1,NULL,'1','2019-11-26 09:40:00',NULL,'1');
INSERT INTO db_academico.asignatura (`asi_id`,`scon_id`,`uaca_id`,`asi_nombre`,`asi_alias`,`asi_descripcion`,`asi_usuario_ingreso`,`asi_usuario_modifica`,`asi_estado`,`asi_fecha_creacion`,`asi_fecha_modificacion`,`asi_estado_logico`) VALUES (152,1,1,'Comportamiento Organizacional','comportamiento_organizacional','Comportamiento Organizacional',1,NULL,'1','2019-11-26 09:40:00',NULL,'1');
INSERT INTO db_academico.asignatura (`asi_id`,`scon_id`,`uaca_id`,`asi_nombre`,`asi_alias`,`asi_descripcion`,`asi_usuario_ingreso`,`asi_usuario_modifica`,`asi_estado`,`asi_fecha_creacion`,`asi_fecha_modificacion`,`asi_estado_logico`) VALUES (153,1,1,'Comportamiento Profesional y Ambiental','comportamiento_profesional_ambiental','Comportamiento Profesional y Ambiental',1,NULL,'1','2019-11-26 09:40:00',NULL,'1');
INSERT INTO db_academico.asignatura (`asi_id`,`scon_id`,`uaca_id`,`asi_nombre`,`asi_alias`,`asi_descripcion`,`asi_usuario_ingreso`,`asi_usuario_modifica`,`asi_estado`,`asi_fecha_creacion`,`asi_fecha_modificacion`,`asi_estado_logico`) VALUES (154,1,1,'Comunicación Oral Y Escrita','comunicacion_oral_escrita','Comunicación Oral Y Escrita',1,NULL,'1','2019-11-26 09:40:00',NULL,'1');
INSERT INTO db_academico.asignatura (`asi_id`,`scon_id`,`uaca_id`,`asi_nombre`,`asi_alias`,`asi_descripcion`,`asi_usuario_ingreso`,`asi_usuario_modifica`,`asi_estado`,`asi_fecha_creacion`,`asi_fecha_modificacion`,`asi_estado_logico`) VALUES (155,1,1,'Comunicación Profesional Y Liderazgo','comunicacion_profesional_liderazgo','Comunicación Profesional Y Liderazgo',1,NULL,'1','2019-11-26 09:40:00',NULL,'1');
INSERT INTO db_academico.asignatura (`asi_id`,`scon_id`,`uaca_id`,`asi_nombre`,`asi_alias`,`asi_descripcion`,`asi_usuario_ingreso`,`asi_usuario_modifica`,`asi_estado`,`asi_fecha_creacion`,`asi_fecha_modificacion`,`asi_estado_logico`) VALUES (156,1,1,'Contabilidad General','contabilidad_general','Contabilidad General',1,NULL,'1','2019-11-26 09:40:00',NULL,'1');
INSERT INTO db_academico.asignatura (`asi_id`,`scon_id`,`uaca_id`,`asi_nombre`,`asi_alias`,`asi_descripcion`,`asi_usuario_ingreso`,`asi_usuario_modifica`,`asi_estado`,`asi_fecha_creacion`,`asi_fecha_modificacion`,`asi_estado_logico`) VALUES (157,1,1,'Contabilidad I','contabilidad_I','Contabilidad I',1,NULL,'1','2019-11-26 09:40:00',NULL,'1');
INSERT INTO db_academico.asignatura (`asi_id`,`scon_id`,`uaca_id`,`asi_nombre`,`asi_alias`,`asi_descripcion`,`asi_usuario_ingreso`,`asi_usuario_modifica`,`asi_estado`,`asi_fecha_creacion`,`asi_fecha_modificacion`,`asi_estado_logico`) VALUES (158,1,1,'Contabilidad II','contabilidad_II','Contabilidad II',1,NULL,'1','2019-11-26 09:40:00',NULL,'1');
INSERT INTO db_academico.asignatura (`asi_id`,`scon_id`,`uaca_id`,`asi_nombre`,`asi_alias`,`asi_descripcion`,`asi_usuario_ingreso`,`asi_usuario_modifica`,`asi_estado`,`asi_fecha_creacion`,`asi_fecha_modificacion`,`asi_estado_logico`) VALUES (159,1,1,'Contabilidad III','contabilidad_III','Contabilidad III',1,NULL,'1','2019-11-26 09:40:00',NULL,'1');
INSERT INTO db_academico.asignatura (`asi_id`,`scon_id`,`uaca_id`,`asi_nombre`,`asi_alias`,`asi_descripcion`,`asi_usuario_ingreso`,`asi_usuario_modifica`,`asi_estado`,`asi_fecha_creacion`,`asi_fecha_modificacion`,`asi_estado_logico`) VALUES (160,1,1,'Contabilidad IV (Gubernamental)','contabilidad_IV_gubernamental','Contabilidad IV (Gubernamental)',1,NULL,'1','2019-11-26 09:40:00',NULL,'1');
INSERT INTO db_academico.asignatura (`asi_id`,`scon_id`,`uaca_id`,`asi_nombre`,`asi_alias`,`asi_descripcion`,`asi_usuario_ingreso`,`asi_usuario_modifica`,`asi_estado`,`asi_fecha_creacion`,`asi_fecha_modificacion`,`asi_estado_logico`) VALUES (161,1,1,'Contabilidad V','contabilidad_V','Contabilidad V',1,NULL,'1','2019-11-26 09:40:00',NULL,'1');
INSERT INTO db_academico.asignatura (`asi_id`,`scon_id`,`uaca_id`,`asi_nombre`,`asi_alias`,`asi_descripcion`,`asi_usuario_ingreso`,`asi_usuario_modifica`,`asi_estado`,`asi_fecha_creacion`,`asi_fecha_modificacion`,`asi_estado_logico`) VALUES (162,1,1,'Contabilidad VI','contabilidad_VI','Contabilidad VI',1,NULL,'1','2019-11-26 09:40:00',NULL,'1');
INSERT INTO db_academico.asignatura (`asi_id`,`scon_id`,`uaca_id`,`asi_nombre`,`asi_alias`,`asi_descripcion`,`asi_usuario_ingreso`,`asi_usuario_modifica`,`asi_estado`,`asi_fecha_creacion`,`asi_fecha_modificacion`,`asi_estado_logico`) VALUES (163,1,1,'Contratación Internacional','contratacion_internacional','Contratación Internacional',1,NULL,'1','2019-11-26 09:40:00',NULL,'1');
INSERT INTO db_academico.asignatura (`asi_id`,`scon_id`,`uaca_id`,`asi_nombre`,`asi_alias`,`asi_descripcion`,`asi_usuario_ingreso`,`asi_usuario_modifica`,`asi_estado`,`asi_fecha_creacion`,`asi_fecha_modificacion`,`asi_estado_logico`) VALUES (164,1,1,'Créditos Y Cobranzas','creditos_cobranzas','Créditos Y Cobranzas',1,NULL,'1','2019-11-26 09:40:00',NULL,'1');
INSERT INTO db_academico.asignatura (`asi_id`,`scon_id`,`uaca_id`,`asi_nombre`,`asi_alias`,`asi_descripcion`,`asi_usuario_ingreso`,`asi_usuario_modifica`,`asi_estado`,`asi_fecha_creacion`,`asi_fecha_modificacion`,`asi_estado_logico`) VALUES (165,1,1,'Derecho I','derecho_I','derecho I',1,NULL,'1','2019-11-26 09:40:00',NULL,'1');
INSERT INTO db_academico.asignatura (`asi_id`,`scon_id`,`uaca_id`,`asi_nombre`,`asi_alias`,`asi_descripcion`,`asi_usuario_ingreso`,`asi_usuario_modifica`,`asi_estado`,`asi_fecha_creacion`,`asi_fecha_modificacion`,`asi_estado_logico`) VALUES (166,1,1,'desarrollo de Aplicaciones En Redes I','desarrollo_aplicaciones_redes_I','desarrollo de Aplicaciones En Redes I',1,NULL,'1','2019-11-26 09:40:00',NULL,'1');
INSERT INTO db_academico.asignatura (`asi_id`,`scon_id`,`uaca_id`,`asi_nombre`,`asi_alias`,`asi_descripcion`,`asi_usuario_ingreso`,`asi_usuario_modifica`,`asi_estado`,`asi_fecha_creacion`,`asi_fecha_modificacion`,`asi_estado_logico`) VALUES (167,1,1,'desarrollo de Aplicaciones En Redes II','desarrollo_aplicaciones_redes_II','desarrollo de Aplicaciones En Redes II',1,NULL,'1','2019-11-26 09:40:00',NULL,'1');
INSERT INTO db_academico.asignatura (`asi_id`,`scon_id`,`uaca_id`,`asi_nombre`,`asi_alias`,`asi_descripcion`,`asi_usuario_ingreso`,`asi_usuario_modifica`,`asi_estado`,`asi_fecha_creacion`,`asi_fecha_modificacion`,`asi_estado_logico`) VALUES (168,1,1,'Dinámica de Grupos','dinamica_grupos','Dinámica de Grupos',1,NULL,'1','2019-11-26 09:40:00',NULL,'1');
INSERT INTO db_academico.asignatura (`asi_id`,`scon_id`,`uaca_id`,`asi_nombre`,`asi_alias`,`asi_descripcion`,`asi_usuario_ingreso`,`asi_usuario_modifica`,`asi_estado`,`asi_fecha_creacion`,`asi_fecha_modificacion`,`asi_estado_logico`) VALUES (169,1,1,'Econometría','econometria','Econometría',1,NULL,'1','2019-11-26 09:40:00',NULL,'1');
INSERT INTO db_academico.asignatura (`asi_id`,`scon_id`,`uaca_id`,`asi_nombre`,`asi_alias`,`asi_descripcion`,`asi_usuario_ingreso`,`asi_usuario_modifica`,`asi_estado`,`asi_fecha_creacion`,`asi_fecha_modificacion`,`asi_estado_logico`) VALUES (170,1,1,'Economía Internacional','economia_internacional','Economía Internacional',1,NULL,'1','2019-11-26 09:40:00',NULL,'1');
INSERT INTO db_academico.asignatura (`asi_id`,`scon_id`,`uaca_id`,`asi_nombre`,`asi_alias`,`asi_descripcion`,`asi_usuario_ingreso`,`asi_usuario_modifica`,`asi_estado`,`asi_fecha_creacion`,`asi_fecha_modificacion`,`asi_estado_logico`) VALUES (171,1,1,'Elaboración de Proyectos de Factibilidad','elaboracion_proyectos_factibilidad','Elaboración de Proyectos de Factibilidad',1,NULL,'1','2019-11-26 09:40:00',NULL,'1');
INSERT INTO db_academico.asignatura (`asi_id`,`scon_id`,`uaca_id`,`asi_nombre`,`asi_alias`,`asi_descripcion`,`asi_usuario_ingreso`,`asi_usuario_modifica`,`asi_estado`,`asi_fecha_creacion`,`asi_fecha_modificacion`,`asi_estado_logico`) VALUES (172,1,1,'Electromagnetismo','electromagnetismo','Electromagnetismo',1,NULL,'1','2019-11-26 09:40:00',NULL,'1');
INSERT INTO db_academico.asignatura (`asi_id`,`scon_id`,`uaca_id`,`asi_nombre`,`asi_alias`,`asi_descripcion`,`asi_usuario_ingreso`,`asi_usuario_modifica`,`asi_estado`,`asi_fecha_creacion`,`asi_fecha_modificacion`,`asi_estado_logico`) VALUES (173,1,1,'Epistemología','epistemologia','Epistemología',1,NULL,'1','2019-11-26 09:40:00',NULL,'1');
INSERT INTO db_academico.asignatura (`asi_id`,`scon_id`,`uaca_id`,`asi_nombre`,`asi_alias`,`asi_descripcion`,`asi_usuario_ingreso`,`asi_usuario_modifica`,`asi_estado`,`asi_fecha_creacion`,`asi_fecha_modificacion`,`asi_estado_logico`) VALUES (174,1,1,'Escuelas Y Enfoques Teóricos de La Psicología I','escuelas_enfoques_teoricos_psicologia_I','Escuelas Y Enfoques Teóricos de La Psicología I',1,NULL,'1','2019-11-26 09:40:00',NULL,'1');
INSERT INTO db_academico.asignatura (`asi_id`,`scon_id`,`uaca_id`,`asi_nombre`,`asi_alias`,`asi_descripcion`,`asi_usuario_ingreso`,`asi_usuario_modifica`,`asi_estado`,`asi_fecha_creacion`,`asi_fecha_modificacion`,`asi_estado_logico`) VALUES (175,1,1,'Escuela Y Enfoques Teóricos de La Psicología II','escuela_enfoques_teoricos_psicologia_II','Escuela Y Enfoques Teóricos de La Psicología II',1,NULL,'1','2019-11-26 09:40:00',NULL,'1');
INSERT INTO db_academico.asignatura (`asi_id`,`scon_id`,`uaca_id`,`asi_nombre`,`asi_alias`,`asi_descripcion`,`asi_usuario_ingreso`,`asi_usuario_modifica`,`asi_estado`,`asi_fecha_creacion`,`asi_fecha_modificacion`,`asi_estado_logico`) VALUES (176,1,1,'Estadística I','estadistica_I','Estadística I',1,NULL,'1','2019-11-26 09:40:00',NULL,'1');
INSERT INTO db_academico.asignatura (`asi_id`,`scon_id`,`uaca_id`,`asi_nombre`,`asi_alias`,`asi_descripcion`,`asi_usuario_ingreso`,`asi_usuario_modifica`,`asi_estado`,`asi_fecha_creacion`,`asi_fecha_modificacion`,`asi_estado_logico`) VALUES (177,1,1,'Estadística I Y Muestreo','estadistica_I_muestreo','Estadística I Y Muestreo',1,NULL,'1','2019-11-26 09:40:00',NULL,'1');
INSERT INTO db_academico.asignatura (`asi_id`,`scon_id`,`uaca_id`,`asi_nombre`,`asi_alias`,`asi_descripcion`,`asi_usuario_ingreso`,`asi_usuario_modifica`,`asi_estado`,`asi_fecha_creacion`,`asi_fecha_modificacion`,`asi_estado_logico`) VALUES (178,1,1,'Estadística II','estadistica_II','Estadística II',1,NULL,'1','2019-11-26 09:40:00',NULL,'1');
INSERT INTO db_academico.asignatura (`asi_id`,`scon_id`,`uaca_id`,`asi_nombre`,`asi_alias`,`asi_descripcion`,`asi_usuario_ingreso`,`asi_usuario_modifica`,`asi_estado`,`asi_fecha_creacion`,`asi_fecha_modificacion`,`asi_estado_logico`) VALUES (179,1,1,'Estadística Aplicada','estadistica_aplicada','Estadística Aplicada',1,NULL,'1','2019-11-26 09:40:00',NULL,'1');
INSERT INTO db_academico.asignatura (`asi_id`,`scon_id`,`uaca_id`,`asi_nombre`,`asi_alias`,`asi_descripcion`,`asi_usuario_ingreso`,`asi_usuario_modifica`,`asi_estado`,`asi_fecha_creacion`,`asi_fecha_modificacion`,`asi_estado_logico`) VALUES (180,1,1,'Estrategia de Oferta de Productos Y Servicios','estrategia_oferta_productos_servicios','Estrategia de Oferta de Productos Y Servicios',1,NULL,'1','2019-11-26 09:40:00',NULL,'1');
INSERT INTO db_academico.asignatura (`asi_id`,`scon_id`,`uaca_id`,`asi_nombre`,`asi_alias`,`asi_descripcion`,`asi_usuario_ingreso`,`asi_usuario_modifica`,`asi_estado`,`asi_fecha_creacion`,`asi_fecha_modificacion`,`asi_estado_logico`) VALUES (181,1,1,'Estructura de Datos','estructura_datos','Estructura de Datos',1,NULL,'1','2019-11-26 09:40:00',NULL,'1');
INSERT INTO db_academico.asignatura (`asi_id`,`scon_id`,`uaca_id`,`asi_nombre`,`asi_alias`,`asi_descripcion`,`asi_usuario_ingreso`,`asi_usuario_modifica`,`asi_estado`,`asi_fecha_creacion`,`asi_fecha_modificacion`,`asi_estado_logico`) VALUES (182,1,1,'Ética Profesional','etica_profesional','Ética Profesional',1,NULL,'1','2019-11-26 09:40:00',NULL,'1');
INSERT INTO db_academico.asignatura (`asi_id`,`scon_id`,`uaca_id`,`asi_nombre`,`asi_alias`,`asi_descripcion`,`asi_usuario_ingreso`,`asi_usuario_modifica`,`asi_estado`,`asi_fecha_creacion`,`asi_fecha_modificacion`,`asi_estado_logico`) VALUES (183,1,1,'Evaluación de Sistemas','evaluacion_sistemas','Evaluación de Sistemas',1,NULL,'1','2019-11-26 09:40:00',NULL,'1');
INSERT INTO db_academico.asignatura (`asi_id`,`scon_id`,`uaca_id`,`asi_nombre`,`asi_alias`,`asi_descripcion`,`asi_usuario_ingreso`,`asi_usuario_modifica`,`asi_estado`,`asi_fecha_creacion`,`asi_fecha_modificacion`,`asi_estado_logico`) VALUES (184,1,1,'Finanzas Corporativas I','finanzas_corporativas_I','Finanzas Corporativas I',1,NULL,'1','2019-11-26 09:40:00',NULL,'1');
INSERT INTO db_academico.asignatura (`asi_id`,`scon_id`,`uaca_id`,`asi_nombre`,`asi_alias`,`asi_descripcion`,`asi_usuario_ingreso`,`asi_usuario_modifica`,`asi_estado`,`asi_fecha_creacion`,`asi_fecha_modificacion`,`asi_estado_logico`) VALUES (185,1,1,'Finanzas I','finanzas_I','Finanzas I',1,NULL,'1','2019-11-26 09:40:00',NULL,'1');
INSERT INTO db_academico.asignatura (`asi_id`,`scon_id`,`uaca_id`,`asi_nombre`,`asi_alias`,`asi_descripcion`,`asi_usuario_ingreso`,`asi_usuario_modifica`,`asi_estado`,`asi_fecha_creacion`,`asi_fecha_modificacion`,`asi_estado_logico`) VALUES (186,1,1,'Finanzas II','finanzas_II','Finanzas II',1,NULL,'1','2019-11-26 09:40:00',NULL,'1');
INSERT INTO db_academico.asignatura (`asi_id`,`scon_id`,`uaca_id`,`asi_nombre`,`asi_alias`,`asi_descripcion`,`asi_usuario_ingreso`,`asi_usuario_modifica`,`asi_estado`,`asi_fecha_creacion`,`asi_fecha_modificacion`,`asi_estado_logico`) VALUES (187,1,1,'Finanzas Internacionales','finanzas_internacionales','Finanzas Internacionales',1,NULL,'1','2019-11-26 09:40:00',NULL,'1');
INSERT INTO db_academico.asignatura (`asi_id`,`scon_id`,`uaca_id`,`asi_nombre`,`asi_alias`,`asi_descripcion`,`asi_usuario_ingreso`,`asi_usuario_modifica`,`asi_estado`,`asi_fecha_creacion`,`asi_fecha_modificacion`,`asi_estado_logico`) VALUES (188,1,1,'Finanzas Publicas','finanzas_publicas','Finanzas Publicas',1,NULL,'1','2019-11-26 09:40:00',NULL,'1');
INSERT INTO db_academico.asignatura (`asi_id`,`scon_id`,`uaca_id`,`asi_nombre`,`asi_alias`,`asi_descripcion`,`asi_usuario_ingreso`,`asi_usuario_modifica`,`asi_estado`,`asi_fecha_creacion`,`asi_fecha_modificacion`,`asi_estado_logico`) VALUES (189,1,1,'Física I','fisica_I','Física I',1,NULL,'1','2019-11-26 09:40:00',NULL,'1');
INSERT INTO db_academico.asignatura (`asi_id`,`scon_id`,`uaca_id`,`asi_nombre`,`asi_alias`,`asi_descripcion`,`asi_usuario_ingreso`,`asi_usuario_modifica`,`asi_estado`,`asi_fecha_creacion`,`asi_fecha_modificacion`,`asi_estado_logico`) VALUES (190,1,1,'Física II','fisica_II','Física II',1,NULL,'1','2019-11-26 09:40:00',NULL,'1');
INSERT INTO db_academico.asignatura (`asi_id`,`scon_id`,`uaca_id`,`asi_nombre`,`asi_alias`,`asi_descripcion`,`asi_usuario_ingreso`,`asi_usuario_modifica`,`asi_estado`,`asi_fecha_creacion`,`asi_fecha_modificacion`,`asi_estado_logico`) VALUES (191,1,1,'Física III','fisica_III','Física III',1,NULL,'1','2019-11-26 09:40:00',NULL,'1');
INSERT INTO db_academico.asignatura (`asi_id`,`scon_id`,`uaca_id`,`asi_nombre`,`asi_alias`,`asi_descripcion`,`asi_usuario_ingreso`,`asi_usuario_modifica`,`asi_estado`,`asi_fecha_creacion`,`asi_fecha_modificacion`,`asi_estado_logico`) VALUES (192,1,1,'Formación de Empresarios','formacion_empresarios','Formación de Empresarios',1,NULL,'1','2019-11-26 09:40:00',NULL,'1');
INSERT INTO db_academico.asignatura (`asi_id`,`scon_id`,`uaca_id`,`asi_nombre`,`asi_alias`,`asi_descripcion`,`asi_usuario_ingreso`,`asi_usuario_modifica`,`asi_estado`,`asi_fecha_creacion`,`asi_fecha_modificacion`,`asi_estado_logico`) VALUES (193,1,3,'Frances II','frances_II','Frances II',1,NULL,'1','2019-11-26 09:40:00',NULL,'1');
INSERT INTO db_academico.asignatura (`asi_id`,`scon_id`,`uaca_id`,`asi_nombre`,`asi_alias`,`asi_descripcion`,`asi_usuario_ingreso`,`asi_usuario_modifica`,`asi_estado`,`asi_fecha_creacion`,`asi_fecha_modificacion`,`asi_estado_logico`) VALUES (194,1,1,'Fundamentos de Administración','fundamentos_administracion','Fundamentos de Administración',1,NULL,'1','2019-11-26 09:40:00',NULL,'1');
INSERT INTO db_academico.asignatura (`asi_id`,`scon_id`,`uaca_id`,`asi_nombre`,`asi_alias`,`asi_descripcion`,`asi_usuario_ingreso`,`asi_usuario_modifica`,`asi_estado`,`asi_fecha_creacion`,`asi_fecha_modificacion`,`asi_estado_logico`) VALUES (195,1,1,'Fundamentos de Comercio Exterior','fundamentos_comercio_exterior','Fundamentos de Comercio Exterior',1,NULL,'1','2019-11-26 09:40:00',NULL,'1');
INSERT INTO db_academico.asignatura (`asi_id`,`scon_id`,`uaca_id`,`asi_nombre`,`asi_alias`,`asi_descripcion`,`asi_usuario_ingreso`,`asi_usuario_modifica`,`asi_estado`,`asi_fecha_creacion`,`asi_fecha_modificacion`,`asi_estado_logico`) VALUES (196,1,1,'Fundamentos de Economía','fundamentos_economia','Fundamentos de Economía',1,NULL,'1','2019-11-26 09:40:00',NULL,'1');
INSERT INTO db_academico.asignatura (`asi_id`,`scon_id`,`uaca_id`,`asi_nombre`,`asi_alias`,`asi_descripcion`,`asi_usuario_ingreso`,`asi_usuario_modifica`,`asi_estado`,`asi_fecha_creacion`,`asi_fecha_modificacion`,`asi_estado_logico`) VALUES (197,1,1,'Fundamentos Históricos Y Epistemológicos de Talento','fundamentos_historicos_epistemologicos_talento_humano','Fundamentos Históricos Y Epistemológicos de Talento',1,NULL,'1','2019-11-26 09:40:00',NULL,'1');
INSERT INTO db_academico.asignatura (`asi_id`,`scon_id`,`uaca_id`,`asi_nombre`,`asi_alias`,`asi_descripcion`,`asi_usuario_ingreso`,`asi_usuario_modifica`,`asi_estado`,`asi_fecha_creacion`,`asi_fecha_modificacion`,`asi_estado_logico`) VALUES (198,1,1,'Fundamentos para Software Especializados','fundamentos_software_especializado','Fundamentos para Software Especializados',1,NULL,'1','2019-11-26 09:40:00',NULL,'1');
INSERT INTO db_academico.asignatura (`asi_id`,`scon_id`,`uaca_id`,`asi_nombre`,`asi_alias`,`asi_descripcion`,`asi_usuario_ingreso`,`asi_usuario_modifica`,`asi_estado`,`asi_fecha_creacion`,`asi_fecha_modificacion`,`asi_estado_logico`) VALUES (199,1,1,'Gerencia de Recursos Humanos','gerencia_recursos_humanos','Gerencia de Recursos Humanos',1,NULL,'1','2019-11-26 09:40:00',NULL,'1');
INSERT INTO db_academico.asignatura (`asi_id`,`scon_id`,`uaca_id`,`asi_nombre`,`asi_alias`,`asi_descripcion`,`asi_usuario_ingreso`,`asi_usuario_modifica`,`asi_estado`,`asi_fecha_creacion`,`asi_fecha_modificacion`,`asi_estado_logico`) VALUES (200,1,1,'Gerencia Operativa','gerencia_operativa','Gerencia Operativa',1,NULL,'1','2019-11-26 09:40:00',NULL,'1');
INSERT INTO db_academico.asignatura (`asi_id`,`scon_id`,`uaca_id`,`asi_nombre`,`asi_alias`,`asi_descripcion`,`asi_usuario_ingreso`,`asi_usuario_modifica`,`asi_estado`,`asi_fecha_creacion`,`asi_fecha_modificacion`,`asi_estado_logico`) VALUES (201,1,1,'Gestión de Calidad Y Estandarización','gestion_calidad_estandarizacion','Gestión de Calidad Y Estandarización',1,NULL,'1','2019-11-26 09:40:00',NULL,'1');
INSERT INTO db_academico.asignatura (`asi_id`,`scon_id`,`uaca_id`,`asi_nombre`,`asi_alias`,`asi_descripcion`,`asi_usuario_ingreso`,`asi_usuario_modifica`,`asi_estado`,`asi_fecha_creacion`,`asi_fecha_modificacion`,`asi_estado_logico`) VALUES (202,1,1,'Herramientas de Diseño Grafico','herramientas_diseño_grafico','Herramientas de Diseño Grafico',1,NULL,'1','2019-11-26 09:40:00',NULL,'1');
INSERT INTO db_academico.asignatura (`asi_id`,`scon_id`,`uaca_id`,`asi_nombre`,`asi_alias`,`asi_descripcion`,`asi_usuario_ingreso`,`asi_usuario_modifica`,`asi_estado`,`asi_fecha_creacion`,`asi_fecha_modificacion`,`asi_estado_logico`) VALUES (203,1,1,'Historia Y Geografía Turística','historia_geografia_turistica','Historia Y Geografía Turística',1,NULL,'1','2019-11-26 09:40:00',NULL,'1');
INSERT INTO db_academico.asignatura (`asi_id`,`scon_id`,`uaca_id`,`asi_nombre`,`asi_alias`,`asi_descripcion`,`asi_usuario_ingreso`,`asi_usuario_modifica`,`asi_estado`,`asi_fecha_creacion`,`asi_fecha_modificacion`,`asi_estado_logico`) VALUES (204,1,1,'Ingeniería del Software II','ingenieria_software_II','Ingeniería del Software II',1,NULL,'1','2019-11-26 09:40:00',NULL,'1');
INSERT INTO db_academico.asignatura (`asi_id`,`scon_id`,`uaca_id`,`asi_nombre`,`asi_alias`,`asi_descripcion`,`asi_usuario_ingreso`,`asi_usuario_modifica`,`asi_estado`,`asi_fecha_creacion`,`asi_fecha_modificacion`,`asi_estado_logico`) VALUES (205,1,1,'Ingeniería Económica','ingenieria_economica','Ingeniería Económica',1,NULL,'1','2019-11-26 09:40:00',NULL,'1');
INSERT INTO db_academico.asignatura (`asi_id`,`scon_id`,`uaca_id`,`asi_nombre`,`asi_alias`,`asi_descripcion`,`asi_usuario_ingreso`,`asi_usuario_modifica`,`asi_estado`,`asi_fecha_creacion`,`asi_fecha_modificacion`,`asi_estado_logico`) VALUES (206,1,1,'Internet Y Herramientas Informáticas Básicas','internet_herramientas_informaticas_basicas','Internet Y Herramientas Informáticas Básicas',1,NULL,'1','2019-11-26 09:40:00',NULL,'1');
INSERT INTO db_academico.asignatura (`asi_id`,`scon_id`,`uaca_id`,`asi_nombre`,`asi_alias`,`asi_descripcion`,`asi_usuario_ingreso`,`asi_usuario_modifica`,`asi_estado`,`asi_fecha_creacion`,`asi_fecha_modificacion`,`asi_estado_logico`) VALUES (207,1,1,'Introd. A La Ingeniería En Telecomunicaciones','introd_ingenieria_telecomunicaciones','Introd. A La Ingeniería En Telecomunicaciones',1,NULL,'1','2019-11-26 09:40:00',NULL,'1');
INSERT INTO db_academico.asignatura (`asi_id`,`scon_id`,`uaca_id`,`asi_nombre`,`asi_alias`,`asi_descripcion`,`asi_usuario_ingreso`,`asi_usuario_modifica`,`asi_estado`,`asi_fecha_creacion`,`asi_fecha_modificacion`,`asi_estado_logico`) VALUES (208,1,1,'Introducción Al Turismo','introduccion_turismo','Introducción Al Turismo',1,NULL,'1','2019-11-26 09:40:00',NULL,'1');
INSERT INTO db_academico.asignatura (`asi_id`,`scon_id`,`uaca_id`,`asi_nombre`,`asi_alias`,`asi_descripcion`,`asi_usuario_ingreso`,`asi_usuario_modifica`,`asi_estado`,`asi_fecha_creacion`,`asi_fecha_modificacion`,`asi_estado_logico`) VALUES (209,1,1,'Investigación de Mercados','investigacion_mercados','Investigación de Mercados',1,NULL,'1','2019-11-26 09:40:00',NULL,'1');
INSERT INTO db_academico.asignatura (`asi_id`,`scon_id`,`uaca_id`,`asi_nombre`,`asi_alias`,`asi_descripcion`,`asi_usuario_ingreso`,`asi_usuario_modifica`,`asi_estado`,`asi_fecha_creacion`,`asi_fecha_modificacion`,`asi_estado_logico`) VALUES (210,1,1,'Legislación Aplicada','legislacion_aplicada','Legislación Aplicada',1,NULL,'1','2019-11-26 09:40:00',NULL,'1');
INSERT INTO db_academico.asignatura (`asi_id`,`scon_id`,`uaca_id`,`asi_nombre`,`asi_alias`,`asi_descripcion`,`asi_usuario_ingreso`,`asi_usuario_modifica`,`asi_estado`,`asi_fecha_creacion`,`asi_fecha_modificacion`,`asi_estado_logico`) VALUES (211,1,1,'Legislación Aplicada A Las Tic','legislacon_aplicada_tic','Legislación Aplicada A Las Tic',1,NULL,'1','2019-11-26 09:40:00',NULL,'1');
INSERT INTO db_academico.asignatura (`asi_id`,`scon_id`,`uaca_id`,`asi_nombre`,`asi_alias`,`asi_descripcion`,`asi_usuario_ingreso`,`asi_usuario_modifica`,`asi_estado`,`asi_fecha_creacion`,`asi_fecha_modificacion`,`asi_estado_logico`) VALUES (212,1,1,'Macroeconomía','macroeconimia','Macroeconomía',1,NULL,'1','2019-11-26 09:40:00',NULL,'1');
INSERT INTO db_academico.asignatura (`asi_id`,`scon_id`,`uaca_id`,`asi_nombre`,`asi_alias`,`asi_descripcion`,`asi_usuario_ingreso`,`asi_usuario_modifica`,`asi_estado`,`asi_fecha_creacion`,`asi_fecha_modificacion`,`asi_estado_logico`) VALUES (213,1,1,'Macroeconomía II','macroeconimia_II','Macroeconomía II',1,NULL,'1','2019-11-26 09:40:00',NULL,'1');
INSERT INTO db_academico.asignatura (`asi_id`,`scon_id`,`uaca_id`,`asi_nombre`,`asi_alias`,`asi_descripcion`,`asi_usuario_ingreso`,`asi_usuario_modifica`,`asi_estado`,`asi_fecha_creacion`,`asi_fecha_modificacion`,`asi_estado_logico`) VALUES (214,1,1,'Marketing I','marketing_I','Marketing I',1,NULL,'1','2019-11-26 09:40:00',NULL,'1');
INSERT INTO db_academico.asignatura (`asi_id`,`scon_id`,`uaca_id`,`asi_nombre`,`asi_alias`,`asi_descripcion`,`asi_usuario_ingreso`,`asi_usuario_modifica`,`asi_estado`,`asi_fecha_creacion`,`asi_fecha_modificacion`,`asi_estado_logico`) VALUES (215,1,1,'Marketing II','marketing_II','Marketing II',1,NULL,'1','2019-11-26 09:40:00',NULL,'1');
INSERT INTO db_academico.asignatura (`asi_id`,`scon_id`,`uaca_id`,`asi_nombre`,`asi_alias`,`asi_descripcion`,`asi_usuario_ingreso`,`asi_usuario_modifica`,`asi_estado`,`asi_fecha_creacion`,`asi_fecha_modificacion`,`asi_estado_logico`) VALUES (216,1,1,'Marketing Industrial y de Servicios','marketing_industrial_servicios','Marketing Industrial y de Servicios',1,NULL,'1','2019-11-26 09:40:00',NULL,'1');
INSERT INTO db_academico.asignatura (`asi_id`,`scon_id`,`uaca_id`,`asi_nombre`,`asi_alias`,`asi_descripcion`,`asi_usuario_ingreso`,`asi_usuario_modifica`,`asi_estado`,`asi_fecha_creacion`,`asi_fecha_modificacion`,`asi_estado_logico`) VALUES (217,1,1,'Matemáticas Aplicadas','matematicas_aplicadas','Matemáticas Aplicadas',1,NULL,'1','2019-11-26 09:40:00',NULL,'1');
INSERT INTO db_academico.asignatura (`asi_id`,`scon_id`,`uaca_id`,`asi_nombre`,`asi_alias`,`asi_descripcion`,`asi_usuario_ingreso`,`asi_usuario_modifica`,`asi_estado`,`asi_fecha_creacion`,`asi_fecha_modificacion`,`asi_estado_logico`) VALUES (218,1,1,'Matemáticas I','matematicas_I','Matemáticas I',1,NULL,'1','2019-11-26 09:40:00',NULL,'1');
INSERT INTO db_academico.asignatura (`asi_id`,`scon_id`,`uaca_id`,`asi_nombre`,`asi_alias`,`asi_descripcion`,`asi_usuario_ingreso`,`asi_usuario_modifica`,`asi_estado`,`asi_fecha_creacion`,`asi_fecha_modificacion`,`asi_estado_logico`) VALUES (219,1,1,'Matemáticas II','matematicas_II','Matemáticas II',1,NULL,'1','2019-11-26 09:40:00',NULL,'1');
INSERT INTO db_academico.asignatura (`asi_id`,`scon_id`,`uaca_id`,`asi_nombre`,`asi_alias`,`asi_descripcion`,`asi_usuario_ingreso`,`asi_usuario_modifica`,`asi_estado`,`asi_fecha_creacion`,`asi_fecha_modificacion`,`asi_estado_logico`) VALUES (220,1,1,'Medición Y Evaluación del Recurso Humano','medicion_evaluacion_recurso_humano','Medición Y Evaluación del Recurso Humano',1,NULL,'1','2019-11-26 09:40:00',NULL,'1');
INSERT INTO db_academico.asignatura (`asi_id`,`scon_id`,`uaca_id`,`asi_nombre`,`asi_alias`,`asi_descripcion`,`asi_usuario_ingreso`,`asi_usuario_modifica`,`asi_estado`,`asi_fecha_creacion`,`asi_fecha_modificacion`,`asi_estado_logico`) VALUES (221,1,1,'Metodología de La Investigación','metodologia_investigacion','Metodología de La Investigación',1,NULL,'1','2019-11-26 09:40:00',NULL,'1');
INSERT INTO db_academico.asignatura (`asi_id`,`scon_id`,`uaca_id`,`asi_nombre`,`asi_alias`,`asi_descripcion`,`asi_usuario_ingreso`,`asi_usuario_modifica`,`asi_estado`,`asi_fecha_creacion`,`asi_fecha_modificacion`,`asi_estado_logico`) VALUES (222,1,1,'Métodos de Dirección Y Management','metodos_direccion_management','Métodos de Dirección Y Management',1,NULL,'1','2019-11-26 09:40:00',NULL,'1');
INSERT INTO db_academico.asignatura (`asi_id`,`scon_id`,`uaca_id`,`asi_nombre`,`asi_alias`,`asi_descripcion`,`asi_usuario_ingreso`,`asi_usuario_modifica`,`asi_estado`,`asi_fecha_creacion`,`asi_fecha_modificacion`,`asi_estado_logico`) VALUES (223,1,1,'Métodos de Investigación Y Aprendizaje','metodos_investigacion_aprendizaje','Métodos de Investigación Y Aprendizaje',1,NULL,'1','2019-11-26 09:40:00',NULL,'1');
INSERT INTO db_academico.asignatura (`asi_id`,`scon_id`,`uaca_id`,`asi_nombre`,`asi_alias`,`asi_descripcion`,`asi_usuario_ingreso`,`asi_usuario_modifica`,`asi_estado`,`asi_fecha_creacion`,`asi_fecha_modificacion`,`asi_estado_logico`) VALUES (224,1,1,'Microeconomía','microeconomia','Microeconomía',1,NULL,'1','2019-11-26 09:40:00',NULL,'1');
INSERT INTO db_academico.asignatura (`asi_id`,`scon_id`,`uaca_id`,`asi_nombre`,`asi_alias`,`asi_descripcion`,`asi_usuario_ingreso`,`asi_usuario_modifica`,`asi_estado`,`asi_fecha_creacion`,`asi_fecha_modificacion`,`asi_estado_logico`) VALUES (225,1,1,'Microeconomía II','microeconomia_II','Microeconomía II',1,NULL,'1','2019-11-26 09:40:00',NULL,'1');
INSERT INTO db_academico.asignatura (`asi_id`,`scon_id`,`uaca_id`,`asi_nombre`,`asi_alias`,`asi_descripcion`,`asi_usuario_ingreso`,`asi_usuario_modifica`,`asi_estado`,`asi_fecha_creacion`,`asi_fecha_modificacion`,`asi_estado_logico`) VALUES (226,1,1,'Monedas e Instituciones Financieras','monedas_instituciones_financieras','Monedas e Instituciones Financieras',1,NULL,'1','2019-11-26 09:40:00',NULL,'1');
INSERT INTO db_academico.asignatura (`asi_id`,`scon_id`,`uaca_id`,`asi_nombre`,`asi_alias`,`asi_descripcion`,`asi_usuario_ingreso`,`asi_usuario_modifica`,`asi_estado`,`asi_fecha_creacion`,`asi_fecha_modificacion`,`asi_estado_logico`) VALUES (227,1,1,'Neuroanatomía','neuroanatomia','Neuroanatomía',1,NULL,'1','2019-11-26 09:40:00',NULL,'1');
INSERT INTO db_academico.asignatura (`asi_id`,`scon_id`,`uaca_id`,`asi_nombre`,`asi_alias`,`asi_descripcion`,`asi_usuario_ingreso`,`asi_usuario_modifica`,`asi_estado`,`asi_fecha_creacion`,`asi_fecha_modificacion`,`asi_estado_logico`) VALUES (228,1,1,'Neurolingüística','neurolingüistica','Neurolingüística',1,NULL,'1','2019-11-26 09:40:00',NULL,'1');
INSERT INTO db_academico.asignatura (`asi_id`,`scon_id`,`uaca_id`,`asi_nombre`,`asi_alias`,`asi_descripcion`,`asi_usuario_ingreso`,`asi_usuario_modifica`,`asi_estado`,`asi_fecha_creacion`,`asi_fecha_modificacion`,`asi_estado_logico`) VALUES (229,1,1,'Operaciones de Medios de Transporte','operaciones_medios_transporte','Operaciones de Medios de Transporte',1,NULL,'1','2019-11-26 09:40:00',NULL,'1');
INSERT INTO db_academico.asignatura (`asi_id`,`scon_id`,`uaca_id`,`asi_nombre`,`asi_alias`,`asi_descripcion`,`asi_usuario_ingreso`,`asi_usuario_modifica`,`asi_estado`,`asi_fecha_creacion`,`asi_fecha_modificacion`,`asi_estado_logico`) VALUES (230,1,1,'Optativa I: Circuitos Turísticos','optativa_I_circuitos_turisticos','Optativa I: Circuitos Turísticos',1,NULL,'1','2019-11-26 09:40:00',NULL,'1');
INSERT INTO db_academico.asignatura (`asi_id`,`scon_id`,`uaca_id`,`asi_nombre`,`asi_alias`,`asi_descripcion`,`asi_usuario_ingreso`,`asi_usuario_modifica`,`asi_estado`,`asi_fecha_creacion`,`asi_fecha_modificacion`,`asi_estado_logico`) VALUES (231,1,1,'Optativa II: Circuitos Turísticos','optativa_II_circuitos_turisticos','Optativa II: Circuitos Turísticos',1,NULL,'1','2019-11-26 09:40:00',NULL,'1');
INSERT INTO db_academico.asignatura (`asi_id`,`scon_id`,`uaca_id`,`asi_nombre`,`asi_alias`,`asi_descripcion`,`asi_usuario_ingreso`,`asi_usuario_modifica`,`asi_estado`,`asi_fecha_creacion`,`asi_fecha_modificacion`,`asi_estado_logico`) VALUES (232,1,1,'Organización Contable','organizacion_contable','Organización Contable',1,NULL,'1','2019-11-26 09:40:00',NULL,'1');
INSERT INTO db_academico.asignatura (`asi_id`,`scon_id`,`uaca_id`,`asi_nombre`,`asi_alias`,`asi_descripcion`,`asi_usuario_ingreso`,`asi_usuario_modifica`,`asi_estado`,`asi_fecha_creacion`,`asi_fecha_modificacion`,`asi_estado_logico`) VALUES (233,1,1,'Organización Empresarial','organizacion_empresarial','Organización Empresarial',1,NULL,'1','2019-11-26 09:40:00',NULL,'1');
INSERT INTO db_academico.asignatura (`asi_id`,`scon_id`,`uaca_id`,`asi_nombre`,`asi_alias`,`asi_descripcion`,`asi_usuario_ingreso`,`asi_usuario_modifica`,`asi_estado`,`asi_fecha_creacion`,`asi_fecha_modificacion`,`asi_estado_logico`) VALUES (234,1,1,'Patrimonio Turístico Universal','patrimonio_turistico_universal','Patrimonio Turístico Universal',1,NULL,'1','2019-11-26 09:40:00',NULL,'1');
INSERT INTO db_academico.asignatura (`asi_id`,`scon_id`,`uaca_id`,`asi_nombre`,`asi_alias`,`asi_descripcion`,`asi_usuario_ingreso`,`asi_usuario_modifica`,`asi_estado`,`asi_fecha_creacion`,`asi_fecha_modificacion`,`asi_estado_logico`) VALUES (235,1,1,'Pedagogía','pedagogia','Pedagogía',1,NULL,'1','2019-11-26 09:40:00',NULL,'1');
INSERT INTO db_academico.asignatura (`asi_id`,`scon_id`,`uaca_id`,`asi_nombre`,`asi_alias`,`asi_descripcion`,`asi_usuario_ingreso`,`asi_usuario_modifica`,`asi_estado`,`asi_fecha_creacion`,`asi_fecha_modificacion`,`asi_estado_logico`) VALUES (236,1,1,'Planeación Turística Sostenible','planeacion_turistica_sostenible','Planeación Turística Sostenible',1,NULL,'1','2019-11-26 09:40:00',NULL,'1');
INSERT INTO db_academico.asignatura (`asi_id`,`scon_id`,`uaca_id`,`asi_nombre`,`asi_alias`,`asi_descripcion`,`asi_usuario_ingreso`,`asi_usuario_modifica`,`asi_estado`,`asi_fecha_creacion`,`asi_fecha_modificacion`,`asi_estado_logico`) VALUES (237,1,1,'Política Económica','politica_economica','Política Económica',1,NULL,'1','2019-11-26 09:40:00',NULL,'1');
INSERT INTO db_academico.asignatura (`asi_id`,`scon_id`,`uaca_id`,`asi_nombre`,`asi_alias`,`asi_descripcion`,`asi_usuario_ingreso`,`asi_usuario_modifica`,`asi_estado`,`asi_fecha_creacion`,`asi_fecha_modificacion`,`asi_estado_logico`) VALUES (238,1,1,'Presupuesto I','presupuesto_I','Presupuesto I',1,NULL,'1','2019-11-26 09:40:00',NULL,'1');
INSERT INTO db_academico.asignatura (`asi_id`,`scon_id`,`uaca_id`,`asi_nombre`,`asi_alias`,`asi_descripcion`,`asi_usuario_ingreso`,`asi_usuario_modifica`,`asi_estado`,`asi_fecha_creacion`,`asi_fecha_modificacion`,`asi_estado_logico`) VALUES (239,1,1,'Presupuesto II','presupuesto_II','Presupuesto II',1,NULL,'1','2019-11-26 09:40:00',NULL,'1');
INSERT INTO db_academico.asignatura (`asi_id`,`scon_id`,`uaca_id`,`asi_nombre`,`asi_alias`,`asi_descripcion`,`asi_usuario_ingreso`,`asi_usuario_modifica`,`asi_estado`,`asi_fecha_creacion`,`asi_fecha_modificacion`,`asi_estado_logico`) VALUES (240,1,1,'Procesos Psicológicos','procesos_psicologicos','Procesos Psicológicos',1,NULL,'1','2019-11-26 09:40:00',NULL,'1');
INSERT INTO db_academico.asignatura (`asi_id`,`scon_id`,`uaca_id`,`asi_nombre`,`asi_alias`,`asi_descripcion`,`asi_usuario_ingreso`,`asi_usuario_modifica`,`asi_estado`,`asi_fecha_creacion`,`asi_fecha_modificacion`,`asi_estado_logico`) VALUES (241,1,1,'Programación de Bridges/Routers/Switches','programacion_bridges_routers_switches','Programación de Bridges/Routers/Switches',1,NULL,'1','2019-11-26 09:40:00',NULL,'1');
INSERT INTO db_academico.asignatura (`asi_id`,`scon_id`,`uaca_id`,`asi_nombre`,`asi_alias`,`asi_descripcion`,`asi_usuario_ingreso`,`asi_usuario_modifica`,`asi_estado`,`asi_fecha_creacion`,`asi_fecha_modificacion`,`asi_estado_logico`) VALUES (242,1,1,'Programación Estructurada','programacion_estructurada','Programación Estructurada',1,NULL,'1','2019-11-26 09:40:00',NULL,'1');
INSERT INTO db_academico.asignatura (`asi_id`,`scon_id`,`uaca_id`,`asi_nombre`,`asi_alias`,`asi_descripcion`,`asi_usuario_ingreso`,`asi_usuario_modifica`,`asi_estado`,`asi_fecha_creacion`,`asi_fecha_modificacion`,`asi_estado_logico`) VALUES (243,1,1,'Programación Orientada A Objetos','programacion_orientada_objetos','Programación Orientada A Objetos',1,NULL,'1','2019-11-26 09:40:00',NULL,'1');
INSERT INTO db_academico.asignatura (`asi_id`,`scon_id`,`uaca_id`,`asi_nombre`,`asi_alias`,`asi_descripcion`,`asi_usuario_ingreso`,`asi_usuario_modifica`,`asi_estado`,`asi_fecha_creacion`,`asi_fecha_modificacion`,`asi_estado_logico`) VALUES (244,1,1,'Programación Para Internet I','programacion_internet_I','Programación Para Internet I',1,NULL,'1','2019-11-26 09:40:00',NULL,'1');
INSERT INTO db_academico.asignatura (`asi_id`,`scon_id`,`uaca_id`,`asi_nombre`,`asi_alias`,`asi_descripcion`,`asi_usuario_ingreso`,`asi_usuario_modifica`,`asi_estado`,`asi_fecha_creacion`,`asi_fecha_modificacion`,`asi_estado_logico`) VALUES (245,1,1,'Programación Para Internet II','programacion_internet_II','Programación Para Internet II',1,NULL,'1','2019-11-26 09:40:00',NULL,'1');
INSERT INTO db_academico.asignatura (`asi_id`,`scon_id`,`uaca_id`,`asi_nombre`,`asi_alias`,`asi_descripcion`,`asi_usuario_ingreso`,`asi_usuario_modifica`,`asi_estado`,`asi_fecha_creacion`,`asi_fecha_modificacion`,`asi_estado_logico`) VALUES (246,1,1,'Promoción Y Comunicación','promocion_comunicacion','Promoción Y Comunicación',1,NULL,'1','2019-11-26 09:40:00',NULL,'1');
INSERT INTO db_academico.asignatura (`asi_id`,`scon_id`,`uaca_id`,`asi_nombre`,`asi_alias`,`asi_descripcion`,`asi_usuario_ingreso`,`asi_usuario_modifica`,`asi_estado`,`asi_fecha_creacion`,`asi_fecha_modificacion`,`asi_estado_logico`) VALUES (247,1,1,'Propagación Y Análisis de Señales','propagacion_analisis_señales','Propagación Y Análisis de Señales',1,NULL,'1','2019-11-26 09:40:00',NULL,'1');
INSERT INTO db_academico.asignatura (`asi_id`,`scon_id`,`uaca_id`,`asi_nombre`,`asi_alias`,`asi_descripcion`,`asi_usuario_ingreso`,`asi_usuario_modifica`,`asi_estado`,`asi_fecha_creacion`,`asi_fecha_modificacion`,`asi_estado_logico`) VALUES (248,1,1,'Proyecto Empresarial I','proyecto_empresarial_I','Proyecto Empresarial I',1,NULL,'1','2019-11-26 09:40:00',NULL,'1');
INSERT INTO db_academico.asignatura (`asi_id`,`scon_id`,`uaca_id`,`asi_nombre`,`asi_alias`,`asi_descripcion`,`asi_usuario_ingreso`,`asi_usuario_modifica`,`asi_estado`,`asi_fecha_creacion`,`asi_fecha_modificacion`,`asi_estado_logico`) VALUES (249,1,1,'Proyecto Empresarial II','proyecto_empresarial_II','Proyecto Empresarial II',1,NULL,'1','2019-11-26 09:40:00',NULL,'1');
INSERT INTO db_academico.asignatura (`asi_id`,`scon_id`,`uaca_id`,`asi_nombre`,`asi_alias`,`asi_descripcion`,`asi_usuario_ingreso`,`asi_usuario_modifica`,`asi_estado`,`asi_fecha_creacion`,`asi_fecha_modificacion`,`asi_estado_logico`) VALUES (250,1,1,'Proyecto Empresarial III','proyecto_empresarial_III','Proyecto Empresarial III',1,NULL,'1','2019-11-26 09:40:00',NULL,'1');
INSERT INTO db_academico.asignatura (`asi_id`,`scon_id`,`uaca_id`,`asi_nombre`,`asi_alias`,`asi_descripcion`,`asi_usuario_ingreso`,`asi_usuario_modifica`,`asi_estado`,`asi_fecha_creacion`,`asi_fecha_modificacion`,`asi_estado_logico`) VALUES (251,1,1,'Psicofisiología','psicofisiologia','Psicofisiología',1,NULL,'1','2019-11-26 09:40:00',NULL,'1');
INSERT INTO db_academico.asignatura (`asi_id`,`scon_id`,`uaca_id`,`asi_nombre`,`asi_alias`,`asi_descripcion`,`asi_usuario_ingreso`,`asi_usuario_modifica`,`asi_estado`,`asi_fecha_creacion`,`asi_fecha_modificacion`,`asi_estado_logico`) VALUES (252,1,1,'Psicología Diferencial','psicologia_diferencial','Psicología Diferencial',1,NULL,'1','2019-11-26 09:40:00',NULL,'1');
INSERT INTO db_academico.asignatura (`asi_id`,`scon_id`,`uaca_id`,`asi_nombre`,`asi_alias`,`asi_descripcion`,`asi_usuario_ingreso`,`asi_usuario_modifica`,`asi_estado`,`asi_fecha_creacion`,`asi_fecha_modificacion`,`asi_estado_logico`) VALUES (253,1,1,'Psicología Educativa','psicologia_educativa','Psicología Educativa',1,NULL,'1','2019-11-26 09:40:00',NULL,'1');
INSERT INTO db_academico.asignatura (`asi_id`,`scon_id`,`uaca_id`,`asi_nombre`,`asi_alias`,`asi_descripcion`,`asi_usuario_ingreso`,`asi_usuario_modifica`,`asi_estado`,`asi_fecha_creacion`,`asi_fecha_modificacion`,`asi_estado_logico`) VALUES (254,1,1,'Psicología General','psicologia_general','Psicología General',1,NULL,'1','2019-11-26 09:40:00',NULL,'1');
INSERT INTO db_academico.asignatura (`asi_id`,`scon_id`,`uaca_id`,`asi_nombre`,`asi_alias`,`asi_descripcion`,`asi_usuario_ingreso`,`asi_usuario_modifica`,`asi_estado`,`asi_fecha_creacion`,`asi_fecha_modificacion`,`asi_estado_logico`) VALUES (255,1,1,'Psicología Organizacional I','psicologia_organizacional_I','Psicología Organizacional I',1,NULL,'1','2019-11-26 09:40:00',NULL,'1');
INSERT INTO db_academico.asignatura (`asi_id`,`scon_id`,`uaca_id`,`asi_nombre`,`asi_alias`,`asi_descripcion`,`asi_usuario_ingreso`,`asi_usuario_modifica`,`asi_estado`,`asi_fecha_creacion`,`asi_fecha_modificacion`,`asi_estado_logico`) VALUES (256,1,1,'Psicología Organizacional II','psicologia_organizacional_II','Psicología Organizacional II',1,NULL,'1','2019-11-26 09:40:00',NULL,'1');
INSERT INTO db_academico.asignatura (`asi_id`,`scon_id`,`uaca_id`,`asi_nombre`,`asi_alias`,`asi_descripcion`,`asi_usuario_ingreso`,`asi_usuario_modifica`,`asi_estado`,`asi_fecha_creacion`,`asi_fecha_modificacion`,`asi_estado_logico`) VALUES (257,1,1,'Psicología Social','psicologia_social','Psicología Social',1,NULL,'1','2019-11-26 09:40:00',NULL,'1');
INSERT INTO db_academico.asignatura (`asi_id`,`scon_id`,`uaca_id`,`asi_nombre`,`asi_alias`,`asi_descripcion`,`asi_usuario_ingreso`,`asi_usuario_modifica`,`asi_estado`,`asi_fecha_creacion`,`asi_fecha_modificacion`,`asi_estado_logico`) VALUES (258,1,1,'Public Choice','public_choice','Public Choice',1,NULL,'1','2019-11-26 09:40:00',NULL,'1');
INSERT INTO db_academico.asignatura (`asi_id`,`scon_id`,`uaca_id`,`asi_nombre`,`asi_alias`,`asi_descripcion`,`asi_usuario_ingreso`,`asi_usuario_modifica`,`asi_estado`,`asi_fecha_creacion`,`asi_fecha_modificacion`,`asi_estado_logico`) VALUES (259,1,1,'Publicidad Y Comunicación','publicidad_comunicacion','Publicidad Y Comunicación',1,NULL,'1','2019-11-26 09:40:00',NULL,'1');
INSERT INTO db_academico.asignatura (`asi_id`,`scon_id`,`uaca_id`,`asi_nombre`,`asi_alias`,`asi_descripcion`,`asi_usuario_ingreso`,`asi_usuario_modifica`,`asi_estado`,`asi_fecha_creacion`,`asi_fecha_modificacion`,`asi_estado_logico`) VALUES (260,1,1,'Reclutamiento Y Selección','reclutamiento_seleccion_talento_humano','Reclutamiento Y Selección',1,NULL,'1','2019-11-26 09:40:00',NULL,'1');
INSERT INTO db_academico.asignatura (`asi_id`,`scon_id`,`uaca_id`,`asi_nombre`,`asi_alias`,`asi_descripcion`,`asi_usuario_ingreso`,`asi_usuario_modifica`,`asi_estado`,`asi_fecha_creacion`,`asi_fecha_modificacion`,`asi_estado_logico`) VALUES (261,1,1,'Redes de Acceso I','redes_acceso_I','Redes de Acceso I',1,NULL,'1','2019-11-26 09:40:00',NULL,'1');
INSERT INTO db_academico.asignatura (`asi_id`,`scon_id`,`uaca_id`,`asi_nombre`,`asi_alias`,`asi_descripcion`,`asi_usuario_ingreso`,`asi_usuario_modifica`,`asi_estado`,`asi_fecha_creacion`,`asi_fecha_modificacion`,`asi_estado_logico`) VALUES (262,1,1,'Redes I','redes_I','Redes I',1,NULL,'1','2019-11-26 09:40:00',NULL,'1');
INSERT INTO db_academico.asignatura (`asi_id`,`scon_id`,`uaca_id`,`asi_nombre`,`asi_alias`,`asi_descripcion`,`asi_usuario_ingreso`,`asi_usuario_modifica`,`asi_estado`,`asi_fecha_creacion`,`asi_fecha_modificacion`,`asi_estado_logico`) VALUES (263,1,1,'Redes Inalámbricas','redes_inalambricas','Redes Inalámbricas',1,NULL,'1','2019-11-26 09:40:00',NULL,'1');
INSERT INTO db_academico.asignatura (`asi_id`,`scon_id`,`uaca_id`,`asi_nombre`,`asi_alias`,`asi_descripcion`,`asi_usuario_ingreso`,`asi_usuario_modifica`,`asi_estado`,`asi_fecha_creacion`,`asi_fecha_modificacion`,`asi_estado_logico`) VALUES (264,1,1,'Reingeniería en Ventas','reingenieria_ventas','Reingeniería en Ventas',1,NULL,'1','2019-11-26 09:40:00',NULL,'1');
INSERT INTO db_academico.asignatura (`asi_id`,`scon_id`,`uaca_id`,`asi_nombre`,`asi_alias`,`asi_descripcion`,`asi_usuario_ingreso`,`asi_usuario_modifica`,`asi_estado`,`asi_fecha_creacion`,`asi_fecha_modificacion`,`asi_estado_logico`) VALUES (265,1,1,'Retailing','retailing','Retailing',1,NULL,'1','2019-11-26 09:40:00',NULL,'1');
INSERT INTO db_academico.asignatura (`asi_id`,`scon_id`,`uaca_id`,`asi_nombre`,`asi_alias`,`asi_descripcion`,`asi_usuario_ingreso`,`asi_usuario_modifica`,`asi_estado`,`asi_fecha_creacion`,`asi_fecha_modificacion`,`asi_estado_logico`) VALUES (266,1,1,'Seguridad en Redes de Informática','seguridad_redes_informatica','Seguridad en Redes de Informática',1,NULL,'1','2019-11-26 09:40:00',NULL,'1');
INSERT INTO db_academico.asignatura (`asi_id`,`scon_id`,`uaca_id`,`asi_nombre`,`asi_alias`,`asi_descripcion`,`asi_usuario_ingreso`,`asi_usuario_modifica`,`asi_estado`,`asi_fecha_creacion`,`asi_fecha_modificacion`,`asi_estado_logico`) VALUES (267,1,1,'Seguridad Informática','seguridad_informatica','Seguridad Informática',1,NULL,'1','2019-11-26 09:40:00',NULL,'1');
INSERT INTO db_academico.asignatura (`asi_id`,`scon_id`,`uaca_id`,`asi_nombre`,`asi_alias`,`asi_descripcion`,`asi_usuario_ingreso`,`asi_usuario_modifica`,`asi_estado`,`asi_fecha_creacion`,`asi_fecha_modificacion`,`asi_estado_logico`) VALUES (268,1,1,'Sistemas Lineales','sistemas_lineales','Sistemas Lineales',1,NULL,'1','2019-11-26 09:40:00',NULL,'1');
INSERT INTO db_academico.asignatura (`asi_id`,`scon_id`,`uaca_id`,`asi_nombre`,`asi_alias`,`asi_descripcion`,`asi_usuario_ingreso`,`asi_usuario_modifica`,`asi_estado`,`asi_fecha_creacion`,`asi_fecha_modificacion`,`asi_estado_logico`) VALUES (269,1,1,'Sistemas Operativos','sistemas_operativos','Sistemas Operativos',1,NULL,'1','2019-11-26 09:40:00',NULL,'1');
INSERT INTO db_academico.asignatura (`asi_id`,`scon_id`,`uaca_id`,`asi_nombre`,`asi_alias`,`asi_descripcion`,`asi_usuario_ingreso`,`asi_usuario_modifica`,`asi_estado`,`asi_fecha_creacion`,`asi_fecha_modificacion`,`asi_estado_logico`) VALUES (270,1,1,'Taller I','taller_I','Taller I',1,NULL,'1','2019-11-26 09:40:00',NULL,'1');
INSERT INTO db_academico.asignatura (`asi_id`,`scon_id`,`uaca_id`,`asi_nombre`,`asi_alias`,`asi_descripcion`,`asi_usuario_ingreso`,`asi_usuario_modifica`,`asi_estado`,`asi_fecha_creacion`,`asi_fecha_modificacion`,`asi_estado_logico`) VALUES (271,1,1,'Taller II','taller_II','Taller ll',1,NULL,'1','2019-11-26 09:40:00',NULL,'1');
INSERT INTO db_academico.asignatura (`asi_id`,`scon_id`,`uaca_id`,`asi_nombre`,`asi_alias`,`asi_descripcion`,`asi_usuario_ingreso`,`asi_usuario_modifica`,`asi_estado`,`asi_fecha_creacion`,`asi_fecha_modificacion`,`asi_estado_logico`) VALUES (272,1,1,'Taller III','taller_III','Taller III',1,NULL,'1','2019-11-26 09:40:00',NULL,'1');
INSERT INTO db_academico.asignatura (`asi_id`,`scon_id`,`uaca_id`,`asi_nombre`,`asi_alias`,`asi_descripcion`,`asi_usuario_ingreso`,`asi_usuario_modifica`,`asi_estado`,`asi_fecha_creacion`,`asi_fecha_modificacion`,`asi_estado_logico`) VALUES (273,1,1,'Técnicas de Comunicación Oral Y Escrita','tecnicas_comunicacion_oral_escrita','Técnicas de Comunicación Oral Y Escrita',1,NULL,'1','2019-11-26 09:40:00',NULL,'1');
INSERT INTO db_academico.asignatura (`asi_id`,`scon_id`,`uaca_id`,`asi_nombre`,`asi_alias`,`asi_descripcion`,`asi_usuario_ingreso`,`asi_usuario_modifica`,`asi_estado`,`asi_fecha_creacion`,`asi_fecha_modificacion`,`asi_estado_logico`) VALUES (274,1,1,'Técnicas de Negociación','tecnicas_negociacion','Técnicas de Negociación',1,NULL,'1','2019-11-26 09:40:00',NULL,'1');
INSERT INTO db_academico.asignatura (`asi_id`,`scon_id`,`uaca_id`,`asi_nombre`,`asi_alias`,`asi_descripcion`,`asi_usuario_ingreso`,`asi_usuario_modifica`,`asi_estado`,`asi_fecha_creacion`,`asi_fecha_modificacion`,`asi_estado_logico`) VALUES (275,1,1,'Técnicas de Ventas','tecnicas_ventas','Técnicas de Ventas',1,NULL,'1','2019-11-26 09:40:00',NULL,'1');
INSERT INTO db_academico.asignatura (`asi_id`,`scon_id`,`uaca_id`,`asi_nombre`,`asi_alias`,`asi_descripcion`,`asi_usuario_ingreso`,`asi_usuario_modifica`,`asi_estado`,`asi_fecha_creacion`,`asi_fecha_modificacion`,`asi_estado_logico`) VALUES (276,1,1,'Teoría del desarrollo Económico','teoría_desarrollo_económico','Teoría del desarrollo Económico',1,NULL,'1','2019-11-26 09:40:00',NULL,'1');
INSERT INTO db_academico.asignatura (`asi_id`,`scon_id`,`uaca_id`,`asi_nombre`,`asi_alias`,`asi_descripcion`,`asi_usuario_ingreso`,`asi_usuario_modifica`,`asi_estado`,`asi_fecha_creacion`,`asi_fecha_modificacion`,`asi_estado_logico`) VALUES (277,1,1,'Tqm Standars And Normative','tqm_standars_normative','Tqm Standars And Normative',1,NULL,'1','2019-11-26 09:40:00',NULL,'1');
INSERT INTO db_academico.asignatura (`asi_id`,`scon_id`,`uaca_id`,`asi_nombre`,`asi_alias`,`asi_descripcion`,`asi_usuario_ingreso`,`asi_usuario_modifica`,`asi_estado`,`asi_fecha_creacion`,`asi_fecha_modificacion`,`asi_estado_logico`) VALUES (278,1,1,'Trámites Aduaneros','trámites_aduaneros','Trámites Aduaneros',1,NULL,'1','2019-11-26 09:40:00',NULL,'1');
INSERT INTO db_academico.asignatura (`asi_id`,`scon_id`,`uaca_id`,`asi_nombre`,`asi_alias`,`asi_descripcion`,`asi_usuario_ingreso`,`asi_usuario_modifica`,`asi_estado`,`asi_fecha_creacion`,`asi_fecha_modificacion`,`asi_estado_logico`) VALUES (279,1,1,'Tributación I','tributación_I','Tributación I',1,NULL,'1','2019-11-26 09:40:00',NULL,'1');
INSERT INTO db_academico.asignatura (`asi_id`,`scon_id`,`uaca_id`,`asi_nombre`,`asi_alias`,`asi_descripcion`,`asi_usuario_ingreso`,`asi_usuario_modifica`,`asi_estado`,`asi_fecha_creacion`,`asi_fecha_modificacion`,`asi_estado_logico`) VALUES (280,1,1,'Turismo Sostenible','turismo_sostenible','Turismo Sostenible',1,NULL,'1','2019-11-26 09:40:00',NULL,'1');
INSERT INTO db_academico.asignatura (`asi_id`,`scon_id`,`uaca_id`,`asi_nombre`,`asi_alias`,`asi_descripcion`,`asi_usuario_ingreso`,`asi_usuario_modifica`,`asi_estado`,`asi_fecha_creacion`,`asi_fecha_modificacion`,`asi_estado_logico`) VALUES (281,1,1,'Valoración de Empresas','valoración_empresas','Valoración de Empresas',1,NULL,'1','2019-11-26 09:40:00',NULL,'1');
INSERT INTO db_academico.asignatura (`asi_id`,`scon_id`,`uaca_id`,`asi_nombre`,`asi_alias`,`asi_descripcion`,`asi_usuario_ingreso`,`asi_usuario_modifica`,`asi_estado`,`asi_fecha_creacion`,`asi_fecha_modificacion`,`asi_estado_logico`) VALUES (282,1,2,'Sociología del Turismo y el Ocio','sociologíal_turismo_ocio','Sociología del Turismo y el Ocio',1,NULL,'1','2019-11-26 09:40:00',NULL,'1');
INSERT INTO db_academico.asignatura (`asi_id`,`scon_id`,`uaca_id`,`asi_nombre`,`asi_alias`,`asi_descripcion`,`asi_usuario_ingreso`,`asi_usuario_modifica`,`asi_estado`,`asi_fecha_creacion`,`asi_fecha_modificacion`,`asi_estado_logico`) VALUES (283,1,2,'Tendencias teóricas y Metodológicas en la Administración de Empresas Turísticas','tendencias_teóricas_metodológicas_administración_empresas_turísticas','Tendencias teóricas y Metodológicas en la Administración de Empresas Turísticas',1,NULL,'1','2019-11-26 09:40:00',NULL,'1');
INSERT INTO db_academico.asignatura (`asi_id`,`scon_id`,`uaca_id`,`asi_nombre`,`asi_alias`,`asi_descripcion`,`asi_usuario_ingreso`,`asi_usuario_modifica`,`asi_estado`,`asi_fecha_creacion`,`asi_fecha_modificacion`,`asi_estado_logico`) VALUES (284,1,1,'Epistemología de la Contabilidad','epistemología_contabilidad','Epistemología de la Contabilidad',1,NULL,'1','2019-11-26 09:40:00',NULL,'1');
INSERT INTO db_academico.asignatura (`asi_id`,`scon_id`,`uaca_id`,`asi_nombre`,`asi_alias`,`asi_descripcion`,`asi_usuario_ingreso`,`asi_usuario_modifica`,`asi_estado`,`asi_fecha_creacion`,`asi_fecha_modificacion`,`asi_estado_logico`) VALUES (285,1,1,'Epistemología del Turismo','epistemología_turismo','Epistemología del Turismo',1,NULL,'1','2019-11-26 09:40:00',NULL,'1');
INSERT INTO db_academico.asignatura (`asi_id`,`scon_id`,`uaca_id`,`asi_nombre`,`asi_alias`,`asi_descripcion`,`asi_usuario_ingreso`,`asi_usuario_modifica`,`asi_estado`,`asi_fecha_creacion`,`asi_fecha_modificacion`,`asi_estado_logico`) VALUES (286,1,2,'Gestión Ambiental del Turismo','gestión_ambiental_turismo','Gestión Ambiental del Turismo',1,NULL,'1','2019-11-26 09:40:00',NULL,'1');
INSERT INTO db_academico.asignatura (`asi_id`,`scon_id`,`uaca_id`,`asi_nombre`,`asi_alias`,`asi_descripcion`,`asi_usuario_ingreso`,`asi_usuario_modifica`,`asi_estado`,`asi_fecha_creacion`,`asi_fecha_modificacion`,`asi_estado_logico`) VALUES (287,1,2,'Epistemología de la Administración Del Turismo','epistemología_administración_turismo','Epistemología de la Administración Del Turismo',1,NULL,'1','2019-11-26 09:40:00',NULL,'1');
INSERT INTO db_academico.asignatura (`asi_id`,`scon_id`,`uaca_id`,`asi_nombre`,`asi_alias`,`asi_descripcion`,`asi_usuario_ingreso`,`asi_usuario_modifica`,`asi_estado`,`asi_fecha_creacion`,`asi_fecha_modificacion`,`asi_estado_logico`) VALUES (288,1,1,'desarrollo de Aplicaciones En Redes ','desarrollo_aplicaciones_redes ','desarrollo de Aplicaciones En Redes ',1,NULL,'1','2019-11-26 09:40:00',NULL,'1');
INSERT INTO db_academico.asignatura (`asi_id`,`scon_id`,`uaca_id`,`asi_nombre`,`asi_alias`,`asi_descripcion`,`asi_usuario_ingreso`,`asi_usuario_modifica`,`asi_estado`,`asi_fecha_creacion`,`asi_fecha_modificacion`,`asi_estado_logico`) VALUES (289,1,2,'Metodología de la Investigación Cualitativa aplicada a la Mercadotecnia','metodología_investigación_cualitativa_aplicada_mercadotecnia','Metodología de la Investigación Cualitativa aplicada a la Mercadotecnia',1,NULL,'1','2019-11-26 09:40:00',NULL,'1');
INSERT INTO db_academico.asignatura (`asi_id`,`scon_id`,`uaca_id`,`asi_nombre`,`asi_alias`,`asi_descripcion`,`asi_usuario_ingreso`,`asi_usuario_modifica`,`asi_estado`,`asi_fecha_creacion`,`asi_fecha_modificacion`,`asi_estado_logico`) VALUES (290,1,1,'Planeación y Dirección Estratégica','planeación_dirección_estratégica','Planeación y Dirección Estratégica',1,NULL,'1','2020-01-06 15:17:32',NULL,'1');
INSERT INTO db_academico.asignatura (`asi_id`,`scon_id`,`uaca_id`,`asi_nombre`,`asi_alias`,`asi_descripcion`,`asi_usuario_ingreso`,`asi_usuario_modifica`,`asi_estado`,`asi_fecha_creacion`,`asi_fecha_modificacion`,`asi_estado_logico`) VALUES (291,1,1,'Matemáticas Discretas','matemáticas_discretas','Matemáticas Discretas',1,NULL,'1','2020-01-06 15:17:32',NULL,'1');
INSERT INTO db_academico.asignatura (`asi_id`,`scon_id`,`uaca_id`,`asi_nombre`,`asi_alias`,`asi_descripcion`,`asi_usuario_ingreso`,`asi_usuario_modifica`,`asi_estado`,`asi_fecha_creacion`,`asi_fecha_modificacion`,`asi_estado_logico`) VALUES (292,1,1,'Arquitectura y Mantenimiento de Computadoras','arquitectura_mantenimiento_computadoras','Arquitectura y Mantenimiento de Computadoras',1,NULL,'1','2020-01-06 15:17:32',NULL,'1');
INSERT INTO db_academico.asignatura (`asi_id`,`scon_id`,`uaca_id`,`asi_nombre`,`asi_alias`,`asi_descripcion`,`asi_usuario_ingreso`,`asi_usuario_modifica`,`asi_estado`,`asi_fecha_creacion`,`asi_fecha_modificacion`,`asi_estado_logico`) VALUES (293,1,1,'Derecho Constitucional','derecho_constitucional','Derecho Constitucional',1,NULL,'1','2020-01-06 15:17:32',NULL,'1');
INSERT INTO db_academico.asignatura (`asi_id`,`scon_id`,`uaca_id`,`asi_nombre`,`asi_alias`,`asi_descripcion`,`asi_usuario_ingreso`,`asi_usuario_modifica`,`asi_estado`,`asi_fecha_creacion`,`asi_fecha_modificacion`,`asi_estado_logico`) VALUES (294,1,1,'Marco Regulatorio de las TICS','marco_regulatorio_TICS','Marco Regulatorio de las TICS',1,NULL,'1','2020-01-06 15:17:32',NULL,'1');
INSERT INTO db_academico.asignatura (`asi_id`,`scon_id`,`uaca_id`,`asi_nombre`,`asi_alias`,`asi_descripcion`,`asi_usuario_ingreso`,`asi_usuario_modifica`,`asi_estado`,`asi_fecha_creacion`,`asi_fecha_modificacion`,`asi_estado_logico`) VALUES (295,1,1,'Prácticas Preprofesionales I','prácticas_preprofesionales_I','Prácticas Preprofesionales I',1,NULL,'1','2020-01-06 15:17:32',NULL,'1');
INSERT INTO db_academico.asignatura (`asi_id`,`scon_id`,`uaca_id`,`asi_nombre`,`asi_alias`,`asi_descripcion`,`asi_usuario_ingreso`,`asi_usuario_modifica`,`asi_estado`,`asi_fecha_creacion`,`asi_fecha_modificacion`,`asi_estado_logico`) VALUES (296,1,1,'Interculturalidad, Culturas Ancestrales','interculturalidad_culturas_ancestrales','Interculturalidad, Culturas Ancestrales',1,NULL,'1','2020-01-06 15:17:32',NULL,'1');
INSERT INTO db_academico.asignatura (`asi_id`,`scon_id`,`uaca_id`,`asi_nombre`,`asi_alias`,`asi_descripcion`,`asi_usuario_ingreso`,`asi_usuario_modifica`,`asi_estado`,`asi_fecha_creacion`,`asi_fecha_modificacion`,`asi_estado_logico`) VALUES (297,1,1,'Legislación Aduanera','legislación_aduanera','Legislación Aduanera',1,NULL,'1','2020-01-06 15:17:32',NULL,'1');
INSERT INTO db_academico.asignatura (`asi_id`,`scon_id`,`uaca_id`,`asi_nombre`,`asi_alias`,`asi_descripcion`,`asi_usuario_ingreso`,`asi_usuario_modifica`,`asi_estado`,`asi_fecha_creacion`,`asi_fecha_modificacion`,`asi_estado_logico`) VALUES (298,1,1,'Chartering','chartering','Chartering',1,NULL,'1','2020-01-06 15:17:32',NULL,'1');
INSERT INTO db_academico.asignatura (`asi_id`,`scon_id`,`uaca_id`,`asi_nombre`,`asi_alias`,`asi_descripcion`,`asi_usuario_ingreso`,`asi_usuario_modifica`,`asi_estado`,`asi_fecha_creacion`,`asi_fecha_modificacion`,`asi_estado_logico`) VALUES (299,1,1,'Empresas Multinacionales','empresas_multinacionales','Empresas Multinacionales',1,NULL,'1','2020-01-06 15:17:32',NULL,'1');
INSERT INTO db_academico.asignatura (`asi_id`,`scon_id`,`uaca_id`,`asi_nombre`,`asi_alias`,`asi_descripcion`,`asi_usuario_ingreso`,`asi_usuario_modifica`,`asi_estado`,`asi_fecha_creacion`,`asi_fecha_modificacion`,`asi_estado_logico`) VALUES (300,1,1,'Software aplicado a Finanzas y Contabilidad','software_aplicado_finanzas_contabilidad','Software aplicado a Finanzas y Contabilidad',1,NULL,'1','2020-01-06 15:17:32',NULL,'1');
INSERT INTO db_academico.asignatura (`asi_id`,`scon_id`,`uaca_id`,`asi_nombre`,`asi_alias`,`asi_descripcion`,`asi_usuario_ingreso`,`asi_usuario_modifica`,`asi_estado`,`asi_fecha_creacion`,`asi_fecha_modificacion`,`asi_estado_logico`) VALUES (301,1,1,'Administración de Servicios de A&B','administración_servicios_A&B','Administración de Servicios de A&B',1,NULL,'1','2020-01-06 15:17:32',NULL,'1');
INSERT INTO db_academico.asignatura (`asi_id`,`scon_id`,`uaca_id`,`asi_nombre`,`asi_alias`,`asi_descripcion`,`asi_usuario_ingreso`,`asi_usuario_modifica`,`asi_estado`,`asi_fecha_creacion`,`asi_fecha_modificacion`,`asi_estado_logico`) VALUES (302,1,1,'Laboratorio de Sistemas Operativos','laboratorio_sistemas_operativos','Laboratorio de Sistemas Operativos',1,NULL,'1','2020-01-06 15:17:32',NULL,'1');
INSERT INTO db_academico.asignatura (`asi_id`,`scon_id`,`uaca_id`,`asi_nombre`,`asi_alias`,`asi_descripcion`,`asi_usuario_ingreso`,`asi_usuario_modifica`,`asi_estado`,`asi_fecha_creacion`,`asi_fecha_modificacion`,`asi_estado_logico`) VALUES (303,1,1,'Contabilidad Gerencial','contabilidad_gerencial','Contabilidad Gerencial',1,NULL,'1','2020-01-06 15:17:32',NULL,'1');
INSERT INTO db_academico.asignatura (`asi_id`,`scon_id`,`uaca_id`,`asi_nombre`,`asi_alias`,`asi_descripcion`,`asi_usuario_ingreso`,`asi_usuario_modifica`,`asi_estado`,`asi_fecha_creacion`,`asi_fecha_modificacion`,`asi_estado_logico`) VALUES (304,1,1,'Marketing Turístico','marketing_turístico','Marketing Turístico',1,NULL,'1','2020-01-06 15:17:32',NULL,'1');
INSERT INTO db_academico.asignatura (`asi_id`,`scon_id`,`uaca_id`,`asi_nombre`,`asi_alias`,`asi_descripcion`,`asi_usuario_ingreso`,`asi_usuario_modifica`,`asi_estado`,`asi_fecha_creacion`,`asi_fecha_modificacion`,`asi_estado_logico`) VALUES (305,1,1,'Escuelas y Enfoques Teóricos de la Psicología Apli','escuela_enfoques_teóricos_psicología_aplicada_TH','Escuelas y Enfoques Teóricos de la Psicología Apli',1,NULL,'1','2020-01-10 17:45:47',NULL,'1');
INSERT INTO db_academico.asignatura (`asi_id`,`scon_id`,`uaca_id`,`asi_nombre`,`asi_alias`,`asi_descripcion`,`asi_usuario_ingreso`,`asi_usuario_modifica`,`asi_estado`,`asi_fecha_creacion`,`asi_fecha_modificacion`,`asi_estado_logico`) VALUES (306,1,1,'Matemáticas Financiera','matemáticas_financiera','Matemáticas Financiera',1,NULL,'1','2020-01-10 17:45:47',NULL,'1');
INSERT INTO db_academico.asignatura (`asi_id`,`scon_id`,`uaca_id`,`asi_nombre`,`asi_alias`,`asi_descripcion`,`asi_usuario_ingreso`,`asi_usuario_modifica`,`asi_estado`,`asi_fecha_creacion`,`asi_fecha_modificacion`,`asi_estado_logico`) VALUES (307,1,1,'Cultura Organizacional','cultura_organizacional','Cultura Organizacional',1,NULL,'1','2020-01-10 15:47:33',NULL,'1');
INSERT INTO db_academico.asignatura (`asi_id`,`scon_id`,`uaca_id`,`asi_nombre`,`asi_alias`,`asi_descripcion`,`asi_usuario_ingreso`,`asi_usuario_modifica`,`asi_estado`,`asi_fecha_creacion`,`asi_fecha_modificacion`,`asi_estado_logico`) VALUES (308,1,1,'Tributación II','tributación_II','Tributación II',1,NULL,'1','2020-01-10 19:02:43',NULL,'1');
INSERT INTO db_academico.asignatura (`asi_id`,`scon_id`,`uaca_id`,`asi_nombre`,`asi_alias`,`asi_descripcion`,`asi_usuario_ingreso`,`asi_usuario_modifica`,`asi_estado`,`asi_fecha_creacion`,`asi_fecha_modificacion`,`asi_estado_logico`) VALUES (309,1,1,'Finanzas Corporativas','finanzas_corporativas','Finanzas Corporativas',1,NULL,'1','2020-01-10 19:02:43',NULL,'1');
INSERT INTO db_academico.asignatura (`asi_id`,`scon_id`,`uaca_id`,`asi_nombre`,`asi_alias`,`asi_descripcion`,`asi_usuario_ingreso`,`asi_usuario_modifica`,`asi_estado`,`asi_fecha_creacion`,`asi_fecha_modificacion`,`asi_estado_logico`) VALUES (310,1,1,'Higiene y Seguridad Laboral','higiene_seguridad_laboral','Higiene y Seguridad Laboral',1,NULL,'1','2020-01-10 19:02:43',NULL,'1');
INSERT INTO db_academico.asignatura (`asi_id`,`scon_id`,`uaca_id`,`asi_nombre`,`asi_alias`,`asi_descripcion`,`asi_usuario_ingreso`,`asi_usuario_modifica`,`asi_estado`,`asi_fecha_creacion`,`asi_fecha_modificacion`,`asi_estado_logico`) VALUES (311,1,1,'Bloques Económicos','bloques_económicos','Bloques Económicos',1,NULL,'1','2020-01-10 19:02:43',NULL,'1');
INSERT INTO db_academico.asignatura (`asi_id`,`scon_id`,`uaca_id`,`asi_nombre`,`asi_alias`,`asi_descripcion`,`asi_usuario_ingreso`,`asi_usuario_modifica`,`asi_estado`,`asi_fecha_creacion`,`asi_fecha_modificacion`,`asi_estado_logico`) VALUES (312,1,1,'Fusiones y Adquisiciones','fusiones_adquisiciones','Fusiones y Adquisiciones',1,NULL,'1','2020-01-10 19:02:43',NULL,'1');
INSERT INTO db_academico.asignatura (`asi_id`,`scon_id`,`uaca_id`,`asi_nombre`,`asi_alias`,`asi_descripcion`,`asi_usuario_ingreso`,`asi_usuario_modifica`,`asi_estado`,`asi_fecha_creacion`,`asi_fecha_modificacion`,`asi_estado_logico`) VALUES (313,1,1,'Evaluación Psicológica II','evaluación_psicológica_II','Evaluación Psicológica II',1,NULL,'1','2020-01-10 19:02:43',NULL,'1');
INSERT INTO db_academico.asignatura (`asi_id`,`scon_id`,`uaca_id`,`asi_nombre`,`asi_alias`,`asi_descripcion`,`asi_usuario_ingreso`,`asi_usuario_modifica`,`asi_estado`,`asi_fecha_creacion`,`asi_fecha_modificacion`,`asi_estado_logico`) VALUES (314,1,1,'Logística y Canales de Distribución','logística_canales_distribución','Logística y Canales de Distribución',1,NULL,'1','2020-01-10 19:02:43',NULL,'1');
INSERT INTO db_academico.asignatura (`asi_id`,`scon_id`,`uaca_id`,`asi_nombre`,`asi_alias`,`asi_descripcion`,`asi_usuario_ingreso`,`asi_usuario_modifica`,`asi_estado`,`asi_fecha_creacion`,`asi_fecha_modificacion`,`asi_estado_logico`) VALUES (315,1,1,'Normas de Valoración','normas_valoración','Normas de Valoración',1,NULL,'1','2020-01-10 19:02:43',NULL,'1');
INSERT INTO db_academico.asignatura (`asi_id`,`scon_id`,`uaca_id`,`asi_nombre`,`asi_alias`,`asi_descripcion`,`asi_usuario_ingreso`,`asi_usuario_modifica`,`asi_estado`,`asi_fecha_creacion`,`asi_fecha_modificacion`,`asi_estado_logico`) VALUES (316,1,1,'Contabilidad Avanzada II','contabilidad_avanzada_II','Contabilidad Avanzada II',1,NULL,'1','2020-01-10 19:02:43',NULL,'1');
INSERT INTO db_academico.asignatura (`asi_id`,`scon_id`,`uaca_id`,`asi_nombre`,`asi_alias`,`asi_descripcion`,`asi_usuario_ingreso`,`asi_usuario_modifica`,`asi_estado`,`asi_fecha_creacion`,`asi_fecha_modificacion`,`asi_estado_logico`) VALUES (317,1,1,'Programación Visual','programación_visual','Programación Visual',1,NULL,'1','2020-01-10 19:02:43',NULL,'1');
INSERT INTO db_academico.asignatura (`asi_id`,`scon_id`,`uaca_id`,`asi_nombre`,`asi_alias`,`asi_descripcion`,`asi_usuario_ingreso`,`asi_usuario_modifica`,`asi_estado`,`asi_fecha_creacion`,`asi_fecha_modificacion`,`asi_estado_logico`) VALUES (318,1,1,'Promoción y RR.PP y Comunicación','promoción_RR.PP_comunicación','Promoción y RR.PP y Comunicación',1,NULL,'1','2020-01-10 19:02:44',NULL,'1');
INSERT INTO db_academico.asignatura (`asi_id`,`scon_id`,`uaca_id`,`asi_nombre`,`asi_alias`,`asi_descripcion`,`asi_usuario_ingreso`,`asi_usuario_modifica`,`asi_estado`,`asi_fecha_creacion`,`asi_fecha_modificacion`,`asi_estado_logico`) VALUES (319,1,1,'Legislación y Derecho Aduanero','legislación_derecho_aduanero','Legislación y Derecho Aduanero',1,NULL,'1','2020-01-11 08:46:38',NULL,'1');
INSERT INTO db_academico.asignatura (`asi_id`,`scon_id`,`uaca_id`,`asi_nombre`,`asi_alias`,`asi_descripcion`,`asi_usuario_ingreso`,`asi_usuario_modifica`,`asi_estado`,`asi_fecha_creacion`,`asi_fecha_modificacion`,`asi_estado_logico`) VALUES (320,1,1,'Auditoria Tributaria II','auditoria_tributaria_II','Auditoria Tributaria II',1,NULL,'1','2020-01-18 10:45:51',NULL,'1');
INSERT INTO db_academico.asignatura (`asi_id`,`scon_id`,`uaca_id`,`asi_nombre`,`asi_alias`,`asi_descripcion`,`asi_usuario_ingreso`,`asi_usuario_modifica`,`asi_estado`,`asi_fecha_creacion`,`asi_fecha_modificacion`,`asi_estado_logico`) VALUES (321,1,1,'Derecho Laboral','derecho_laboral','Derecho Laboral',1,NULL,'1','2020-01-20 14:50:37',NULL,'1');
INSERT INTO db_academico.asignatura (`asi_id`,`scon_id`,`uaca_id`,`asi_nombre`,`asi_alias`,`asi_descripcion`,`asi_usuario_ingreso`,`asi_usuario_modifica`,`asi_estado`,`asi_fecha_creacion`,`asi_fecha_modificacion`,`asi_estado_logico`) VALUES (322,1,3,'Pre Intermediate II','pre intermediate_II','Pre Intermediate II',1,NULL,'1','2020-01-20 15:49:45',NULL,'1');
INSERT INTO db_academico.asignatura (`asi_id`,`scon_id`,`uaca_id`,`asi_nombre`,`asi_alias`,`asi_descripcion`,`asi_usuario_ingreso`,`asi_usuario_modifica`,`asi_estado`,`asi_fecha_creacion`,`asi_fecha_modificacion`,`asi_estado_logico`) VALUES (323,1,3,'Francés IV','francés_IV','Francés IV',1,NULL,'1','2020-01-20 15:49:45',NULL,'1');
INSERT INTO db_academico.asignatura (`asi_id`,`scon_id`,`uaca_id`,`asi_nombre`,`asi_alias`,`asi_descripcion`,`asi_usuario_ingreso`,`asi_usuario_modifica`,`asi_estado`,`asi_fecha_creacion`,`asi_fecha_modificacion`,`asi_estado_logico`) VALUES (324,1,3,'Intermedio II','intermediate_II','Intermedio II',1,NULL,'1','2020-01-20 15:49:45',NULL,'1');
INSERT INTO db_academico.asignatura (`asi_id`,`scon_id`,`uaca_id`,`asi_nombre`,`asi_alias`,`asi_descripcion`,`asi_usuario_ingreso`,`asi_usuario_modifica`,`asi_estado`,`asi_fecha_creacion`,`asi_fecha_modificacion`,`asi_estado_logico`) VALUES (325,1,3,'Intermediate I','intermediate_I','Intermediate I',1,NULL,'1','2020-01-20 15:49:46',NULL,'1');
INSERT INTO db_academico.asignatura (`asi_id`,`scon_id`,`uaca_id`,`asi_nombre`,`asi_alias`,`asi_descripcion`,`asi_usuario_ingreso`,`asi_usuario_modifica`,`asi_estado`,`asi_fecha_creacion`,`asi_fecha_modificacion`,`asi_estado_logico`) VALUES (326,1,3,'Pre Intermediate I','pre_intermediate_I','Pre Intermediate I',1,NULL,'1','2020-01-20 15:49:47',NULL,'1');
INSERT INTO db_academico.asignatura (`asi_id`,`scon_id`,`uaca_id`,`asi_nombre`,`asi_alias`,`asi_descripcion`,`asi_usuario_ingreso`,`asi_usuario_modifica`,`asi_estado`,`asi_fecha_creacion`,`asi_fecha_modificacion`,`asi_estado_logico`) VALUES (327,1,3,'Upper Intermediate I','upper_intermediate_I','Upper Intermediate I',1,NULL,'1','2020-01-20 15:49:47',NULL,'1');
INSERT INTO db_academico.asignatura (`asi_id`,`scon_id`,`uaca_id`,`asi_nombre`,`asi_alias`,`asi_descripcion`,`asi_usuario_ingreso`,`asi_usuario_modifica`,`asi_estado`,`asi_fecha_creacion`,`asi_fecha_modificacion`,`asi_estado_logico`) VALUES (328,1,3,'Elementary II','elementary_II','Elementary',1,NULL,'1','2020-01-20 15:49:48',NULL,'1');
INSERT INTO db_academico.asignatura (`asi_id`,`scon_id`,`uaca_id`,`asi_nombre`,`asi_alias`,`asi_descripcion`,`asi_usuario_ingreso`,`asi_usuario_modifica`,`asi_estado`,`asi_fecha_creacion`,`asi_fecha_modificacion`,`asi_estado_logico`) VALUES (329,1,3,'Inglés Técnico II','inglés_técnico_II','Inglés Técnico II',1,NULL,'1','2020-01-20 16:23:39',NULL,'1');
INSERT INTO db_academico.asignatura (`asi_id`,`scon_id`,`uaca_id`,`asi_nombre`,`asi_alias`,`asi_descripcion`,`asi_usuario_ingreso`,`asi_usuario_modifica`,`asi_estado`,`asi_fecha_creacion`,`asi_fecha_modificacion`,`asi_estado_logico`) VALUES (330,1,1,'Medios y Sistemas de Transmisión','medios_sistemas_transmisión','Medios y Sistemas de Transmisión',1,NULL,'1','2020-01-20 16:38:48',NULL,'1');
INSERT INTO db_academico.asignatura (`asi_id`,`scon_id`,`uaca_id`,`asi_nombre`,`asi_alias`,`asi_descripcion`,`asi_usuario_ingreso`,`asi_usuario_modifica`,`asi_estado`,`asi_fecha_creacion`,`asi_fecha_modificacion`,`asi_estado_logico`) VALUES (331,1,1,'Gestión de Abastecimiento','gestión_abastecimiento','Gestión de Abastecimiento',1,NULL,'1','2020-04-18 03:34:02',NULL,'1');
INSERT INTO db_academico.asignatura (`asi_id`,`scon_id`,`uaca_id`,`asi_nombre`,`asi_alias`,`asi_descripcion`,`asi_usuario_ingreso`,`asi_usuario_modifica`,`asi_estado`,`asi_fecha_creacion`,`asi_fecha_modificacion`,`asi_estado_logico`) VALUES (332,1,1,'Contabilidad Avanzada','contabilidad_avanzada','Contabilidad Avanzada',1,NULL,'1','2020-04-18 03:34:02',NULL,'1');
INSERT INTO db_academico.asignatura (`asi_id`,`scon_id`,`uaca_id`,`asi_nombre`,`asi_alias`,`asi_descripcion`,`asi_usuario_ingreso`,`asi_usuario_modifica`,`asi_estado`,`asi_fecha_creacion`,`asi_fecha_modificacion`,`asi_estado_logico`) VALUES (333,1,1,'Distribución Física Internacional I','distribución_física_internacional_I','Distribución Física Internacional I',1,NULL,'1','2020-04-18 03:34:02',NULL,'1');
INSERT INTO db_academico.asignatura (`asi_id`,`scon_id`,`uaca_id`,`asi_nombre`,`asi_alias`,`asi_descripcion`,`asi_usuario_ingreso`,`asi_usuario_modifica`,`asi_estado`,`asi_fecha_creacion`,`asi_fecha_modificacion`,`asi_estado_logico`) VALUES (334,1,1,'Modelos de Decisión','modelos_decisión','Modelos de Decisión',1,NULL,'1','2020-04-18 03:34:02',NULL,'1');
INSERT INTO db_academico.asignatura (`asi_id`,`scon_id`,`uaca_id`,`asi_nombre`,`asi_alias`,`asi_descripcion`,`asi_usuario_ingreso`,`asi_usuario_modifica`,`asi_estado`,`asi_fecha_creacion`,`asi_fecha_modificacion`,`asi_estado_logico`) VALUES (335,1,1,'Evaluación Psicológica','evaluación_psicológica','Evaluación Psicológica',1,NULL,'1','2020-04-18 03:34:02',NULL,'1');
INSERT INTO db_academico.asignatura (`asi_id`,`scon_id`,`uaca_id`,`asi_nombre`,`asi_alias`,`asi_descripcion`,`asi_usuario_ingreso`,`asi_usuario_modifica`,`asi_estado`,`asi_fecha_creacion`,`asi_fecha_modificacion`,`asi_estado_logico`) VALUES (336,1,3,'Intermediate II','emprendimiento_innovación','Intermediate II',1,NULL,'0','2020-04-18 03:34:02',NULL,'0');
INSERT INTO db_academico.asignatura (`asi_id`,`scon_id`,`uaca_id`,`asi_nombre`,`asi_alias`,`asi_descripcion`,`asi_usuario_ingreso`,`asi_usuario_modifica`,`asi_estado`,`asi_fecha_creacion`,`asi_fecha_modificacion`,`asi_estado_logico`) VALUES (337,1,3,'Upper Intermediate II','upper_intermediate_II','Upper Intermediate II',1,NULL,'1','2020-04-18 03:34:02',NULL,'1');
INSERT INTO db_academico.asignatura (`asi_id`,`scon_id`,`uaca_id`,`asi_nombre`,`asi_alias`,`asi_descripcion`,`asi_usuario_ingreso`,`asi_usuario_modifica`,`asi_estado`,`asi_fecha_creacion`,`asi_fecha_modificacion`,`asi_estado_logico`) VALUES (338,1,1,'Herramientas Informática Portuaria','herramientas_informática_portuaria','Herramientas Informática Portuaria',1,NULL,'1','2020-04-18 03:34:02',NULL,'1');
INSERT INTO db_academico.asignatura (`asi_id`,`scon_id`,`uaca_id`,`asi_nombre`,`asi_alias`,`asi_descripcion`,`asi_usuario_ingreso`,`asi_usuario_modifica`,`asi_estado`,`asi_fecha_creacion`,`asi_fecha_modificacion`,`asi_estado_logico`) VALUES (339,1,1,'Control Interno I','control_interno_I','Control Interno I',1,NULL,'1','2020-04-18 03:34:02',NULL,'1');
INSERT INTO db_academico.asignatura (`asi_id`,`scon_id`,`uaca_id`,`asi_nombre`,`asi_alias`,`asi_descripcion`,`asi_usuario_ingreso`,`asi_usuario_modifica`,`asi_estado`,`asi_fecha_creacion`,`asi_fecha_modificacion`,`asi_estado_logico`) VALUES (340,1,1,'Epistemología de la Administración','epistemología_administración','Epistemología de la Administración',1,NULL,'1','2020-04-18 03:34:02',NULL,'1');
INSERT INTO db_academico.asignatura (`asi_id`,`scon_id`,`uaca_id`,`asi_nombre`,`asi_alias`,`asi_descripcion`,`asi_usuario_ingreso`,`asi_usuario_modifica`,`asi_estado`,`asi_fecha_creacion`,`asi_fecha_modificacion`,`asi_estado_logico`) VALUES (341,1,1,'Presupuestos','presupuestos','Presupuestos',1,NULL,'1','2020-04-18 03:34:02',NULL,'1');
INSERT INTO db_academico.asignatura (`asi_id`,`scon_id`,`uaca_id`,`asi_nombre`,`asi_alias`,`asi_descripcion`,`asi_usuario_ingreso`,`asi_usuario_modifica`,`asi_estado`,`asi_fecha_creacion`,`asi_fecha_modificacion`,`asi_estado_logico`) VALUES (342,1,1,'Fundamentos de Mercadotecnia','fundamentos_mercadotecnia','Fundamentos de Mercadotecnia',1,NULL,'1','2020-04-18 03:34:02',NULL,'1');
INSERT INTO db_academico.asignatura (`asi_id`,`scon_id`,`uaca_id`,`asi_nombre`,`asi_alias`,`asi_descripcion`,`asi_usuario_ingreso`,`asi_usuario_modifica`,`asi_estado`,`asi_fecha_creacion`,`asi_fecha_modificacion`,`asi_estado_logico`) VALUES (343,1,1,'Sociología del Talento Humano','sociología_talento_humano','Sociología del Talento Humano',1,NULL,'1','2020-04-18 03:34:02',NULL,'1');
INSERT INTO db_academico.asignatura (`asi_id`,`scon_id`,`uaca_id`,`asi_nombre`,`asi_alias`,`asi_descripcion`,`asi_usuario_ingreso`,`asi_usuario_modifica`,`asi_estado`,`asi_fecha_creacion`,`asi_fecha_modificacion`,`asi_estado_logico`) VALUES (344,1,1,'Ética y Responsabilidad Social','ética_responsabilidad_social','Ética y Responsabilidad Social',1,NULL,'1','2020-04-18 03:34:02',NULL,'1');
INSERT INTO db_academico.asignatura (`asi_id`,`scon_id`,`uaca_id`,`asi_nombre`,`asi_alias`,`asi_descripcion`,`asi_usuario_ingreso`,`asi_usuario_modifica`,`asi_estado`,`asi_fecha_creacion`,`asi_fecha_modificacion`,`asi_estado_logico`) VALUES (345,1,1,'Fundamentos de Programación','fundamentos_programacion','Fundamentos de Programación',1,NULL,'1','2020-04-20 16:19:42',NULL,'1');
INSERT INTO db_academico.asignatura (`asi_id`,`scon_id`,`uaca_id`,`asi_nombre`,`asi_alias`,`asi_descripcion`,`asi_usuario_ingreso`,`asi_usuario_modifica`,`asi_estado`,`asi_fecha_creacion`,`asi_fecha_modificacion`,`asi_estado_logico`) VALUES (346,1,1,'Investigación de Operaciones','investigación_operaciones','Investigación de Operaciones',1,NULL,'1','2020-04-20 16:19:42',NULL,'1');
INSERT INTO db_academico.asignatura (`asi_id`,`scon_id`,`uaca_id`,`asi_nombre`,`asi_alias`,`asi_descripcion`,`asi_usuario_ingreso`,`asi_usuario_modifica`,`asi_estado`,`asi_fecha_creacion`,`asi_fecha_modificacion`,`asi_estado_logico`) VALUES (347,1,1,'Finanzas','finanzas','Finanzas',1,NULL,'1','2020-04-20 16:19:42',NULL,'1');
INSERT INTO db_academico.asignatura (`asi_id`,`scon_id`,`uaca_id`,`asi_nombre`,`asi_alias`,`asi_descripcion`,`asi_usuario_ingreso`,`asi_usuario_modifica`,`asi_estado`,`asi_fecha_creacion`,`asi_fecha_modificacion`,`asi_estado_logico`) VALUES (348,1,1,'Auditoría I','auditoría_I','Auditoría I',1,NULL,'1','2020-04-20 16:19:42',NULL,'1');
INSERT INTO db_academico.asignatura (`asi_id`,`scon_id`,`uaca_id`,`asi_nombre`,`asi_alias`,`asi_descripcion`,`asi_usuario_ingreso`,`asi_usuario_modifica`,`asi_estado`,`asi_fecha_creacion`,`asi_fecha_modificacion`,`asi_estado_logico`) VALUES (349,1,1,'Microeconomía','comunicaciones_digitales','Microeconomía',1,NULL,'1','2020-04-20 16:19:42',NULL,'0');
INSERT INTO db_academico.asignatura (`asi_id`,`scon_id`,`uaca_id`,`asi_nombre`,`asi_alias`,`asi_descripcion`,`asi_usuario_ingreso`,`asi_usuario_modifica`,`asi_estado`,`asi_fecha_creacion`,`asi_fecha_modificacion`,`asi_estado_logico`) VALUES (350,1,1,'Diseño de Sistemas Electrónicos y Digitales','diseño_sistemas_electrónicos_digitales','Diseño de Sistemas Electrónicos y Digitales',1,NULL,'1','2020-04-20 16:19:42',NULL,'1');
INSERT INTO db_academico.asignatura (`asi_id`,`scon_id`,`uaca_id`,`asi_nombre`,`asi_alias`,`asi_descripcion`,`asi_usuario_ingreso`,`asi_usuario_modifica`,`asi_estado`,`asi_fecha_creacion`,`asi_fecha_modificacion`,`asi_estado_logico`) VALUES (351,1,1,'Seguros y Costos del Transporte','seguros_costos_transporte','Seguros y Costos del Transporte',1,NULL,'1','2020-04-20 16:19:42',NULL,'1');
INSERT INTO db_academico.asignatura (`asi_id`,`scon_id`,`uaca_id`,`asi_nombre`,`asi_alias`,`asi_descripcion`,`asi_usuario_ingreso`,`asi_usuario_modifica`,`asi_estado`,`asi_fecha_creacion`,`asi_fecha_modificacion`,`asi_estado_logico`) VALUES (352,1,1,'Tecnología de la Carga','tecnología_carga','Tecnología de la Carga',1,NULL,'1','2020-04-20 16:19:42',NULL,'1');
INSERT INTO db_academico.asignatura (`asi_id`,`scon_id`,`uaca_id`,`asi_nombre`,`asi_alias`,`asi_descripcion`,`asi_usuario_ingreso`,`asi_usuario_modifica`,`asi_estado`,`asi_fecha_creacion`,`asi_fecha_modificacion`,`asi_estado_logico`) VALUES (353,1,1,'Administración Financiera','administración_financiera','Administración Financiera',1,NULL,'1','2020-04-20 16:19:42',NULL,'1');
INSERT INTO db_academico.asignatura (`asi_id`,`scon_id`,`uaca_id`,`asi_nombre`,`asi_alias`,`asi_descripcion`,`asi_usuario_ingreso`,`asi_usuario_modifica`,`asi_estado`,`asi_fecha_creacion`,`asi_fecha_modificacion`,`asi_estado_logico`) VALUES (354,1,1,'Comunicaciones Analógicas','comunicaciones_analógicas','Comunicaciones Analógicas',1,NULL,'1','2020-04-20 16:19:42',NULL,'1');
INSERT INTO db_academico.asignatura (`asi_id`,`scon_id`,`uaca_id`,`asi_nombre`,`asi_alias`,`asi_descripcion`,`asi_usuario_ingreso`,`asi_usuario_modifica`,`asi_estado`,`asi_fecha_creacion`,`asi_fecha_modificacion`,`asi_estado_logico`) VALUES (355,1,1,'Tecnología del Medio del Transporte','tecnología_medio_transporte','Tecnología del Medio del Transporte',1,NULL,'1','2020-04-20 16:19:42',NULL,'1');
INSERT INTO db_academico.asignatura (`asi_id`,`scon_id`,`uaca_id`,`asi_nombre`,`asi_alias`,`asi_descripcion`,`asi_usuario_ingreso`,`asi_usuario_modifica`,`asi_estado`,`asi_fecha_creacion`,`asi_fecha_modificacion`,`asi_estado_logico`) VALUES (356,1,1,'Epistemología del Comercio Exterior','epistemología_comercio_exterior','Epistemología del Comercio Exterior',1,NULL,'1','2020-04-20 16:19:42',NULL,'1');
INSERT INTO db_academico.asignatura (`asi_id`,`scon_id`,`uaca_id`,`asi_nombre`,`asi_alias`,`asi_descripcion`,`asi_usuario_ingreso`,`asi_usuario_modifica`,`asi_estado`,`asi_fecha_creacion`,`asi_fecha_modificacion`,`asi_estado_logico`) VALUES (357,1,1,'Redes de Datos','redes_datos','Redes de Datos',1,NULL,'1','2020-04-20 16:19:42',NULL,'1');
INSERT INTO db_academico.asignatura (`asi_id`,`scon_id`,`uaca_id`,`asi_nombre`,`asi_alias`,`asi_descripcion`,`asi_usuario_ingreso`,`asi_usuario_modifica`,`asi_estado`,`asi_fecha_creacion`,`asi_fecha_modificacion`,`asi_estado_logico`) VALUES (358,1,1,'Psicometría','psicometría','Psicometría',1,NULL,'1','2020-04-20 16:19:42',NULL,'1');
INSERT INTO db_academico.asignatura (`asi_id`,`scon_id`,`uaca_id`,`asi_nombre`,`asi_alias`,`asi_descripcion`,`asi_usuario_ingreso`,`asi_usuario_modifica`,`asi_estado`,`asi_fecha_creacion`,`asi_fecha_modificacion`,`asi_estado_logico`) VALUES (359,1,1,'Organización Marítima Intl. y Sistemas P','organización_marítima_Intl_sistemas.P','Organización Marítima Intl. y Sistemas P',1,NULL,'1','2020-04-20 16:19:42',NULL,'1');
INSERT INTO db_academico.asignatura (`asi_id`,`scon_id`,`uaca_id`,`asi_nombre`,`asi_alias`,`asi_descripcion`,`asi_usuario_ingreso`,`asi_usuario_modifica`,`asi_estado`,`asi_fecha_creacion`,`asi_fecha_modificacion`,`asi_estado_logico`) VALUES (360,1,1,'Desarrollo Portuario','desarrollo_portuario','Desarrollo Portuario',1,NULL,'1','2020-04-20 16:19:42',NULL,'1');
INSERT INTO db_academico.asignatura (`asi_id`,`scon_id`,`uaca_id`,`asi_nombre`,`asi_alias`,`asi_descripcion`,`asi_usuario_ingreso`,`asi_usuario_modifica`,`asi_estado`,`asi_fecha_creacion`,`asi_fecha_modificacion`,`asi_estado_logico`) VALUES (361,1,1,'Formulación y Evaluación de Proyectos','formulación_evaluación_proyectos','Formulación y Evaluación de Proyectos',1,NULL,'1','2020-05-07 16:18:21',NULL,'1');
INSERT INTO db_academico.asignatura (`asi_id`,`scon_id`,`uaca_id`,`asi_nombre`,`asi_alias`,`asi_descripcion`,`asi_usuario_ingreso`,`asi_usuario_modifica`,`asi_estado`,`asi_fecha_creacion`,`asi_fecha_modificacion`,`asi_estado_logico`) VALUES (362,1,1,'Gestión del Talento Humano','gestión_talento_humano','Gestión del Talento Humano',1,NULL,'1','2020-05-07 16:18:21',NULL,'1');
INSERT INTO db_academico.asignatura (`asi_id`,`scon_id`,`uaca_id`,`asi_nombre`,`asi_alias`,`asi_descripcion`,`asi_usuario_ingreso`,`asi_usuario_modifica`,`asi_estado`,`asi_fecha_creacion`,`asi_fecha_modificacion`,`asi_estado_logico`) VALUES (363,1,1,'Negocios Internacionales','negocios_internacionales','Negocios Internacionales',1,NULL,'1','2020-05-07 16:18:21',NULL,'1');
INSERT INTO db_academico.asignatura (`asi_id`,`scon_id`,`uaca_id`,`asi_nombre`,`asi_alias`,`asi_descripcion`,`asi_usuario_ingreso`,`asi_usuario_modifica`,`asi_estado`,`asi_fecha_creacion`,`asi_fecha_modificacion`,`asi_estado_logico`) VALUES (364,1,1,'Derecho Financiero y Tributario','derecho_financiero_tributario','Derecho Financiero y Tributario',1,NULL,'1','2020-05-07 16:18:21',NULL,'1');
INSERT INTO db_academico.asignatura (`asi_id`,`scon_id`,`uaca_id`,`asi_nombre`,`asi_alias`,`asi_descripcion`,`asi_usuario_ingreso`,`asi_usuario_modifica`,`asi_estado`,`asi_fecha_creacion`,`asi_fecha_modificacion`,`asi_estado_logico`) VALUES (365,1,1,'Comportamiento del Consumidor','comportamiento_consumidor','Comportamiento del Consumidor',1,NULL,'1','2020-05-07 16:18:21',NULL,'1');
INSERT INTO db_academico.asignatura (`asi_id`,`scon_id`,`uaca_id`,`asi_nombre`,`asi_alias`,`asi_descripcion`,`asi_usuario_ingreso`,`asi_usuario_modifica`,`asi_estado`,`asi_fecha_creacion`,`asi_fecha_modificacion`,`asi_estado_logico`) VALUES (366,1,1,'Geografía Turística','geografía_turística','Geografía Turística',1,NULL,'1','2020-05-07 16:18:21',NULL,'1');
INSERT INTO db_academico.asignatura (`asi_id`,`scon_id`,`uaca_id`,`asi_nombre`,`asi_alias`,`asi_descripcion`,`asi_usuario_ingreso`,`asi_usuario_modifica`,`asi_estado`,`asi_fecha_creacion`,`asi_fecha_modificacion`,`asi_estado_logico`) VALUES (367,1,1,'Marketing Estratégico','marketing_estratégico','Marketing Estratégico',1,NULL,'1','2020-05-07 16:18:21',NULL,'1');
INSERT INTO db_academico.asignatura (`asi_id`,`scon_id`,`uaca_id`,`asi_nombre`,`asi_alias`,`asi_descripcion`,`asi_usuario_ingreso`,`asi_usuario_modifica`,`asi_estado`,`asi_fecha_creacion`,`asi_fecha_modificacion`,`asi_estado_logico`) VALUES (368,1,1,'Legislación Turística','legislación_turistica','Legislación Turística',1,NULL,'1','2020-05-07 16:18:21',NULL,'1');
INSERT INTO db_academico.asignatura (`asi_id`,`scon_id`,`uaca_id`,`asi_nombre`,`asi_alias`,`asi_descripcion`,`asi_usuario_ingreso`,`asi_usuario_modifica`,`asi_estado`,`asi_fecha_creacion`,`asi_fecha_modificacion`,`asi_estado_logico`) VALUES (369,1,1,'Desarrollo Organizacional','desarrollo_organizacional','Desarrollo Organizacional',1,NULL,'1','2020-05-07 16:18:21',NULL,'1');
INSERT INTO db_academico.asignatura (`asi_id`,`scon_id`,`uaca_id`,`asi_nombre`,`asi_alias`,`asi_descripcion`,`asi_usuario_ingreso`,`asi_usuario_modifica`,`asi_estado`,`asi_fecha_creacion`,`asi_fecha_modificacion`,`asi_estado_logico`) VALUES (370,1,3,'Francés I','francés_I','Francés I',1,NULL,'1','2020-05-07 16:18:21',NULL,'1');
INSERT INTO db_academico.asignatura (`asi_id`,`scon_id`,`uaca_id`,`asi_nombre`,`asi_alias`,`asi_descripcion`,`asi_usuario_ingreso`,`asi_usuario_modifica`,`asi_estado`,`asi_fecha_creacion`,`asi_fecha_modificacion`,`asi_estado_logico`) VALUES (371,1,3,'Francés III','francés_III','Francés III',1,NULL,'1','2020-05-07 16:18:21',NULL,'1');
INSERT INTO db_academico.asignatura (`asi_id`,`scon_id`,`uaca_id`,`asi_nombre`,`asi_alias`,`asi_descripcion`,`asi_usuario_ingreso`,`asi_usuario_modifica`,`asi_estado`,`asi_fecha_creacion`,`asi_fecha_modificacion`,`asi_estado_logico`) VALUES (372,1,1,'Lógica de Programación','lógica_programación','Lógica de Programación',1,NULL,'1','2020-07-03 11:13:12',NULL,'1');
INSERT INTO db_academico.asignatura (`asi_id`,`scon_id`,`uaca_id`,`asi_nombre`,`asi_alias`,`asi_descripcion`,`asi_usuario_ingreso`,`asi_usuario_modifica`,`asi_estado`,`asi_fecha_creacion`,`asi_fecha_modificacion`,`asi_estado_logico`) VALUES (373,1,1,'Matematicas para las Tic','matematicas_tic','Matematicas para las Tic',1,NULL,'1','2020-07-03 11:13:12',NULL,'1');
INSERT INTO db_academico.asignatura (`asi_id`,`scon_id`,`uaca_id`,`asi_nombre`,`asi_alias`,`asi_descripcion`,`asi_usuario_ingreso`,`asi_usuario_modifica`,`asi_estado`,`asi_fecha_creacion`,`asi_fecha_modificacion`,`asi_estado_logico`) VALUES (374,1,1,'Introducción a la Informática','introducción_informática','Introducción a la Informática',1,NULL,'1','2020-07-03 11:13:12',NULL,'1');
INSERT INTO db_academico.asignatura (`asi_id`,`scon_id`,`uaca_id`,`asi_nombre`,`asi_alias`,`asi_descripcion`,`asi_usuario_ingreso`,`asi_usuario_modifica`,`asi_estado`,`asi_fecha_creacion`,`asi_fecha_modificacion`,`asi_estado_logico`) VALUES (375,1,1,'Inglés I','inglés_I','Inglés I',1,NULL,'1','2020-07-03 11:13:12',NULL,'1');
INSERT INTO db_academico.asignatura (`asi_id`,`scon_id`,`uaca_id`,`asi_nombre`,`asi_alias`,`asi_descripcion`,`asi_usuario_ingreso`,`asi_usuario_modifica`,`asi_estado`,`asi_fecha_creacion`,`asi_fecha_modificacion`,`asi_estado_logico`) VALUES (376,1,1,'Bases de Datos','bases_datos','Bases de Datos',1,NULL,'1','2020-07-03 11:13:12',NULL,'1');
INSERT INTO db_academico.asignatura (`asi_id`,`scon_id`,`uaca_id`,`asi_nombre`,`asi_alias`,`asi_descripcion`,`asi_usuario_ingreso`,`asi_usuario_modifica`,`asi_estado`,`asi_fecha_creacion`,`asi_fecha_modificacion`,`asi_estado_logico`) VALUES (377,1,1,'Matemáticas III','matemáticas_III','Matemáticas III',1,NULL,'1','2020-07-03 11:13:12',NULL,'1');
INSERT INTO db_academico.asignatura (`asi_id`,`scon_id`,`uaca_id`,`asi_nombre`,`asi_alias`,`asi_descripcion`,`asi_usuario_ingreso`,`asi_usuario_modifica`,`asi_estado`,`asi_fecha_creacion`,`asi_fecha_modificacion`,`asi_estado_logico`) VALUES (378,1,1,'Inglés II','inglés_II','Inglés II',1,NULL,'1','2020-07-03 11:13:12',NULL,'1');
INSERT INTO db_academico.asignatura (`asi_id`,`scon_id`,`uaca_id`,`asi_nombre`,`asi_alias`,`asi_descripcion`,`asi_usuario_ingreso`,`asi_usuario_modifica`,`asi_estado`,`asi_fecha_creacion`,`asi_fecha_modificacion`,`asi_estado_logico`) VALUES (379,1,1,'Fundamentos de Redes','fundamentos_redes','Fundamentos de Redes',1,NULL,'1','2020-07-03 11:13:12',NULL,'1');
INSERT INTO db_academico.asignatura (`asi_id`,`scon_id`,`uaca_id`,`asi_nombre`,`asi_alias`,`asi_descripcion`,`asi_usuario_ingreso`,`asi_usuario_modifica`,`asi_estado`,`asi_fecha_creacion`,`asi_fecha_modificacion`,`asi_estado_logico`) VALUES (380,1,1,'Inglés III','inglés_III','Inglés III',1,NULL,'1','2020-07-03 11:13:12',NULL,'1');
INSERT INTO db_academico.asignatura (`asi_id`,`scon_id`,`uaca_id`,`asi_nombre`,`asi_alias`,`asi_descripcion`,`asi_usuario_ingreso`,`asi_usuario_modifica`,`asi_estado`,`asi_fecha_creacion`,`asi_fecha_modificacion`,`asi_estado_logico`) VALUES (381,1,1,'Ingeniería del Software I','ingeniería_software_I','Ingeniería del Software I',1,NULL,'1','2020-07-03 11:13:12',NULL,'1');
INSERT INTO db_academico.asignatura (`asi_id`,`scon_id`,`uaca_id`,`asi_nombre`,`asi_alias`,`asi_descripcion`,`asi_usuario_ingreso`,`asi_usuario_modifica`,`asi_estado`,`asi_fecha_creacion`,`asi_fecha_modificacion`,`asi_estado_logico`) VALUES (382,1,1,'Inglés IV','inglés_IV','Inglés IV',1,NULL,'1','2020-07-03 11:13:12',NULL,'1');
INSERT INTO db_academico.asignatura (`asi_id`,`scon_id`,`uaca_id`,`asi_nombre`,`asi_alias`,`asi_descripcion`,`asi_usuario_ingreso`,`asi_usuario_modifica`,`asi_estado`,`asi_fecha_creacion`,`asi_fecha_modificacion`,`asi_estado_logico`) VALUES (383,1,1,'Taller de Derechos Humanos','taller_derechos_humanos','Taller de Derechos Humanos',1,NULL,'1','2020-07-03 11:13:12',NULL,'1');
INSERT INTO db_academico.asignatura (`asi_id`,`scon_id`,`uaca_id`,`asi_nombre`,`asi_alias`,`asi_descripcion`,`asi_usuario_ingreso`,`asi_usuario_modifica`,`asi_estado`,`asi_fecha_creacion`,`asi_fecha_modificacion`,`asi_estado_logico`) VALUES (384,1,1,'Pasantia','pasantia','Pasantia',1,NULL,'1','2020-07-03 11:13:12',NULL,'1');
INSERT INTO db_academico.asignatura (`asi_id`,`scon_id`,`uaca_id`,`asi_nombre`,`asi_alias`,`asi_descripcion`,`asi_usuario_ingreso`,`asi_usuario_modifica`,`asi_estado`,`asi_fecha_creacion`,`asi_fecha_modificacion`,`asi_estado_logico`) VALUES (385,1,1,'Taller de Responsabilidad Social','taller_responsabilidad_social','Taller de Responsabilidad Social',1,NULL,'1','2020-07-03 11:13:12',NULL,'1');
INSERT INTO db_academico.asignatura (`asi_id`,`scon_id`,`uaca_id`,`asi_nombre`,`asi_alias`,`asi_descripcion`,`asi_usuario_ingreso`,`asi_usuario_modifica`,`asi_estado`,`asi_fecha_creacion`,`asi_fecha_modificacion`,`asi_estado_logico`) VALUES (386,1,1,'Inglés V','inglés_V','Inglés V',1,NULL,'1','2020-07-03 11:13:12',NULL,'1');
INSERT INTO db_academico.asignatura (`asi_id`,`scon_id`,`uaca_id`,`asi_nombre`,`asi_alias`,`asi_descripcion`,`asi_usuario_ingreso`,`asi_usuario_modifica`,`asi_estado`,`asi_fecha_creacion`,`asi_fecha_modificacion`,`asi_estado_logico`) VALUES (387,1,1,'Elab.y Eval.de Proy.de Factibilidad(4C)','elab_eval_proy_factibilidad(4C)','Elab.y Eval.de Proy.de Factibilidad(4C)',1,NULL,'1','2020-07-03 11:13:12',NULL,'1');
INSERT INTO db_academico.asignatura (`asi_id`,`scon_id`,`uaca_id`,`asi_nombre`,`asi_alias`,`asi_descripcion`,`asi_usuario_ingreso`,`asi_usuario_modifica`,`asi_estado`,`asi_fecha_creacion`,`asi_fecha_modificacion`,`asi_estado_logico`) VALUES (388,1,1,'Diseño de Redes de Computadores','diseño_redes_computadores','Diseño de Redes de Computadores',1,NULL,'1','2020-07-03 11:13:12',NULL,'1');
INSERT INTO db_academico.asignatura (`asi_id`,`scon_id`,`uaca_id`,`asi_nombre`,`asi_alias`,`asi_descripcion`,`asi_usuario_ingreso`,`asi_usuario_modifica`,`asi_estado`,`asi_fecha_creacion`,`asi_fecha_modificacion`,`asi_estado_logico`) VALUES (389,1,1,'Administración de Redes','administración_redes','Administración de Redes',1,NULL,'1','2020-07-03 11:13:12',NULL,'1');
INSERT INTO db_academico.asignatura (`asi_id`,`scon_id`,`uaca_id`,`asi_nombre`,`asi_alias`,`asi_descripcion`,`asi_usuario_ingreso`,`asi_usuario_modifica`,`asi_estado`,`asi_fecha_creacion`,`asi_fecha_modificacion`,`asi_estado_logico`) VALUES (390,1,1,'Inglés VI','inglés_VI','Inglés VI',1,NULL,'1','2020-07-03 11:13:12',NULL,'1');
INSERT INTO db_academico.asignatura (`asi_id`,`scon_id`,`uaca_id`,`asi_nombre`,`asi_alias`,`asi_descripcion`,`asi_usuario_ingreso`,`asi_usuario_modifica`,`asi_estado`,`asi_fecha_creacion`,`asi_fecha_modificacion`,`asi_estado_logico`) VALUES (391,1,1,'Redes II','redes_II','Redes II',1,NULL,'1','2020-07-03 11:13:12',NULL,'1');
INSERT INTO db_academico.asignatura (`asi_id`,`scon_id`,`uaca_id`,`asi_nombre`,`asi_alias`,`asi_descripcion`,`asi_usuario_ingreso`,`asi_usuario_modifica`,`asi_estado`,`asi_fecha_creacion`,`asi_fecha_modificacion`,`asi_estado_logico`) VALUES (392,1,1,'Física','física','Física',1,NULL,'1','2020-07-03 11:13:12',NULL,'1');
INSERT INTO db_academico.asignatura (`asi_id`,`scon_id`,`uaca_id`,`asi_nombre`,`asi_alias`,`asi_descripcion`,`asi_usuario_ingreso`,`asi_usuario_modifica`,`asi_estado`,`asi_fecha_creacion`,`asi_fecha_modificacion`,`asi_estado_logico`) VALUES (393,1,1,'Electricidad I','electricidad_I','Electricidad I',1,NULL,'1','2020-07-03 11:13:12',NULL,'1');
INSERT INTO db_academico.asignatura (`asi_id`,`scon_id`,`uaca_id`,`asi_nombre`,`asi_alias`,`asi_descripcion`,`asi_usuario_ingreso`,`asi_usuario_modifica`,`asi_estado`,`asi_fecha_creacion`,`asi_fecha_modificacion`,`asi_estado_logico`) VALUES (394,1,1,'Digitales I','digitales_I','Digitales I',1,NULL,'1','2020-07-03 11:13:12',NULL,'1');
INSERT INTO db_academico.asignatura (`asi_id`,`scon_id`,`uaca_id`,`asi_nombre`,`asi_alias`,`asi_descripcion`,`asi_usuario_ingreso`,`asi_usuario_modifica`,`asi_estado`,`asi_fecha_creacion`,`asi_fecha_modificacion`,`asi_estado_logico`) VALUES (395,1,1,'Electronica I','electronica_I','Electronica I',1,NULL,'1','2020-07-03 11:13:12',NULL,'1');
INSERT INTO db_academico.asignatura (`asi_id`,`scon_id`,`uaca_id`,`asi_nombre`,`asi_alias`,`asi_descripcion`,`asi_usuario_ingreso`,`asi_usuario_modifica`,`asi_estado`,`asi_fecha_creacion`,`asi_fecha_modificacion`,`asi_estado_logico`) VALUES (396,1,1,'Digitales II y Proyecto de Digitales','digitales_II_proyecto_digitales','Digitales II y Proyecto de Digitales',1,NULL,'1','2020-07-03 11:13:13',NULL,'1');
INSERT INTO db_academico.asignatura (`asi_id`,`scon_id`,`uaca_id`,`asi_nombre`,`asi_alias`,`asi_descripcion`,`asi_usuario_ingreso`,`asi_usuario_modifica`,`asi_estado`,`asi_fecha_creacion`,`asi_fecha_modificacion`,`asi_estado_logico`) VALUES (397,1,1,'Electronica II y Proyectos de Electronica','electronica_II_proyecto_electronica','Electronica II y Proyectos de Electronica',1,NULL,'1','2020-07-03 11:13:13',NULL,'1');
INSERT INTO db_academico.asignatura (`asi_id`,`scon_id`,`uaca_id`,`asi_nombre`,`asi_alias`,`asi_descripcion`,`asi_usuario_ingreso`,`asi_usuario_modifica`,`asi_estado`,`asi_fecha_creacion`,`asi_fecha_modificacion`,`asi_estado_logico`) VALUES (398,1,1,'Proyecto de Electronica y Digitales','proyecto_electronica_digitales','Proyecto de Electronica y Digitales',1,NULL,'1','2020-07-03 11:13:13',NULL,'1');
INSERT INTO db_academico.asignatura (`asi_id`,`scon_id`,`uaca_id`,`asi_nombre`,`asi_alias`,`asi_descripcion`,`asi_usuario_ingreso`,`asi_usuario_modifica`,`asi_estado`,`asi_fecha_creacion`,`asi_fecha_modificacion`,`asi_estado_logico`) VALUES (399,1,1,'Teoria de Telecomunicaciones','teoria_telecomunicaciones','Teoria de Telecomunicaciones',1,NULL,'1','2020-07-03 11:13:13',NULL,'1');
INSERT INTO db_academico.asignatura (`asi_id`,`scon_id`,`uaca_id`,`asi_nombre`,`asi_alias`,`asi_descripcion`,`asi_usuario_ingreso`,`asi_usuario_modifica`,`asi_estado`,`asi_fecha_creacion`,`asi_fecha_modificacion`,`asi_estado_logico`) VALUES (400,1,1,'Fuentes de Energia para Telecomunicaciones','fuentes_energia_telecomunicaciones','Fuentes de Energia para Telecomunicaciones',1,NULL,'1','2020-07-03 11:13:13',NULL,'1');
INSERT INTO db_academico.asignatura (`asi_id`,`scon_id`,`uaca_id`,`asi_nombre`,`asi_alias`,`asi_descripcion`,`asi_usuario_ingreso`,`asi_usuario_modifica`,`asi_estado`,`asi_fecha_creacion`,`asi_fecha_modificacion`,`asi_estado_logico`) VALUES (401,1,1,'Conmutacion de Circuitos y Paquetes','conmutacion_circuitos_paquetes','Conmutacion de Circuitos y Paquetes',1,NULL,'1','2020-07-03 11:13:13',NULL,'1');
INSERT INTO db_academico.asignatura (`asi_id`,`scon_id`,`uaca_id`,`asi_nombre`,`asi_alias`,`asi_descripcion`,`asi_usuario_ingreso`,`asi_usuario_modifica`,`asi_estado`,`asi_fecha_creacion`,`asi_fecha_modificacion`,`asi_estado_logico`) VALUES (402,1,1,'Planta Externa','planta_externa','Planta Externa',1,NULL,'1','2020-07-03 11:13:13',NULL,'1');
INSERT INTO db_academico.asignatura (`asi_id`,`scon_id`,`uaca_id`,`asi_nombre`,`asi_alias`,`asi_descripcion`,`asi_usuario_ingreso`,`asi_usuario_modifica`,`asi_estado`,`asi_fecha_creacion`,`asi_fecha_modificacion`,`asi_estado_logico`) VALUES (403,1,1,'Sistemas de Transmision por Radio','sistemas_transmision_radio','Sistemas de Transmision por Radio',1,NULL,'1','2020-07-03 11:13:13',NULL,'1');
INSERT INTO db_academico.asignatura (`asi_id`,`scon_id`,`uaca_id`,`asi_nombre`,`asi_alias`,`asi_descripcion`,`asi_usuario_ingreso`,`asi_usuario_modifica`,`asi_estado`,`asi_fecha_creacion`,`asi_fecha_modificacion`,`asi_estado_logico`) VALUES (404,1,1,'Comunicaciones Satelitales','comunicaciones_satelitales','Comunicaciones Satelitales',1,NULL,'1','2020-07-03 11:13:13',NULL,'1');
INSERT INTO db_academico.asignatura (`asi_id`,`scon_id`,`uaca_id`,`asi_nombre`,`asi_alias`,`asi_descripcion`,`asi_usuario_ingreso`,`asi_usuario_modifica`,`asi_estado`,`asi_fecha_creacion`,`asi_fecha_modificacion`,`asi_estado_logico`) VALUES (405,1,1,'Sistema de Transmision por SHD y Cable','sistema_transmision_SHD_cable','Sistema de Transmision por SHD y Cable',1,NULL,'1','2020-07-03 11:13:13',NULL,'1');
INSERT INTO db_academico.asignatura (`asi_id`,`scon_id`,`uaca_id`,`asi_nombre`,`asi_alias`,`asi_descripcion`,`asi_usuario_ingreso`,`asi_usuario_modifica`,`asi_estado`,`asi_fecha_creacion`,`asi_fecha_modificacion`,`asi_estado_logico`) VALUES (406,1,1,'Redes de Acceso II','redes_acceso_ll','Redes de Acceso II',1,NULL,'1','2020-07-03 11:13:13',NULL,'1');
INSERT INTO db_academico.asignatura (`asi_id`,`scon_id`,`uaca_id`,`asi_nombre`,`asi_alias`,`asi_descripcion`,`asi_usuario_ingreso`,`asi_usuario_modifica`,`asi_estado`,`asi_fecha_creacion`,`asi_fecha_modificacion`,`asi_estado_logico`) VALUES (407,1,1,'Servicio de Telefonia Celular','servicio_telefonia_celular','Servicio de Telefonia Celular',1,NULL,'1','2020-07-03 11:13:13',NULL,'1');
INSERT INTO db_academico.asignatura (`asi_id`,`scon_id`,`uaca_id`,`asi_nombre`,`asi_alias`,`asi_descripcion`,`asi_usuario_ingreso`,`asi_usuario_modifica`,`asi_estado`,`asi_fecha_creacion`,`asi_fecha_modificacion`,`asi_estado_logico`) VALUES (408,1,1,'Telefonia IP','telefonia_ip','Telefonia IP',1,NULL,'1','2020-07-03 11:13:13',NULL,'1');
INSERT INTO db_academico.asignatura (`asi_id`,`scon_id`,`uaca_id`,`asi_nombre`,`asi_alias`,`asi_descripcion`,`asi_usuario_ingreso`,`asi_usuario_modifica`,`asi_estado`,`asi_fecha_creacion`,`asi_fecha_modificacion`,`asi_estado_logico`) VALUES (409,1,1,'Bases Culinarias y Teoria Gastronomica','bases_culinarias_teoria_gastronomica','Bases Culinarias y Teoria Gastronomica',1,NULL,'1','2020-07-03 11:13:13',NULL,'1');
INSERT INTO db_academico.asignatura (`asi_id`,`scon_id`,`uaca_id`,`asi_nombre`,`asi_alias`,`asi_descripcion`,`asi_usuario_ingreso`,`asi_usuario_modifica`,`asi_estado`,`asi_fecha_creacion`,`asi_fecha_modificacion`,`asi_estado_logico`) VALUES (410,1,1,'Asistencia y Guia a Grupos Turistico','asistencia_guia_grupos_turistico','Asistencia y Guia a Grupos Turistico',1,NULL,'1','2020-07-03 11:13:13',NULL,'1');
INSERT INTO db_academico.asignatura (`asi_id`,`scon_id`,`uaca_id`,`asi_nombre`,`asi_alias`,`asi_descripcion`,`asi_usuario_ingreso`,`asi_usuario_modifica`,`asi_estado`,`asi_fecha_creacion`,`asi_fecha_modificacion`,`asi_estado_logico`) VALUES (411,1,1,'Preparacion de Alimentos','preparacion_alimentos','Preparacion de Alimentos',1,NULL,'1','2020-07-03 11:13:13',NULL,'1');
INSERT INTO db_academico.asignatura (`asi_id`,`scon_id`,`uaca_id`,`asi_nombre`,`asi_alias`,`asi_descripcion`,`asi_usuario_ingreso`,`asi_usuario_modifica`,`asi_estado`,`asi_fecha_creacion`,`asi_fecha_modificacion`,`asi_estado_logico`) VALUES (412,1,1,'Psicología del Turismo','psicología_turismo','Psicología del Turismo',1,NULL,'1','2020-07-03 11:13:13',NULL,'1');
INSERT INTO db_academico.asignatura (`asi_id`,`scon_id`,`uaca_id`,`asi_nombre`,`asi_alias`,`asi_descripcion`,`asi_usuario_ingreso`,`asi_usuario_modifica`,`asi_estado`,`asi_fecha_creacion`,`asi_fecha_modificacion`,`asi_estado_logico`) VALUES (413,1,1,'Proyeccion Economica del Turismo','proyeccion_economica_turismo','Proyeccion Economica del Turismo',1,NULL,'1','2020-07-03 11:13:13',NULL,'1');
INSERT INTO db_academico.asignatura (`asi_id`,`scon_id`,`uaca_id`,`asi_nombre`,`asi_alias`,`asi_descripcion`,`asi_usuario_ingreso`,`asi_usuario_modifica`,`asi_estado`,`asi_fecha_creacion`,`asi_fecha_modificacion`,`asi_estado_logico`) VALUES (414,1,1,'Pasteleria y Reposteria','pasteleria_reposteria','Pasteleria y Reposteria',1,NULL,'1','2020-07-03 11:13:13',NULL,'1');
INSERT INTO db_academico.asignatura (`asi_id`,`scon_id`,`uaca_id`,`asi_nombre`,`asi_alias`,`asi_descripcion`,`asi_usuario_ingreso`,`asi_usuario_modifica`,`asi_estado`,`asi_fecha_creacion`,`asi_fecha_modificacion`,`asi_estado_logico`) VALUES (415,1,1,'Cocteleria y Bebidas','cocteleria_bebidas','Cocteleria y Bebidas',1,NULL,'1','2020-07-03 11:13:13',NULL,'1');
INSERT INTO db_academico.asignatura (`asi_id`,`scon_id`,`uaca_id`,`asi_nombre`,`asi_alias`,`asi_descripcion`,`asi_usuario_ingreso`,`asi_usuario_modifica`,`asi_estado`,`asi_fecha_creacion`,`asi_fecha_modificacion`,`asi_estado_logico`) VALUES (416,1,1,'Legislacion Turistica y Ambiental','legislacion_turistica_ambiental','Legislacion Turistica y Ambiental',1,NULL,'1','2020-07-03 11:13:13',NULL,'1');
INSERT INTO db_academico.asignatura (`asi_id`,`scon_id`,`uaca_id`,`asi_nombre`,`asi_alias`,`asi_descripcion`,`asi_usuario_ingreso`,`asi_usuario_modifica`,`asi_estado`,`asi_fecha_creacion`,`asi_fecha_modificacion`,`asi_estado_logico`) VALUES (417,1,1,'Agencia de Viajes I','agencia_viajes ','Agencia de Viajes I',1,NULL,'1','2020-07-03 11:13:13',NULL,'1');
INSERT INTO db_academico.asignatura (`asi_id`,`scon_id`,`uaca_id`,`asi_nombre`,`asi_alias`,`asi_descripcion`,`asi_usuario_ingreso`,`asi_usuario_modifica`,`asi_estado`,`asi_fecha_creacion`,`asi_fecha_modificacion`,`asi_estado_logico`) VALUES (418,1,1,'Prefact.de Proyectos Turisticos','prefact_proyectos_turisticos','Prefact.de Proyectos Turisticos',1,NULL,'1','2020-07-03 11:13:13',NULL,'1');
INSERT INTO db_academico.asignatura (`asi_id`,`scon_id`,`uaca_id`,`asi_nombre`,`asi_alias`,`asi_descripcion`,`asi_usuario_ingreso`,`asi_usuario_modifica`,`asi_estado`,`asi_fecha_creacion`,`asi_fecha_modificacion`,`asi_estado_logico`) VALUES (419,1,1,'Gestion Ambiental para Empresas Turisticas','gestion_ambiental_para_empresas_turisticas','Gestion Ambiental para Empresas Turisticas',1,NULL,'1','2020-07-03 11:13:13',NULL,'1');
INSERT INTO db_academico.asignatura (`asi_id`,`scon_id`,`uaca_id`,`asi_nombre`,`asi_alias`,`asi_descripcion`,`asi_usuario_ingreso`,`asi_usuario_modifica`,`asi_estado`,`asi_fecha_creacion`,`asi_fecha_modificacion`,`asi_estado_logico`) VALUES (420,1,1,'Seguridad Turistica','seguridad_turistica','Seguridad Turistica',1,NULL,'1','2020-07-03 11:13:13',NULL,'1');
INSERT INTO db_academico.asignatura (`asi_id`,`scon_id`,`uaca_id`,`asi_nombre`,`asi_alias`,`asi_descripcion`,`asi_usuario_ingreso`,`asi_usuario_modifica`,`asi_estado`,`asi_fecha_creacion`,`asi_fecha_modificacion`,`asi_estado_logico`) VALUES (421,1,1,'Ecologia','ecologia','Ecologia',1,NULL,'1','2020-07-03 11:13:13',NULL,'1');
INSERT INTO db_academico.asignatura (`asi_id`,`scon_id`,`uaca_id`,`asi_nombre`,`asi_alias`,`asi_descripcion`,`asi_usuario_ingreso`,`asi_usuario_modifica`,`asi_estado`,`asi_fecha_creacion`,`asi_fecha_modificacion`,`asi_estado_logico`) VALUES (422,1,1,'Agencia de Viajes II','agencia_viajes_ll','Agencia de Viajes II',1,NULL,'1','2020-07-03 11:13:13',NULL,'1');
INSERT INTO db_academico.asignatura (`asi_id`,`scon_id`,`uaca_id`,`asi_nombre`,`asi_alias`,`asi_descripcion`,`asi_usuario_ingreso`,`asi_usuario_modifica`,`asi_estado`,`asi_fecha_creacion`,`asi_fecha_modificacion`,`asi_estado_logico`) VALUES (423,1,1,'Direccion Ejecutiva de Ama de Llaves','direccion_ejecutiva_ama_llaves','Direccion Ejecutiva de Ama de Llaves',1,NULL,'1','2020-07-03 11:13:13',NULL,'1');
INSERT INTO db_academico.asignatura (`asi_id`,`scon_id`,`uaca_id`,`asi_nombre`,`asi_alias`,`asi_descripcion`,`asi_usuario_ingreso`,`asi_usuario_modifica`,`asi_estado`,`asi_fecha_creacion`,`asi_fecha_modificacion`,`asi_estado_logico`) VALUES (424,1,1,'Transportacion Turistica','transportacion_turistica','Transportacion Turistica',1,NULL,'1','2020-07-03 11:13:13',NULL,'1');
INSERT INTO db_academico.asignatura (`asi_id`,`scon_id`,`uaca_id`,`asi_nombre`,`asi_alias`,`asi_descripcion`,`asi_usuario_ingreso`,`asi_usuario_modifica`,`asi_estado`,`asi_fecha_creacion`,`asi_fecha_modificacion`,`asi_estado_logico`) VALUES (425,1,1,'Procesos de Cert.Amb.para Empresas Turisticas','procesos_Cert.Am_para_empresas_turisticas','Procesos de Cert.Amb.para Empresas Turisticas',1,NULL,'1','2020-07-03 11:13:13',NULL,'1');
INSERT INTO db_academico.asignatura (`asi_id`,`scon_id`,`uaca_id`,`asi_nombre`,`asi_alias`,`asi_descripcion`,`asi_usuario_ingreso`,`asi_usuario_modifica`,`asi_estado`,`asi_fecha_creacion`,`asi_fecha_modificacion`,`asi_estado_logico`) VALUES (426,1,1,'Desarrollo de Productos Turisticos','desarrollo_productos_turisticos','Desarrollo de Productos Turisticos',1,NULL,'1','2020-07-03 11:13:13',NULL,'1');
INSERT INTO db_academico.asignatura (`asi_id`,`scon_id`,`uaca_id`,`asi_nombre`,`asi_alias`,`asi_descripcion`,`asi_usuario_ingreso`,`asi_usuario_modifica`,`asi_estado`,`asi_fecha_creacion`,`asi_fecha_modificacion`,`asi_estado_logico`) VALUES (427,1,1,'Planificacion de Eventos','planificacion_eventos','Planificacion de Eventos',1,NULL,'1','2020-07-03 11:13:13',NULL,'1');
INSERT INTO db_academico.asignatura (`asi_id`,`scon_id`,`uaca_id`,`asi_nombre`,`asi_alias`,`asi_descripcion`,`asi_usuario_ingreso`,`asi_usuario_modifica`,`asi_estado`,`asi_fecha_creacion`,`asi_fecha_modificacion`,`asi_estado_logico`) VALUES (428,1,1,'Animacion y Recreacion Turistica','animacion_recreacion_turistica','Animacion y Recreacion Turistica',1,NULL,'1','2020-07-03 11:13:13',NULL,'1');
INSERT INTO db_academico.asignatura (`asi_id`,`scon_id`,`uaca_id`,`asi_nombre`,`asi_alias`,`asi_descripcion`,`asi_usuario_ingreso`,`asi_usuario_modifica`,`asi_estado`,`asi_fecha_creacion`,`asi_fecha_modificacion`,`asi_estado_logico`) VALUES (429,1,1,'Desarrollo de Infraestructura','desarrollo_infraestructura','Desarrollo de Infraestructura',1,NULL,'1','2020-07-03 11:13:13',NULL,'1');
INSERT INTO db_academico.asignatura (`asi_id`,`scon_id`,`uaca_id`,`asi_nombre`,`asi_alias`,`asi_descripcion`,`asi_usuario_ingreso`,`asi_usuario_modifica`,`asi_estado`,`asi_fecha_creacion`,`asi_fecha_modificacion`,`asi_estado_logico`) VALUES (430,1,1,'Gestion del Alojamiento','gestion_alojamiento','Gestion del Alojamiento',1,NULL,'1','2020-07-03 11:13:13',NULL,'1');
INSERT INTO db_academico.asignatura (`asi_id`,`scon_id`,`uaca_id`,`asi_nombre`,`asi_alias`,`asi_descripcion`,`asi_usuario_ingreso`,`asi_usuario_modifica`,`asi_estado`,`asi_fecha_creacion`,`asi_fecha_modificacion`,`asi_estado_logico`) VALUES (431,1,1,'Administracion de Empresas Turisticas','administracion_empresas_turisticas','Administracion de Empresas Turisticas',1,NULL,'1','2020-07-03 11:13:13',NULL,'1');
INSERT INTO db_academico.asignatura (`asi_id`,`scon_id`,`uaca_id`,`asi_nombre`,`asi_alias`,`asi_descripcion`,`asi_usuario_ingreso`,`asi_usuario_modifica`,`asi_estado`,`asi_fecha_creacion`,`asi_fecha_modificacion`,`asi_estado_logico`) VALUES (432,1,1,'Mercadeo Directo y Telemercadeo','mercadeo_directo_telemercadeo','Mercadeo Directo y Telemercadeo',1,NULL,'1','2020-07-03 11:13:13',NULL,'1');
INSERT INTO db_academico.asignatura (`asi_id`,`scon_id`,`uaca_id`,`asi_nombre`,`asi_alias`,`asi_descripcion`,`asi_usuario_ingreso`,`asi_usuario_modifica`,`asi_estado`,`asi_fecha_creacion`,`asi_fecha_modificacion`,`asi_estado_logico`) VALUES (433,1,1,'Marketing Financiero','marketing_financiero','Marketing Financiero',1,NULL,'1','2020-07-03 11:13:13',NULL,'1');
INSERT INTO db_academico.asignatura (`asi_id`,`scon_id`,`uaca_id`,`asi_nombre`,`asi_alias`,`asi_descripcion`,`asi_usuario_ingreso`,`asi_usuario_modifica`,`asi_estado`,`asi_fecha_creacion`,`asi_fecha_modificacion`,`asi_estado_logico`) VALUES (434,1,1,'Gerencia de Ventas','gerencia_ventas','Gerencia de Ventas',1,NULL,'1','2020-07-03 11:13:13',NULL,'1');
INSERT INTO db_academico.asignatura (`asi_id`,`scon_id`,`uaca_id`,`asi_nombre`,`asi_alias`,`asi_descripcion`,`asi_usuario_ingreso`,`asi_usuario_modifica`,`asi_estado`,`asi_fecha_creacion`,`asi_fecha_modificacion`,`asi_estado_logico`) VALUES (435,1,1,'Planificacion Financiera a Corto Plazo','planificacion_financiera_corto_plazo','Planificacion Financiera a Corto Plazo',1,NULL,'1','2020-07-03 11:13:13',NULL,'1');
INSERT INTO db_academico.asignatura (`asi_id`,`scon_id`,`uaca_id`,`asi_nombre`,`asi_alias`,`asi_descripcion`,`asi_usuario_ingreso`,`asi_usuario_modifica`,`asi_estado`,`asi_fecha_creacion`,`asi_fecha_modificacion`,`asi_estado_logico`) VALUES (436,1,1,'Auditoria','auditoria','Auditoria',1,NULL,'1','2020-07-03 11:13:13',NULL,'1');
INSERT INTO db_academico.asignatura (`asi_id`,`scon_id`,`uaca_id`,`asi_nombre`,`asi_alias`,`asi_descripcion`,`asi_usuario_ingreso`,`asi_usuario_modifica`,`asi_estado`,`asi_fecha_creacion`,`asi_fecha_modificacion`,`asi_estado_logico`) VALUES (437,1,1,'Administracion y Control de Riesgos','administracion_control_riesgos','Administracion y Control de Riesgos',1,NULL,'1','2020-07-03 11:13:13',NULL,'1');
INSERT INTO db_academico.asignatura (`asi_id`,`scon_id`,`uaca_id`,`asi_nombre`,`asi_alias`,`asi_descripcion`,`asi_usuario_ingreso`,`asi_usuario_modifica`,`asi_estado`,`asi_fecha_creacion`,`asi_fecha_modificacion`,`asi_estado_logico`) VALUES (438,1,1,'Software aplicado a Finanzas y Contabilidad I','software_aplicado_finanzas_contabilidad_l','Software aplicado a Finanzas y Contabilidad I',1,NULL,'1','2020-07-03 11:13:13',NULL,'1');
INSERT INTO db_academico.asignatura (`asi_id`,`scon_id`,`uaca_id`,`asi_nombre`,`asi_alias`,`asi_descripcion`,`asi_usuario_ingreso`,`asi_usuario_modifica`,`asi_estado`,`asi_fecha_creacion`,`asi_fecha_modificacion`,`asi_estado_logico`) VALUES (439,1,1,'Contabilidad Avanzada I','contabilidad_avanzada_l','Contabilidad Avanzada I',1,NULL,'1','2020-07-03 11:13:13',NULL,'1');
INSERT INTO db_academico.asignatura (`asi_id`,`scon_id`,`uaca_id`,`asi_nombre`,`asi_alias`,`asi_descripcion`,`asi_usuario_ingreso`,`asi_usuario_modifica`,`asi_estado`,`asi_fecha_creacion`,`asi_fecha_modificacion`,`asi_estado_logico`) VALUES (440,1,1,'Finanzas Corporativas II','finanzas_corporativas_ll','Finanzas Corporativas II',1,NULL,'1','2020-07-03 11:13:13',NULL,'1');
INSERT INTO db_academico.asignatura (`asi_id`,`scon_id`,`uaca_id`,`asi_nombre`,`asi_alias`,`asi_descripcion`,`asi_usuario_ingreso`,`asi_usuario_modifica`,`asi_estado`,`asi_fecha_creacion`,`asi_fecha_modificacion`,`asi_estado_logico`) VALUES (441,1,1,'Normativa de Intercambio Comercial','normativa_intercambio_comercial','Normativa de Intercambio Comercial',1,NULL,'1','2020-07-03 11:13:13',NULL,'1');
INSERT INTO db_academico.asignatura (`asi_id`,`scon_id`,`uaca_id`,`asi_nombre`,`asi_alias`,`asi_descripcion`,`asi_usuario_ingreso`,`asi_usuario_modifica`,`asi_estado`,`asi_fecha_creacion`,`asi_fecha_modificacion`,`asi_estado_logico`) VALUES (442,1,1,'Transporte Internacional','transporte_internacional','Transporte Internacional',1,NULL,'1','2020-07-03 11:13:13',NULL,'1');
INSERT INTO db_academico.asignatura (`asi_id`,`scon_id`,`uaca_id`,`asi_nombre`,`asi_alias`,`asi_descripcion`,`asi_usuario_ingreso`,`asi_usuario_modifica`,`asi_estado`,`asi_fecha_creacion`,`asi_fecha_modificacion`,`asi_estado_logico`) VALUES (443,1,1,'Nomenclatura Arancelaria','nomenclatura_arancelaria','Nomenclatura Arancelaria',1,NULL,'1','2020-07-03 11:13:13',NULL,'1');
INSERT INTO db_academico.asignatura (`asi_id`,`scon_id`,`uaca_id`,`asi_nombre`,`asi_alias`,`asi_descripcion`,`asi_usuario_ingreso`,`asi_usuario_modifica`,`asi_estado`,`asi_fecha_creacion`,`asi_fecha_modificacion`,`asi_estado_logico`) VALUES (444,1,1,'Distribucion Fisica Internacional II','distribucion_fisica_internacional ','Distribucion Fisica Internacional II',1,NULL,'1','2020-07-03 11:13:13',NULL,'1');
INSERT INTO db_academico.asignatura (`asi_id`,`scon_id`,`uaca_id`,`asi_nombre`,`asi_alias`,`asi_descripcion`,`asi_usuario_ingreso`,`asi_usuario_modifica`,`asi_estado`,`asi_fecha_creacion`,`asi_fecha_modificacion`,`asi_estado_logico`) VALUES (445,1,1,'Creditos Documentarios','creditos_documentarios','Creditos Documentarios',1,NULL,'1','2020-07-03 11:13:13',NULL,'1');
INSERT INTO db_academico.asignatura (`asi_id`,`scon_id`,`uaca_id`,`asi_nombre`,`asi_alias`,`asi_descripcion`,`asi_usuario_ingreso`,`asi_usuario_modifica`,`asi_estado`,`asi_fecha_creacion`,`asi_fecha_modificacion`,`asi_estado_logico`) VALUES (446,1,1,'Gestión Ambiental','gestión_ambiental','Gestión Ambiental',1,NULL,'1','2020-07-03 11:13:13',NULL,'1');
INSERT INTO db_academico.asignatura (`asi_id`,`scon_id`,`uaca_id`,`asi_nombre`,`asi_alias`,`asi_descripcion`,`asi_usuario_ingreso`,`asi_usuario_modifica`,`asi_estado`,`asi_fecha_creacion`,`asi_fecha_modificacion`,`asi_estado_logico`) VALUES (447,1,1,'Puertos','puertos','Puertos',1,NULL,'1','2020-07-03 11:13:13',NULL,'1');
INSERT INTO db_academico.asignatura (`asi_id`,`scon_id`,`uaca_id`,`asi_nombre`,`asi_alias`,`asi_descripcion`,`asi_usuario_ingreso`,`asi_usuario_modifica`,`asi_estado`,`asi_fecha_creacion`,`asi_fecha_modificacion`,`asi_estado_logico`) VALUES (448,1,1,'Ingles Tecnico I','ingles_tecnico_l','Ingles Tecnico I',1,NULL,'1','2020-07-03 11:13:13',NULL,'1');
INSERT INTO db_academico.asignatura (`asi_id`,`scon_id`,`uaca_id`,`asi_nombre`,`asi_alias`,`asi_descripcion`,`asi_usuario_ingreso`,`asi_usuario_modifica`,`asi_estado`,`asi_fecha_creacion`,`asi_fecha_modificacion`,`asi_estado_logico`) VALUES (449,1,1,'Operaciones Portuarias','operaciones_portuarias','Operaciones Portuarias',1,NULL,'1','2020-07-03 11:13:13',NULL,'1');
INSERT INTO db_academico.asignatura (`asi_id`,`scon_id`,`uaca_id`,`asi_nombre`,`asi_alias`,`asi_descripcion`,`asi_usuario_ingreso`,`asi_usuario_modifica`,`asi_estado`,`asi_fecha_creacion`,`asi_fecha_modificacion`,`asi_estado_logico`) VALUES (450,1,1,'Regulacion de Modos de Transporte','regulacion_modos_transporte','Regulacion de Modos de Transporte',1,NULL,'1','2020-07-03 11:13:13',NULL,'1');
INSERT INTO db_academico.asignatura (`asi_id`,`scon_id`,`uaca_id`,`asi_nombre`,`asi_alias`,`asi_descripcion`,`asi_usuario_ingreso`,`asi_usuario_modifica`,`asi_estado`,`asi_fecha_creacion`,`asi_fecha_modificacion`,`asi_estado_logico`) VALUES (451,1,1,'Fundamentos Historicos y Espistemologicos','fundamentos_historicos_espistemologicos','Fundamentos Historicos y Espistemologicos',1,NULL,'1','2020-07-03 11:13:13',NULL,'1');
INSERT INTO db_academico.asignatura (`asi_id`,`scon_id`,`uaca_id`,`asi_nombre`,`asi_alias`,`asi_descripcion`,`asi_usuario_ingreso`,`asi_usuario_modifica`,`asi_estado`,`asi_fecha_creacion`,`asi_fecha_modificacion`,`asi_estado_logico`) VALUES (452,1,1,'Fundamentos Biologicos de la Psicologia','fundamentos_biologicos_psicologia','Fundamentos Biologicos de la Psicologia',1,NULL,'1','2020-07-03 11:13:13',NULL,'1');
INSERT INTO db_academico.asignatura (`asi_id`,`scon_id`,`uaca_id`,`asi_nombre`,`asi_alias`,`asi_descripcion`,`asi_usuario_ingreso`,`asi_usuario_modifica`,`asi_estado`,`asi_fecha_creacion`,`asi_fecha_modificacion`,`asi_estado_logico`) VALUES (453,1,1,'Antropologia Cultural Ecuatoriana','antropologia_cultural_Ecuatoriana','Antropologia Cultural Ecuatoriana',1,NULL,'1','2020-07-03 11:13:13',NULL,'1');
INSERT INTO db_academico.asignatura (`asi_id`,`scon_id`,`uaca_id`,`asi_nombre`,`asi_alias`,`asi_descripcion`,`asi_usuario_ingreso`,`asi_usuario_modifica`,`asi_estado`,`asi_fecha_creacion`,`asi_fecha_modificacion`,`asi_estado_logico`) VALUES (454,1,1,'Estadisticas Aplicadas','estadisticas_aplicadas','Estadisticas Aplicadas',1,NULL,'1','2020-07-03 11:13:14',NULL,'1');
INSERT INTO db_academico.asignatura (`asi_id`,`scon_id`,`uaca_id`,`asi_nombre`,`asi_alias`,`asi_descripcion`,`asi_usuario_ingreso`,`asi_usuario_modifica`,`asi_estado`,`asi_fecha_creacion`,`asi_fecha_modificacion`,`asi_estado_logico`) VALUES (455,1,1,'Neuropsicologia','neuropsicologia','Neuropsicologia',1,NULL,'1','2020-07-03 11:13:14',NULL,'1');
INSERT INTO db_academico.asignatura (`asi_id`,`scon_id`,`uaca_id`,`asi_nombre`,`asi_alias`,`asi_descripcion`,`asi_usuario_ingreso`,`asi_usuario_modifica`,`asi_estado`,`asi_fecha_creacion`,`asi_fecha_modificacion`,`asi_estado_logico`) VALUES (456,1,1,'Estadística Aplicada II','estadística_aplicada_ll','Estadística Aplicada II',1,NULL,'1','2020-07-03 11:13:14',NULL,'1');
INSERT INTO db_academico.asignatura (`asi_id`,`scon_id`,`uaca_id`,`asi_nombre`,`asi_alias`,`asi_descripcion`,`asi_usuario_ingreso`,`asi_usuario_modifica`,`asi_estado`,`asi_fecha_creacion`,`asi_fecha_modificacion`,`asi_estado_logico`) VALUES (457,1,1,'Psicologia del Desarrollo I','psicologia_desarrollo _l','Psicologia del Desarrollo I',1,NULL,'1','2020-07-03 11:13:14',NULL,'1');
INSERT INTO db_academico.asignatura (`asi_id`,`scon_id`,`uaca_id`,`asi_nombre`,`asi_alias`,`asi_descripcion`,`asi_usuario_ingreso`,`asi_usuario_modifica`,`asi_estado`,`asi_fecha_creacion`,`asi_fecha_modificacion`,`asi_estado_logico`) VALUES (458,1,1,'Economia','economia','Economia',1,NULL,'1','2020-07-03 11:13:14',NULL,'1');
INSERT INTO db_academico.asignatura (`asi_id`,`scon_id`,`uaca_id`,`asi_nombre`,`asi_alias`,`asi_descripcion`,`asi_usuario_ingreso`,`asi_usuario_modifica`,`asi_estado`,`asi_fecha_creacion`,`asi_fecha_modificacion`,`asi_estado_logico`) VALUES (459,1,1,'Psicopatologia General','psicopatologia_general','Psicopatologia General',1,NULL,'1','2020-07-03 11:13:14',NULL,'1');
INSERT INTO db_academico.asignatura (`asi_id`,`scon_id`,`uaca_id`,`asi_nombre`,`asi_alias`,`asi_descripcion`,`asi_usuario_ingreso`,`asi_usuario_modifica`,`asi_estado`,`asi_fecha_creacion`,`asi_fecha_modificacion`,`asi_estado_logico`) VALUES (460,1,1,'Evaluacion Psicologia I','evaluacion_psicologia','Evaluacion Psicologia I',1,NULL,'1','2020-07-03 11:13:14',NULL,'1');
INSERT INTO db_academico.asignatura (`asi_id`,`scon_id`,`uaca_id`,`asi_nombre`,`asi_alias`,`asi_descripcion`,`asi_usuario_ingreso`,`asi_usuario_modifica`,`asi_estado`,`asi_fecha_creacion`,`asi_fecha_modificacion`,`asi_estado_logico`) VALUES (461,1,1,'Conduccion de Grupos','conduccion_grupos','Conduccion de Grupos',1,NULL,'1','2020-07-03 11:13:14',NULL,'1');
INSERT INTO db_academico.asignatura (`asi_id`,`scon_id`,`uaca_id`,`asi_nombre`,`asi_alias`,`asi_descripcion`,`asi_usuario_ingreso`,`asi_usuario_modifica`,`asi_estado`,`asi_fecha_creacion`,`asi_fecha_modificacion`,`asi_estado_logico`) VALUES (462,1,1,'Fundamentos de Diseño','fundamentos_diseño','Fundamentos de Diseño',1,NULL,'1','2020-07-03 11:13:14',NULL,'1');
INSERT INTO db_academico.asignatura (`asi_id`,`scon_id`,`uaca_id`,`asi_nombre`,`asi_alias`,`asi_descripcion`,`asi_usuario_ingreso`,`asi_usuario_modifica`,`asi_estado`,`asi_fecha_creacion`,`asi_fecha_modificacion`,`asi_estado_logico`) VALUES (463,1,1,'Desarrollo Web I','desarrollo_web_l','Desarrollo Web I',1,NULL,'1','2020-07-03 11:13:14',NULL,'1');
INSERT INTO db_academico.asignatura (`asi_id`,`scon_id`,`uaca_id`,`asi_nombre`,`asi_alias`,`asi_descripcion`,`asi_usuario_ingreso`,`asi_usuario_modifica`,`asi_estado`,`asi_fecha_creacion`,`asi_fecha_modificacion`,`asi_estado_logico`) VALUES (464,1,1,'Desarrollo Multimedia I','desarrollo_multimedia_l','Desarrollo Multimedia I',1,NULL,'1','2020-07-03 11:13:14',NULL,'1');
INSERT INTO db_academico.asignatura (`asi_id`,`scon_id`,`uaca_id`,`asi_nombre`,`asi_alias`,`asi_descripcion`,`asi_usuario_ingreso`,`asi_usuario_modifica`,`asi_estado`,`asi_fecha_creacion`,`asi_fecha_modificacion`,`asi_estado_logico`) VALUES (465,1,1,'Desarrollo Web II','desarrollo_web_ll','Desarrollo Web II',1,NULL,'1','2020-07-03 11:13:14',NULL,'1');
INSERT INTO db_academico.asignatura (`asi_id`,`scon_id`,`uaca_id`,`asi_nombre`,`asi_alias`,`asi_descripcion`,`asi_usuario_ingreso`,`asi_usuario_modifica`,`asi_estado`,`asi_fecha_creacion`,`asi_fecha_modificacion`,`asi_estado_logico`) VALUES (466,1,1,'Desarrollo Multimedia II','desarrollo_multimedia_ll','Desarrollo Multimedia II',1,NULL,'1','2020-07-03 11:13:14',NULL,'1');
INSERT INTO db_academico.asignatura (`asi_id`,`scon_id`,`uaca_id`,`asi_nombre`,`asi_alias`,`asi_descripcion`,`asi_usuario_ingreso`,`asi_usuario_modifica`,`asi_estado`,`asi_fecha_creacion`,`asi_fecha_modificacion`,`asi_estado_logico`) VALUES (467,1,1,'Interaccion Hombre Maquina','interaccion_hombre_maquina','Interaccion Hombre Maquina',1,NULL,'1','2020-07-03 11:13:14',NULL,'1');
INSERT INTO db_academico.asignatura (`asi_id`,`scon_id`,`uaca_id`,`asi_nombre`,`asi_alias`,`asi_descripcion`,`asi_usuario_ingreso`,`asi_usuario_modifica`,`asi_estado`,`asi_fecha_creacion`,`asi_fecha_modificacion`,`asi_estado_logico`) VALUES (468,1,1,'Configuración y Programación de Redes','configuración_programación_redes','Configuración y Programación de Redes',1,NULL,'1','2020-07-03 21:02:31',NULL,'1');
INSERT INTO db_academico.asignatura (`asi_id`,`scon_id`,`uaca_id`,`asi_nombre`,`asi_alias`,`asi_descripcion`,`asi_usuario_ingreso`,`asi_usuario_modifica`,`asi_estado`,`asi_fecha_creacion`,`asi_fecha_modificacion`,`asi_estado_logico`) VALUES (469,1,1,'Logística y Transporte Internacional','logística_transporte_internacional','Logística y Transporte Internacional',1,NULL,'1','2020-07-03 21:02:31',NULL,'1');
INSERT INTO db_academico.asignatura (`asi_id`,`scon_id`,`uaca_id`,`asi_nombre`,`asi_alias`,`asi_descripcion`,`asi_usuario_ingreso`,`asi_usuario_modifica`,`asi_estado`,`asi_fecha_creacion`,`asi_fecha_modificacion`,`asi_estado_logico`) VALUES (470,1,1,'Historia del Ecuador','historia_Ecuador','Historia del Ecuador',1,NULL,'1','2020-07-06 21:02:31',NULL,'1');
INSERT INTO db_academico.asignatura (`asi_id`,`scon_id`,`uaca_id`,`asi_nombre`,`asi_alias`,`asi_descripcion`,`asi_usuario_ingreso`,`asi_usuario_modifica`,`asi_estado`,`asi_fecha_creacion`,`asi_fecha_modificacion`,`asi_estado_logico`) VALUES (471,1,1,'Interculturalidad, culturas ancestrales y género','interculturalidad_culturas_ancestrales_genero','Interculturalidad, culturas ancestrales y génerodel Ecuador',1,NULL,'1','2020-07-06 21:02:31',NULL,'1');
INSERT INTO db_academico.asignatura (`asi_id`,`scon_id`,`uaca_id`,`asi_nombre`,`asi_alias`,`asi_descripcion`,`asi_usuario_ingreso`,`asi_usuario_modifica`,`asi_estado`,`asi_fecha_creacion`,`asi_fecha_modificacion`,`asi_estado_logico`) VALUES (472,1,1,'Desarrollo de Infraestructura Turística','desarrollo_infraestructura_turistica','Desarrollo de Infraestructura Turística',1,NULL,'1','2020-07-06 21:02:31',NULL,'1');
INSERT INTO db_academico.asignatura (`asi_id`,`scon_id`,`uaca_id`,`asi_nombre`,`asi_alias`,`asi_descripcion`,`asi_usuario_ingreso`,`asi_usuario_modifica`,`asi_estado`,`asi_fecha_creacion`,`asi_fecha_modificacion`,`asi_estado_logico`) VALUES (473,1,1,'Patrimonio Universal','patrimonio_universal','Patrimonio Universal',1,NULL,'1','2020-07-06 21:02:31',NULL,'1');
INSERT INTO db_academico.asignatura (`asi_id`,`scon_id`,`uaca_id`,`asi_nombre`,`asi_alias`,`asi_descripcion`,`asi_usuario_ingreso`,`asi_usuario_modifica`,`asi_estado`,`asi_fecha_creacion`,`asi_fecha_modificacion`,`asi_estado_logico`) VALUES (474,1,1,'Epistemología de la Economía','epistemologia_economia','Epistemología de la Economía',1,NULL,'1','2020-07-06 21:02:31',NULL,'1');
INSERT INTO db_academico.asignatura (`asi_id`,`scon_id`,`uaca_id`,`asi_nombre`,`asi_alias`,`asi_descripcion`,`asi_usuario_ingreso`,`asi_usuario_modifica`,`asi_estado`,`asi_fecha_creacion`,`asi_fecha_modificacion`,`asi_estado_logico`) VALUES (475,1,1,'Epistemología de las Finanzas','epistemologia_finanzas','Epistemología de las Finanzas',1,NULL,'1','2020-07-06 21:02:31',NULL,'1');
INSERT INTO db_academico.asignatura (`asi_id`,`scon_id`,`uaca_id`,`asi_nombre`,`asi_alias`,`asi_descripcion`,`asi_usuario_ingreso`,`asi_usuario_modifica`,`asi_estado`,`asi_fecha_creacion`,`asi_fecha_modificacion`,`asi_estado_logico`) VALUES (476,1,1,'Integración de Cadenas Productivas','integracion_cadenas_productivas','Integración de Cadenas Productivas',1,NULL,'1','2020-07-07 10:25:39',NULL,'1');
INSERT INTO db_academico.asignatura (`asi_id`,`scon_id`,`uaca_id`,`asi_nombre`,`asi_alias`,`asi_descripcion`,`asi_usuario_ingreso`,`asi_usuario_modifica`,`asi_estado`,`asi_fecha_creacion`,`asi_fecha_modificacion`,`asi_estado_logico`) VALUES (477,1,1,'Gestión de Calidad','gestion_calidad','Gestión de Calidad',1,NULL,'1','2020-07-07 10:25:39',NULL,'1');
INSERT INTO db_academico.asignatura (`asi_id`,`scon_id`,`uaca_id`,`asi_nombre`,`asi_alias`,`asi_descripcion`,`asi_usuario_ingreso`,`asi_usuario_modifica`,`asi_estado`,`asi_fecha_creacion`,`asi_fecha_modificacion`,`asi_estado_logico`) VALUES (478,1,1,'Modelación de los Escenarios Económicos','modelacion_escenarios_económicos','Modelación de los Escenarios Económicos',1,NULL,'1','2020-07-07 10:25:39',NULL,'1');
INSERT INTO db_academico.asignatura (`asi_id`,`scon_id`,`uaca_id`,`asi_nombre`,`asi_alias`,`asi_descripcion`,`asi_usuario_ingreso`,`asi_usuario_modifica`,`asi_estado`,`asi_fecha_creacion`,`asi_fecha_modificacion`,`asi_estado_logico`) VALUES (479,1,1,'Contabilidad de Costo','contabilidad_costo','Contabilidad de Costo',1,NULL,'1','2020-07-07 16:55:00',NULL,'1');

INSERT INTO db_academico.asignatura (`asi_id`,`scon_id`,`uaca_id`,`asi_nombre`,`asi_alias`,`asi_descripcion`,`asi_usuario_ingreso`,`asi_usuario_modifica`,`asi_estado`,`asi_fecha_creacion`,`asi_fecha_modificacion`,`asi_estado_logico`) VALUES (480,1,1,'Comercio Electrónico','comercio_electronico','Comercio Electrónico',1,NULL,'1','2020-08-17 14:15:00',NULL,'1');
INSERT INTO db_academico.asignatura (`asi_id`,`scon_id`,`uaca_id`,`asi_nombre`,`asi_alias`,`asi_descripcion`,`asi_usuario_ingreso`,`asi_usuario_modifica`,`asi_estado`,`asi_fecha_creacion`,`asi_fecha_modificacion`,`asi_estado_logico`) VALUES (481,1,1,'Marketing Internacional','marketing_internacional','Marketing Internacional',1,NULL,'1','2020-08-17 14:15:00',NULL,'1');
INSERT INTO db_academico.asignatura (`asi_id`,`scon_id`,`uaca_id`,`asi_nombre`,`asi_alias`,`asi_descripcion`,`asi_usuario_ingreso`,`asi_usuario_modifica`,`asi_estado`,`asi_fecha_creacion`,`asi_fecha_modificacion`,`asi_estado_logico`) VALUES (482,1,1,'Gerencia de Marketing','gerencia_de_marketing','Gerencia de Marketing',1,NULL,'1','2020-08-17 14:15:00',NULL,'1');

INSERT INTO db_academico.`asignatura` (`asi_id`, `scon_id`, `uaca_id`, `asi_nombre`, `asi_descripcion`, `asi_usuario_ingreso`, `asi_estado`, `asi_estado_logico`) VALUES
(483, 1, 1, 'Econometría I', 'Econometría I', 1, '1', '1'),
(484, 1, 1, 'Econometría II', 'Econometría II', 1, '1', '1'),
(485, 1, 1, 'Historia Económica y Política del Ecuador', 'Historia Económica y Política del Ecuador', 1, '1', '1'),	
(486, 1, 1, 'Responsabilidad Social y Empresarial', 'Responsabilidad Social y Empresarial', 1, '1', '1'),	
(487, 1, 1, 'Tributación', 'Tributación', 1, '1', '1'),	
(488, 1, 1, 'Economía Ambiental', 'Economía Ambiental', 1, '1', '1'),	
(489, 1, 1, 'Derecho Económico', 'Derecho Económico', 1, '1', '1'),	
(490, 1, 1, 'Teoría Monetaria Internacional', 'Teoría Monetaria Internacional', 1, '1', '1'),	
(491, 1, 1, 'Practicas Pre Profesionales II', 'Practicas Pre Profesionales II', 1, '1', '1'),	
(492, 1, 1, 'Política Económica y Fiscal', 'Política Económica y Fiscal', 1, '1', '1'),	
(493, 1, 1, 'Introducción al Trabajo de Titulación', 'Introducción al Trabajo de Titulación', 1, '1', '1'),	
(494, 1, 1, 'Liderazgo y Habilidades Gerenciales', 'Liderazgo y Habilidades Gerenciales', 1, '1', '1'),	
(495, 1, 1, 'Practicas Pre Profesionales III (Vinculación)', 'Practicas Pre Profesionales III (Vinculación)', 1, '1', '1'),	
(496, 1, 1, 'Modelos Econométricos', 'Modelos Econométricos', 1, '1', '1'),	
(497, 1, 1, 'Trabajo de Titulación I', 'Trabajo de Titulación I', 1, '1', '1'),	
(498, 1, 1, 'Trabajo de Titulación II', 'Trabajo de Titulación II', 1, '1', '1'),	
(499, 1, 1, 'Fundamentos para Software Aplicados', 'Fundamentos para Software Aplicados', 1, '1', '1'),	
(500, 1, 1, 'Practicas Pre Profesionales -Vinculación I', 'Practicas Pre Profesionales -Vinculación I', 1, '1', '1'),	
(501, 1, 1, 'Derecho Mercantil', 'Derecho Mercantil', 1, '1', '1'),	
(502, 1, 1, 'Gerencia Financiera', 'Gerencia Financiera', 1, '1', '1'),	
(503, 1, 1, 'Auditoria tributaria', 'Auditoria tributaria', 1, '1', '1'),	
(504, 1, 1, 'Practicas Pre Profesionales-Vinculación II', 'Practicas Pre Profesionales-Vinculación II', 1, '1', '1'),	
(505, 1, 1, 'Adm del Riesgo', 'Adm del Riesgo', 1, '1', '1'),	
(506, 1, 1, 'Derecho', 'Derecho', 1, '1', '1'),	
(507, 1, 1, 'Sociología del Turismo', 'Sociología del Turismo', 1, '1', '1'),	
(508, 1, 1, 'Practicas Pre Profesionales', 'Practicas Pre Profesionales', 1, '1', '1'),	
(509, 1, 1, 'Patrimonio Natural del Ecuador', 'Patrimonio Natural del Ecuador', 1, '1', '1'),	
(510, 1, 1, 'Asistencia de Grupos Turísticos', 'Asistencia de Grupos Turísticos', 1, '1', '1'),	
(511, 1, 1, 'Gestión Hotelera', 'Gestión Hotelera', 1, '1', '1'),	
(512, 1, 1, 'Agencia de Viajes', 'Agencia de Viajes', 1, '1', '1'),	
(513, 1, 1, 'Eventos y Convenciones', 'Eventos y Convenciones', 1, '1', '1'),	
(514, 1, 1, 'Tendencias Tecnológicas del Turismo', 'Tendencias Tecnológicas del Turismo', 1, '1', '1'),	
(515, 1, 1, 'Técnicas de Operaciones Turísticas', 'Técnicas de Operaciones Turísticas', 1, '1', '1'),	
(516, 1, 1, 'Técnicas Culinarias', 'Técnicas Culinarias', 1, '1', '1'),	
(517, 1, 1, 'Gastronomía', 'Gastronomía', 1, '1', '1'),	
(518, 1, 1, 'Planeación Estratégica Sostenible', 'Planeación Estratégica Sostenible', 1, '1', '1'),	
(519, 1, 1, 'Transporte Turístico', 'Transporte Turístico', 1, '1', '1'),	
(520, 1, 1, 'Contabilidad de Costos I', 'Contabilidad de Costos I', 1, '1', '1'),	
(521, 1, 1, 'Contabilidad de Costos II', 'Contabilidad de Costos II', 1, '1', '1'),	
(522, 1, 1, 'Gestión de Talento Humano', 'Gestión de Talento Humano', 1, '1', '1'),	
(523, 1, 1, 'Auditoria Financiera', 'Auditoria Financiera', 1, '1', '1'),	
(524, 1, 1, 'Contabilidad Superior I', 'Contabilidad Superior I', 1, '1', '1'),	
(525, 1, 1, 'Gestión Practica y Tributaria', 'Gestión Practica y Tributaria', 1, '1', '1'),	
(526, 1, 1, 'Gestión de Costos', 'Gestión de Costos', 1, '1', '1'),	
(527, 1, 1, 'Contabilidad Superior II', 'Contabilidad Superior II', 1, '1', '1'),	
(528, 1, 1, 'Responsabilidad Social', 'Responsabilidad Social', 1, '1', '1'),	
(529, 1, 1, 'Auditoría Ambiental', 'Auditoría Ambiental', 1, '1', '1'),	
(530, 1, 1, 'Contabilidad Gubernamental', 'Contabilidad Gubernamental', 1, '1', '1'),	
(531, 1, 1, 'Contabilidad Especiales', 'Contabilidad Especiales', 1, '1', '1'),	
(532, 1, 1, 'Auditoria Forense', 'Auditoria Forense', 1, '1', '1'),	
(533, 1, 1, 'Gestión de la Cadena de Suministros Csm', 'Gestión de la Cadena de Suministros Csm', 1, '1', '1'),	
(534, 1, 1, 'Gerencia de Producción', 'Gerencia de Producción', 1, '1', '1'),	
(535, 1, 1, 'Simulación de Negocios', 'Simulación de Negocios', 1, '1', '1'),	
(536, 1, 1, 'Elaboración y Evaluación de Proyectos', 'Elaboración y Evaluación de Proyectos', 1, '1', '1'),	
(537, 1, 1, 'Sistema de Información Gerencial', 'Sistema de Información Gerencial', 1, '1', '1'),	
(538, 1, 1, 'Desarrollo y Administración de Nuevos Productos', 'Desarrollo y Administración de Nuevos Productos', 1, '1', '1'),	
(539, 1, 1, 'Mercado de Valores', 'Mercado de Valores', 1, '1', '1'),	
(540, 1, 1, 'Marco Legal de la Mercadotecnia', 'Marco Legal de la Mercadotecnia', 1, '1', '1'),	
(541, 1, 1, 'Plan de Marketing', 'Plan de Marketing', 1, '1', '1'),	
(542, 1, 1, 'Marketing Digital', 'Marketing Digital', 1, '1', '1'),	
(543, 1, 1, 'Políticas de Precio y Producto', 'Políticas de Precio y Producto', 1, '1', '1'),	
(544, 1, 1, 'Logística y Distribución', 'Logística y Distribución', 1, '1', '1'),	
(545, 1, 1, 'Publicidad y Promoción', 'Publicidad y Promoción', 1, '1', '1'),	
(546, 1, 1, 'Marketing de Servicios', 'Marketing de Servicios', 1, '1', '1'),	
(547, 1, 1, 'Relaciones Publicas y Marketing Directo', 'Relaciones Publicas y Marketing Directo', 1, '1', '1'),	
(548, 1, 1, 'Creatividad e Innovación', 'Creatividad e Innovación', 1, '1', '1'),	
(549, 1, 1, 'Administración de Sueldos y Compensaciones', 'Administración de Sueldos y Compensaciones', 1, '1', '1'),	
(550, 1, 1, 'Psicología Aplicada al Talento Humano', 'Psicología Aplicada al Talento Humano', 1, '1', '1'),	
(551, 1, 1, 'Diagnostico Organizacional', 'Diagnostico Organizacional', 1, '1', '1'),	
(552, 1, 1, 'Nomina', 'Nomina', 1, '1', '1'),	
(553, 1, 1, 'Psicología del Desarrollo', 'Psicología del Desarrollo', 1, '1', '1'),	
(554, 1, 1, 'Seguridad y Salud Ocupacional', 'Seguridad y Salud Ocupacional', 1, '1', '1'),	
(555, 1, 1, 'Diseño y Evaluación de Puestos', 'Diseño y Evaluación de Puestos', 1, '1', '1'),	
(556, 1, 1, 'Dinámica de Grupos y Trabajo en Equipo', 'Dinámica de Grupos y Trabajo en Equipo', 1, '1', '1'),	
(557, 1, 1, 'Gestión de Competencias', 'Gestión de Competencias', 1, '1', '1'),	
(558, 1, 1, 'Auditoria de la Gestión del Talento Humano', 'Auditoria de la Gestión del Talento Humano', 1, '1', '1'),	
(559, 1, 1, 'Programación Neurolingüística Pnl', 'Programación Neurolingüística Pnl', 1, '1', '1'),	
(560, 1, 1, 'Gestión de Conflictos y Negociación', 'Gestión de Conflictos y Negociación', 1, '1', '1'),	
(561, 1, 1, 'Derecho Internacional', 'Derecho Internacional', 1, '1', '1'),	
(562, 1, 1, 'Investigación de Mercados Internacionales', 'Investigación de Mercados Internacionales', 1, '1', '1'),	
(563, 1, 1, 'Valoración Aduanera', 'Valoración Aduanera', 1, '1', '1'),	
(564, 1, 1, 'Oferta Exportable del Ecuador', 'Oferta Exportable del Ecuador', 1, '1', '1'),	
(565, 1, 1, 'Merceologia', 'Merceologia', 1, '1', '1'),	
(566, 1, 1, 'Distribución Física Internacional', 'Distribución Física Internacional', 1, '1', '1'),	
(567, 1, 1, 'Diplomacia Internacional', 'Diplomacia Internacional', 1, '1', '1'),	
(568, 1, 1, 'Negociación Internacional', 'Negociación Internacional', 1, '1', '1'),	
(569, 1, 1, 'Normas Internacionales de Calidad', 'Normas Internacionales de Calidad', 1, '1', '1'),	
(570, 1, 1, 'Sistemas Aduaneros', 'Sistemas Aduaneros', 1, '1', '1'),	
(571, 1, 1, 'Química General', 'Química General', 1, '1', '1'),	
(572, 1, 1, 'Epistemología de Las Ciencias', 'Epistemología de Las Ciencias', 1, '1', '1'),	
(573, 1, 1, 'Calculo Integral', 'Calculo Integral', 1, '1', '1'),	
(574, 1, 1, 'Cálculo de Varias Variables', 'Cálculo de Varias Variables', 1, '1', '1'),	
(575, 1, 1, 'Mecánica General', 'Mecánica General', 1, '1', '1'),	
(576, 1, 1, 'Estadísticas II Sistemas Lineales', 'Estadísticas II Sistemas Lineales', 1, '1', '1'),	
(577, 1, 1, 'Transporte Terrestre', 'Transporte Terrestre', 1, '1', '1'),	
(578, 1, 1, 'Laboratorio de Electrónica', 'Laboratorio de Electrónica', 1, '1', '1'),	
(579, 1, 1, 'Metodología de la Investigación Científica', 'Metodología de la Investigación Científica', 1, '1', '1'),	
(580, 1, 1, 'Sistema de Transporte Multimodal Internacional', 'Sistema de Transporte Multimodal Internacional', 1, '1', '1'),	
(581, 1, 1, 'Gestión de Medios de Transporte', 'Gestión de Medios de Transporte', 1, '1', '1'),	
(582, 1, 1, 'Seguridad en Redes y Sistemas para la Logística y Transporte', 'Seguridad en Redes y Sistemas para la Logística y Transporte', 1, '1', '1'),	
(583, 1, 1, 'Logística de Mantenimiento', 'Logística de Mantenimiento', 1, '1', '1'),	
(584, 1, 1, 'Liderazgo y Habilidades de Negociación', 'Liderazgo y Habilidades de Negociación', 1, '1', '1'),	
(585, 1, 1, 'Gestión de Proyectos', 'Gestión de Proyectos', 1, '1', '1'),	
(586, 1, 1, 'Gestión Vial y Concesiones', 'Gestión Vial y Concesiones', 1, '1', '1'),	
(587, 1, 1, 'Practicas Pre Profesionales III y Vinculación', 'Practicas Pre Profesionales III y Vinculación', 1, '1', '1'),	
(588, 1, 1, 'Seguridad del Transporte y la Logística', 'Seguridad del Transporte y la Logística', 1, '1', '1'),	
(589, 1, 1, 'Transporte Marítimo', 'Transporte Marítimo', 1, '1', '1'),	
(590, 1, 1, 'Logística de Flujos Internacionales', 'Logística de Flujos Internacionales', 1, '1', '1'),	
(591, 1, 1, 'Derecho Internacional del Transporte', 'Derecho Internacional del Transporte', 1, '1', '1'),	
(592, 1, 1, 'Estadística Matemática I', 'Estadística Matemática I', 1, '1', '1'),	
(593, 1, 1, 'Fundamentos de Marketing', 'Fundamentos de Marketing', 1, '1', '1'),	
(594, 1, 1, 'Estadística Matemática II', 'Estadística Matemática II', 1, '1', '1'),	
(595, 1, 1, 'Base de Datos I', 'Base de Datos I', 1, '1', '1'),	
(596, 1, 1, 'Base de Datos II', 'Base de Datos II', 1, '1', '1'),	
(597, 1, 1, 'Programación en Dispositivos Móviles', 'Programación en Dispositivos Móviles', 1, '1', '1'),	
(598, 1, 1, 'Inteligencia Artificial I', 'Inteligencia Artificial I', 1, '1', '1'),	
(599, 1, 1, 'Redes de Datos I', 'Redes de Datos I', 1, '1', '1'),	
(600, 1, 1, 'Simulación y Validación de Sistemas', 'Simulación y Validación de Sistemas', 1, '1', '1'),	
(601, 1, 1, 'Inteligencia Artificial II', 'Inteligencia Artificial II', 1, '1', '1'),	
(602, 1, 1, 'Diseño y Administración de Redes', 'Diseño y Administración de Redes', 1, '1', '1'),	
(603, 1, 1, 'Desarrollo App', 'Desarrollo App', 1, '1', '1'),	
(604, 1, 1, 'Aplicaciones de Tecnología Web', 'Aplicaciones de Tecnología Web', 1, '1', '1'),	
(605, 1, 1, 'Auditoria Informática', 'Auditoria Informática', 1, '1', '1'),	
(606, 1, 1, 'Tecnologías de Educación Virtual', 'Tecnologías de Educación Virtual', 1, '1', '1'),	
(607, 1, 1, 'Gestión de Proyectos Tecnológicos', 'Gestión de Proyectos Tecnológicos', 1, '1', '1'),	
(608, 1, 1, 'Sistemas de Información Geográfica', 'Sistemas de Información Geográfica', 1, '1', '1'),	
(609, 1, 1, 'Marco Regulatorio de las Telecomunicaciones', 'Marco Regulatorio de las Telecomunicaciones', 1, '1', '1'),	
(610, 1, 1, 'Teoría Electromagnética', 'Teoría Electromagnética', 1, '1', '1'),	
(611, 1, 1, 'Procesos Estocásticos', 'Procesos Estocásticos', 1, '1', '1'),	
(612, 1, 1, 'Electrónica II', 'Electrónica II', 1, '1', '1'),	
(613, 1, 1, 'Sistemas Digitales I', 'Sistemas Digitales I', 1, '1', '1'),	
(614, 1, 1, 'Infraestructura Tecnológica de Un Data Center', 'Infraestructura Tecnológica de Un Data Center', 1, '1', '1'),	
(615, 1, 1, 'Antenas y Propagación', 'Antenas y Propagación', 1, '1', '1'),	
(616, 1, 1, 'Emprendimiento e Innovación Tecnológica', 'Emprendimiento e Innovación Tecnológica', 1, '1', '1'),	
(617, 1, 1, 'Seguridad En Redes y Sistemas', 'Seguridad En Redes y Sistemas', 1, '1', '1'),	
(618, 1, 1, 'Comunicaciones Inalámbricas', 'Comunicaciones Inalámbricas', 1, '1', '1'),	
(619, 1, 1, 'Gestión de Comercio Electrónico', 'Gestión de Comercio Electrónico', 1, '1', '1'),	
(620, 1, 1, 'Televisión Digital', 'Televisión Digital', 1, '1', '1'),	
(621, 1, 1, 'Laboratorio de Telecomunicaciones', 'Laboratorio de Telecomunicaciones', 1, '1', '1'),	
(622, 1, 1, 'Comunicaciones Ópticas', 'Comunicaciones Ópticas', 1, '1', '1');

INSERT INTO `estudio_acad_area_con` (`eaac_id`, `eaca_id`, `mest_id`, `acon_id`, `eaac_estado`, `eaac_fecha_creacion`, `eaac_fecha_modificacion`, `eaac_estado_logico`) VALUES
(1, 1, NULL, 4, '1', '2019-01-16 06:22:45', NULL, '1'),
(2, 2, NULL, 4, '1', '2019-01-16 06:22:45', NULL, '1'),
(3, 3, NULL, 4, '1', '2019-01-16 06:22:45', NULL, '1'),
(4, 4, NULL, 4, '1', '2019-01-16 06:22:45', NULL, '1'),
(5, 5, NULL, 9, '1', '2019-01-16 06:22:45', NULL, '1'),
(6, 6, NULL, 4, '1', '2019-01-16 06:22:45', NULL, '1'),
(7, 7, NULL, 5, '1', '2019-01-16 06:22:45', NULL, '1'),
(8, 8, NULL, 6, '1', '2019-01-16 06:22:45', NULL, '1'),
(9, 9, NULL, 4, '1', '2019-01-16 06:22:45', NULL, '1'),
(10, 10, NULL, 5, '1', '2019-01-16 06:22:45', NULL, '1'),
(11, 11, NULL, 9, '1', '2019-01-16 06:22:45', NULL, '1'),
(12, 13, NULL, 4, '1', '2019-01-16 06:22:45', NULL, '1'),
(13, 12, NULL, 4, '1', '2019-03-27 14:20:45', NULL, '1'),
(14, 14, NULL, 6, '1', '2019-03-27 14:20:45', NULL, '1'),
(15, 15, NULL, 4, '1', '2019-03-27 14:20:45', NULL, '1'),
(16, 16, NULL, 4, '1', '2019-03-27 14:20:45', NULL, '1'),
(17, 17, NULL, 4, '1', '2019-03-27 14:20:45', NULL, '1'),
(18, 18, NULL, 5, '1', '2019-03-27 14:20:45', NULL, '1'),
(19, 19, NULL, 8, '1', '2019-03-27 14:20:45', NULL, '1'),
(20, 20, NULL, 3, '1', '2019-03-27 14:20:45', NULL, '1'),
(21, 21, NULL, 9, '1', '2019-03-27 14:20:45', NULL, '1'),
(22, 22, NULL, 4, '1', '2019-03-27 14:20:45', NULL, '1'),
(23, 23, NULL, 10, '1', '2019-03-27 14:20:45', NULL, '1'),
(24, 24, NULL, 2, '1', '2019-05-27 16:20:45', NULL, '1');


 -- --------------------------------------------------------
--
-- Volcado de datos para la tabla `REGLEMENTO`
--

INSERT INTO `db_academico`.`reglamento` (`reg_id`, `emp_id`, `reg_nombre`, `reg_descripcion`, `reg_archivo`, `reg_usuario_ingreso`, `reg_estado`, `reg_fecha_creacion`, `reg_estado_logico`) VALUES 
('1', '1', 'Bolsa de trabajo', 'Reglamento de bolsa de trabajo', 'reglamento_bolsa_trabajo.pdf', '1', '1', '2021-01-28 10:00:00', '1'),
('2', '1', 'Régimen Académico UTEG', 'Reglamento interno de régimen académico UTEG', 'reglamento_interno_regimen_academico.pdf', '1', '1', '2021-01-28 10:00:00', '1'),
('3', '1', 'Prácticas Preprofesionales y pasantías', 'Reglamentos de prácticas preprofesionales y pasantías', 'reglamentos_practicas_preprofesionales_pasantias.pdf', '1', '1', '2021-01-28 10:00:00', '1'),
('4', '1', 'Vinculación a la Sociedad', 'Reglamento de vinculación con la sociedad', 'reglamento_vinculacion_sociedad.pdf', '1', '1', '2021-01-28 10:00:00', '1'),
('5', '1', 'Unidad de Titulación', 'Reglamento general de titulación de unidad de grado', 'reglemanto_general_unidad_titulacion.pdf', '1', '1', '2021-01-28 10:00:00', '1'),
('6', '1', 'Bienestar Universitario', 'Reglamento de bienestar universitario', 'reglemento_bienestar_universitario.pdf', '1', '1', '2021-01-28 10:00:00', '1'),
('7', '1', 'Centro de Idiomas', 'Reglamento del centro de idiomas UTEG', 'reglemento_centro_idiomas.pdf', '1', '1', '2021-01-28 10:00:00', '1'),
('8', '1', 'Becas', 'Reglamento de becas', 'reglementos_becas.pdf', '1', '1', '2021-01-28 10:00:00', '1');