--
-- Base de datos: `db_captacion_prueba`
--
USE `db_captacion`;

--
-- Volcado de datos para la tabla `interesado`
--

INSERT INTO `interesado` (`int_id`, `per_id`, `int_estado_interesado`, `int_usuario_ingreso`, `int_usuario_modifica`, `int_estado`, `int_fecha_creacion`, `int_fecha_modificacion`, `int_estado_logico`) VALUES
(1, 1001, '0', 1001, NULL, '1', '2017-10-01 08:14:36', '2017-10-11 11:22:45', '1'),
(2, 1002, '0', 1002, NULL, '1', '2017-10-03 12:57:57', '2017-10-12 11:22:27', '1'),
(3, 1003, '0', 1003, NULL, '1', '2017-10-10 05:31:52', '2017-11-29 22:48:09', '1'),
(4, 1004, '0', 1004, NULL, '1', '2017-10-13 15:19:49', '2017-10-14 07:14:02', '1'),
(5, 1005, '0', 1005, NULL, '1', '2017-10-14 11:34:34', '2017-10-15 07:23:17', '1'),
(6, 1006, '0', 1006, NULL, '1', '2017-10-15 01:56:44', '2017-10-15 07:15:17', '1'),
(7, 1007, '1', 1007, NULL, '1', '2017-10-17 06:44:49', NULL, '1'),
(8, 1008, '1', 1008, NULL, '1', '2017-10-18 01:06:04', NULL, '1'),
(9, 1009, '0', 1009, NULL, '1', '2017-10-18 01:26:41', '2017-10-19 06:16:40', '1'),
(10, 1014, '0', 1014, NULL, '1', '2017-10-25 21:45:44', '2018-05-12 03:29:23', '1'),
(11, 1016, '0', 1016, NULL, '1', '2017-10-26 21:21:07', '2017-11-01 05:52:50', '1'),
(12, 1011, '0', 1011, NULL, '1', '2017-10-27 09:16:23', '2018-02-24 03:06:24', '1'),
(13, 1015, '0', 1015, NULL, '1', '2017-11-01 03:11:37', '2017-11-11 00:11:47', '1'),
(14, 1017, '0', 1017, NULL, '1', '2017-11-02 00:29:56', '2017-11-29 20:10:45', '1'),
(15, 1012, '0', 1012, NULL, '1', '2017-11-06 03:49:59', '2017-11-13 20:37:15', '1'),
(16, 1019, '0', 1019, NULL, '1', '2017-11-07 19:54:28', '2017-11-29 02:52:05', '1'),
(17, 1018, '0', 1018, NULL, '1', '2017-11-07 20:31:53', '2017-11-29 20:11:46', '1'),
(18, 1020, '0', 1020, NULL, '1', '2017-11-08 11:10:19', '2017-11-22 22:52:58', '1'),
(19, 1013, '0', 1013, NULL, '1', '2017-11-08 23:54:14', '2018-04-26 20:05:50', '1'),
(20, 1021, '0', 1021, NULL, '1', '2017-11-11 07:26:07', '2017-11-18 21:24:30', '1'),
(21, 1022, '0', 1022, NULL, '1', '2017-11-12 19:38:46', '2017-11-29 20:18:29', '1'),
(22, 1023, '0', 1023, NULL, '1', '2017-11-13 21:21:09', '2017-11-14 02:09:18', '1'),
(23, 1024, '0', 1024, NULL, '1', '2017-11-15 00:06:12', '2017-11-29 02:49:32', '1'),
(24, 1025, '0', 1025, NULL, '1', '2017-11-19 20:09:58', '2017-11-20 19:15:51', '1'),
(25, 1027, '0', 1027, NULL, '1', '2017-11-21 02:50:32', '2017-11-29 19:36:25', '1'),
(26, 1028, '0', 1028, NULL, '1', '2017-11-24 01:50:38', '2018-05-14 20:32:38', '1'),
(27, 1026, '0', 1026, NULL, '1', '2017-12-04 19:28:16', '2018-01-10 22:59:15', '1'),
(28, 1029, '0', 1029, NULL, '1', '2018-01-04 05:44:41', '2018-01-09 21:14:55', '1'),
(29, 1031, '0', 1031, NULL, '1', '2018-01-05 23:16:03', '2018-01-09 02:38:18', '1'),
(30, 1032, '0', 1032, NULL, '1', '2018-01-08 10:44:54', '2018-01-13 19:02:10', '1'),
(31, 1033, '0', 1033, NULL, '1', '2018-01-11 07:26:22', '2018-01-13 01:02:01', '1'),
(32, 1034, '0', 1034, NULL, '1', '2018-01-13 03:11:19', '2018-04-26 20:11:56', '1'),
(33, 1035, '0', 1035, NULL, '1', '2018-01-13 05:11:46', '2018-01-20 03:53:50', '1'),
(34, 1036, '0', 1036, NULL, '1', '2018-01-16 05:18:26', '2018-02-20 02:25:24', '1'),
(35, 1037, '0', 1037, NULL, '1', '2018-01-17 20:10:24', '2018-01-19 19:02:30', '1'),
(36, 1010, '0', 1010, NULL, '1', '2018-01-23 00:29:07', '2018-01-23 03:15:16', '1'),
(37, 1038, '0', 1038, NULL, '1', '2018-01-24 08:10:53', '2018-01-31 00:16:01', '1'),
(38, 1039, '0', 1039, NULL, '1', '2018-01-26 09:05:09', '2018-02-02 03:13:32', '1'),
(39, 1040, '0', 1040, NULL, '1', '2018-01-29 04:08:57', '2018-02-05 22:14:02', '1'),
(40, 1041, '0', 1041, NULL, '1', '2018-01-29 20:32:28', '2018-02-19 21:48:18', '1'),
(41, 1042, '0', 1042, NULL, '1', '2018-01-31 02:01:17', '2018-02-20 02:06:39', '1'),
(42, 1043, '0', 1043, NULL, '1', '2018-02-08 03:05:45', '2018-02-21 00:39:15', '1'),
(43, 1044, '0', 1044, NULL, '1', '2018-02-10 07:55:16', '2018-02-16 03:46:11', '1'),
(44, 1047, '0', 1047, NULL, '1', '2018-02-16 01:31:27', '2018-02-17 02:37:14', '1'),
(45, 1048, '0', 1048, NULL, '1', '2018-02-17 07:47:38', '2018-02-19 21:40:50', '1'),
(46, 1049, '0', 1049, NULL, '1', '2018-02-19 22:27:34', '2018-02-20 20:28:10', '1'),
(47, 1046, '0', 1046, NULL, '1', '2018-02-20 04:02:16', '2018-02-20 20:59:56', '1'),
(48, 1051, '0', 1051, NULL, '1', '2018-02-20 05:30:26', '2018-02-21 00:15:14', '1'),
(49, 1052, '0', 1052, NULL, '1', '2018-02-22 20:46:36', '2018-02-25 21:25:46', '1'),
(50, 1050, '0', 1050, NULL, '1', '2018-02-28 02:48:01', '2018-03-06 00:15:46', '1'),
(51, 1054, '0', 1054, NULL, '1', '2018-03-02 03:45:13', '2018-03-02 19:41:19', '1'),
(52, 1053, '0', 1053, NULL, '1', '2018-03-02 04:18:25', '2018-03-03 00:40:23', '1'),
(53, 1055, '0', 1055, NULL, '1', '2018-03-05 09:02:58', '2018-03-06 18:35:02', '1'),
(54, 1056, '0', 1056, NULL, '1', '2018-03-06 22:42:39', '2018-03-13 19:07:15', '1'),
(55, 1058, '0', 1058, NULL, '1', '2018-03-08 21:02:15', '2018-03-09 19:23:10', '1'),
(56, 1059, '0', 1059, NULL, '1', '2018-03-08 22:45:20', '2018-03-13 22:15:22', '1'),
(57, 1060, '0', 1060, NULL, '1', '2018-03-09 01:55:46', '2018-03-13 19:05:38', '1'),
(58, 1061, '0', 1061, NULL, '1', '2018-03-09 03:43:13', '2018-03-12 19:34:33', '1'),
(59, 1057, '0', 1057, NULL, '1', '2018-03-09 06:00:00', '2018-03-11 20:32:56', '1'),
(60, 1062, '0', 1062, NULL, '1', '2018-03-09 08:26:25', '2018-03-11 00:34:41', '1'),
(61, 1063, '0', 1063, NULL, '1', '2018-03-10 23:55:32', '2018-04-18 21:46:23', '1'),
(62, 1064, '0', 1064, NULL, '1', '2018-03-12 04:56:33', '2018-04-18 01:59:36', '1'),
(63, 1065, '0', 1065, NULL, '1', '2018-03-12 08:16:38', '2018-03-20 20:34:00', '1'),
(64, 1066, '0', 1066, NULL, '1', '2018-03-12 23:04:17', '2018-03-16 20:20:56', '1'),
(65, 1067, '0', 1067, NULL, '1', '2018-03-13 20:49:44', '2018-03-16 20:24:28', '1'),
(66, 1068, '0', 1068, NULL, '1', '2018-03-13 21:42:14', '2018-03-16 20:22:35', '1'),
(67, 1070, '0', 1070, NULL, '1', '2018-03-15 06:39:47', '2018-03-17 18:25:33', '1'),
(68, 1071, '0', 1071, NULL, '1', '2018-03-15 23:57:58', '2018-03-17 18:22:43', '1'),
(69, 1072, '0', 1072, NULL, '1', '2018-03-16 00:47:51', '2018-03-20 18:34:20', '1'),
(70, 1069, '0', 1069, NULL, '1', '2018-03-16 02:21:15', '2018-03-29 02:06:56', '1'),
(71, 1073, '0', 1073, NULL, '1', '2018-03-16 04:45:41', '2018-03-17 21:23:22', '1'),
(72, 1074, '0', 1074, NULL, '1', '2018-03-16 06:49:40', '2018-03-20 00:25:23', '1'),
(73, 1075, '0', 1075, NULL, '1', '2018-03-16 07:50:40', '2018-03-20 00:31:49', '1'),
(74, 1076, '0', 1076, NULL, '1', '2018-03-16 22:58:44', '2018-03-20 01:42:33', '1'),
(75, 1077, '0', 1077, NULL, '1', '2018-03-16 23:24:11', '2018-03-20 01:42:03', '1'),
(76, 1078, '0', 1078, NULL, '1', '2018-03-17 04:36:32', '2018-03-17 21:22:06', '1'),
(77, 1079, '0', 1079, NULL, '1', '2018-03-19 05:46:28', '2018-03-20 00:32:29', '1'),
(78, 1080, '0', 1080, NULL, '1', '2018-03-21 00:17:24', '2018-03-22 00:23:25', '1'),
(79, 1081, '0', 1081, NULL, '1', '2018-03-21 19:03:48', '2018-03-22 01:19:15', '1'),
(80, 1082, '0', 1082, NULL, '1', '2018-03-22 03:18:22', '2018-03-22 21:00:52', '1'),
(81, 1083, '0', 1083, NULL, '1', '2018-03-22 05:28:03', '2018-03-23 06:12:34', '1'),
(82, 1085, '0', 1085, NULL, '1', '2018-03-25 00:07:38', '2018-04-25 22:22:02', '1'),
(83, 1086, '0', 1086, NULL, '1', '2018-03-27 06:08:11', '2018-03-30 03:03:06', '1'),
(84, 1088, '0', 1088, NULL, '1', '2018-03-29 03:21:46', '2018-04-09 23:25:16', '1'),
(85, 1089, '0', 1089, NULL, '1', '2018-03-29 22:12:12', '2018-04-03 20:01:29', '1'),
(86, 1090, '0', 1090, NULL, '1', '2018-03-29 23:12:56', '2018-04-09 22:34:09', '1'),
(87, 1091, '0', 1091, NULL, '1', '2018-03-30 09:48:56', '2018-04-10 04:10:29', '1'),
(88, 1092, '0', 1092, NULL, '1', '2018-03-31 05:44:44', '2018-04-11 02:40:58', '1'),
(89, 1093, '0', 1093, NULL, '1', '2018-03-31 06:50:02', '2018-04-11 02:45:56', '1'),
(90, 1095, '0', 1095, NULL, '1', '2018-04-04 00:49:04', '2018-04-07 00:32:01', '1'),
(91, 1096, '0', 1096, NULL, '1', '2018-04-04 01:00:52', '2018-04-14 01:45:47', '1'),
(92, 1087, '0', 1087, NULL, '1', '2018-04-04 08:06:44', '2018-04-14 20:13:43', '1'),
(93, 1097, '0', 1097, NULL, '1', '2018-04-05 06:25:28', '2018-07-21 02:09:48', '1'),
(94, 1099, '0', 1099, NULL, '1', '2018-04-06 00:43:03', '2018-04-12 22:09:03', '1'),
(95, 1084, '0', 1084, NULL, '1', '2018-04-06 04:34:41', '2018-04-18 21:45:52', '1'),
(96, 1105, '0', 1105, NULL, '1', '2018-04-09 22:12:41', '2018-04-12 03:06:18', '1'),
(97, 1098, '0', 1098, NULL, '1', '2018-04-10 02:59:48', '2018-04-11 02:35:34', '1'),
(98, 1102, '0', 1102, NULL, '1', '2018-04-10 04:33:05', '2018-04-11 02:16:19', '1'),
(99, 1106, '0', 1106, NULL, '1', '2018-04-10 05:01:44', '2018-04-13 01:45:01', '1'),
(100, 1100, '0', 1100, NULL, '1', '2018-04-10 05:01:46', '2018-04-11 02:23:59', '1'),
(101, 1107, '0', 1107, NULL, '1', '2018-04-10 08:53:38', '2018-04-12 03:05:18', '1'),
(102, 1101, '0', 1101, NULL, '1', '2018-04-10 20:22:33', '2018-04-13 04:03:22', '1'),
(103, 1094, '0', 1094, NULL, '1', '2018-04-10 22:29:28', '2018-04-14 20:13:20', '1'),
(104, 1109, '0', 1109, NULL, '1', '2018-04-11 00:42:44', '2018-04-14 20:12:48', '1'),
(105, 1103, '0', 1103, NULL, '1', '2018-04-11 03:59:45', '2018-04-13 19:12:07', '1'),
(106, 1111, '0', 1111, NULL, '1', '2018-04-11 22:24:57', '2018-04-17 03:56:57', '1'),
(107, 1112, '0', 1112, NULL, '1', '2018-04-12 01:22:59', '2018-04-16 22:37:36', '1'),
(108, 1110, '0', 1110, NULL, '1', '2018-04-12 23:12:24', '2018-04-16 22:35:57', '1'),
(109, 1114, '0', 1114, NULL, '1', '2018-04-13 00:45:35', '2018-04-14 20:15:28', '1'),
(110, 1115, '0', 1115, NULL, '1', '2018-04-13 04:46:03', '2018-04-14 04:59:20', '1'),
(111, 1104, '0', 1104, NULL, '1', '2018-04-13 06:29:29', '2018-04-18 02:13:30', '1'),
(112, 1113, '0', 1113, NULL, '1', '2018-04-13 21:16:26', '2018-04-14 23:49:55', '1'),
(113, 1116, '0', 1116, NULL, '1', '2018-04-13 22:17:25', '2018-04-18 01:56:12', '1'),
(114, 1108, '0', 1108, NULL, '1', '2018-04-17 22:13:38', '2018-04-18 01:57:50', '1'),
(115, 1117, '0', 1117, NULL, '1', '2018-04-18 00:43:36', '2018-04-18 20:41:27', '1'),
(116, 1119, '0', 1119, NULL, '1', '2018-04-18 04:56:36', '2018-04-18 05:48:49', '1'),
(117, 1120, '0', 1120, NULL, '1', '2018-04-18 19:23:26', '2018-04-19 06:41:02', '1'),
(118, 1118, '0', 1118, NULL, '1', '2018-04-18 20:18:41', '2018-04-27 21:06:18', '1'),
(119, 1121, '0', 1121, NULL, '1', '2018-04-19 01:48:23', '2018-04-19 06:39:08', '1'),
(120, 1122, '0', 1122, NULL, '1', '2018-04-20 23:19:16', '2018-05-11 04:33:21', '1'),
(121, 1045, '0', 1045, NULL, '1', '2018-04-22 21:23:09', '2018-06-13 02:50:48', '1'),
(122, 1123, '0', 1123, NULL, '1', '2018-04-23 22:48:02', '2018-05-15 22:38:53', '1'),
(123, 1124, '0', 1124, NULL, '1', '2018-04-25 07:48:36', '2018-05-17 04:09:37', '1'),
(124, 1125, '0', 1125, NULL, '1', '2018-04-27 02:43:09', '2018-05-05 03:25:59', '1'),
(125, 1126, '0', 1126, NULL, '1', '2018-04-28 08:01:48', '2018-05-02 20:30:21', '1'),
(126, 1127, '0', 1127, NULL, '1', '2018-05-03 03:06:14', '2018-05-12 03:30:11', '1'),
(127, 1129, '0', 1129, NULL, '1', '2018-05-04 21:15:21', '2018-05-09 04:03:28', '1'),
(128, 1130, '0', 1130, NULL, '1', '2018-05-04 21:38:17', '2018-05-11 03:08:17', '1'),
(129, 1131, '0', 1131, NULL, '1', '2018-05-08 04:59:31', '2018-05-14 20:28:17', '1'),
(130, 1132, '0', 1132, NULL, '1', '2018-05-09 23:31:34', '2018-05-28 20:22:28', '1'),
(131, 1134, '0', 1134, NULL, '1', '2018-05-16 01:45:24', '2018-05-17 00:37:18', '1'),
(132, 1135, '0', 1135, NULL, '1', '2018-05-17 10:08:06', '2018-05-18 20:45:41', '1'),
(133, 1136, '0', 1136, NULL, '1', '2018-05-19 02:30:33', '2018-06-01 20:37:56', '1'),
(134, 1138, '0', 1138, NULL, '1', '2018-05-29 00:36:09', '2018-06-08 02:22:22', '1'),
(135, 1139, '0', 1139, NULL, '1', '2018-05-30 05:35:05', '2018-06-07 22:37:03', '1'),
(136, 1140, '0', 1140, NULL, '1', '2018-05-30 20:42:03', '2018-05-31 01:05:19', '1'),
(137, 1141, '0', 1141, NULL, '1', '2018-05-31 19:55:47', '2018-06-01 03:36:10', '1'),
(138, 1143, '0', 1143, NULL, '1', '2018-06-01 00:09:50', '2018-06-01 01:56:46', '1'),
(139, 1144, '0', 1144, NULL, '1', '2018-06-01 01:26:57', '2018-06-05 20:00:28', '1'),
(140, 1145, '0', 1145, NULL, '1', '2018-06-01 07:12:26', '2018-06-07 22:53:57', '1'),
(141, 1146, '0', 1146, NULL, '1', '2018-06-02 18:52:43', '2018-06-05 19:59:14', '1'),
(142, 1137, '0', 1137, NULL, '1', '2018-06-02 21:26:44', '2018-06-04 22:50:39', '1'),
(143, 1147, '0', 1147, NULL, '1', '2018-06-02 22:21:51', '2018-06-04 22:51:48', '1'),
(144, 1148, '0', 1148, NULL, '1', '2018-06-05 02:55:37', '2018-06-06 01:26:46', '1'),
(145, 1149, '0', 1149, NULL, '1', '2018-06-06 05:43:54', '2018-06-08 20:20:01', '1'),
(146, 1150, '0', 1150, NULL, '1', '2018-06-07 01:12:06', '2018-06-08 23:32:40', '1'),
(147, 1151, '0', 1151, NULL, '1', '2018-06-08 04:22:08', '2018-06-09 19:32:25', '1'),
(148, 1152, '0', 1152, NULL, '1', '2018-06-09 03:16:21', '2018-06-16 22:33:24', '1'),
(149, 1133, '0', 1133, NULL, '1', '2018-06-09 20:19:07', '2018-06-09 23:43:35', '1'),
(150, 1153, '0', 1153, NULL, '1', '2018-06-11 22:02:07', '2018-06-12 03:22:07', '1'),
(151, 1154, '0', 1154, NULL, '1', '2018-06-12 05:18:56', '2018-06-13 01:08:50', '1'),
(152, 1155, '0', 1155, NULL, '1', '2018-06-17 01:13:21', '2018-07-04 21:04:02', '1'),
(153, 1156, '0', 1156, NULL, '1', '2018-06-19 09:02:40', '2018-06-22 00:24:24', '1'),
(154, 1142, '0', 1142, NULL, '1', '2018-06-21 22:10:30', '2018-06-27 05:32:27', '1'),
(155, 1157, '0', 1157, NULL, '1', '2018-06-27 03:29:39', '2018-06-28 23:32:12', '1'),
(156, 1158, '0', 1158, NULL, '1', '2018-06-27 05:56:58', '2018-06-28 00:39:13', '1'),
(157, 1159, '0', 1159, NULL, '1', '2018-06-28 07:26:46', '2018-07-16 18:51:00', '1'),
(158, 1128, '0', 1128, NULL, '1', '2018-06-28 21:33:09', '2018-07-03 23:53:57', '1'),
(159, 1160, '0', 1160, NULL, '1', '2018-07-03 20:24:37', '2018-08-07 04:09:45', '1'),
(160, 1161, '0', 1161, NULL, '1', '2018-07-10 00:19:19', '2018-07-13 20:07:09', '1'),
(161, 1162, '0', 1162, NULL, '1', '2018-07-10 21:59:24', '2018-07-11 18:26:09', '1'),
(162, 1163, '0', 1163, NULL, '1', '2018-07-12 01:25:58', '2018-07-18 01:56:20', '1'),
(163, 1164, '0', 1164, NULL, '1', '2018-07-12 03:49:29', '2018-07-16 18:52:02', '1'),
(164, 1165, '0', 1165, NULL, '1', '2018-07-12 19:45:15', '2018-07-31 00:03:37', '1'),
(165, 1203, '0', 1203, NULL, '1', '2018-07-14 23:42:41', '2018-07-16 18:53:58', '1'),
(166, 1204, '0', 1204, NULL, '1', '2018-07-15 00:48:12', '2018-07-17 20:37:17', '1'),
(167, 1180, '0', 1180, NULL, '1', '2018-07-15 02:19:34', '2018-07-16 22:30:08', '1'),
(168, 1200, '0', 1200, NULL, '1', '2018-07-16 07:48:29', '2018-07-29 00:15:59', '1'),
(169, 1197, '0', 1197, NULL, '1', '2018-07-17 02:53:47', '2018-07-18 20:27:52', '1'),
(170, 1187, '0', 1187, NULL, '1', '2018-07-17 03:00:36', '2018-07-31 00:51:46', '1'),
(171, 1206, '0', 1206, NULL, '1', '2018-07-17 03:46:24', '2018-07-18 01:54:49', '1'),
(172, 1177, '0', 1177, NULL, '1', '2018-07-17 03:51:16', '2018-07-18 02:23:50', '1'),
(173, 1202, '0', 1202, NULL, '1', '2018-07-17 06:12:49', '2018-07-24 22:07:38', '1'),
(174, 1168, '0', 1168, NULL, '1', '2018-07-17 06:43:01', '2018-07-20 20:34:22', '1'),
(175, 1173, '0', 1173, NULL, '1', '2018-07-17 18:09:37', '2018-07-18 20:25:42', '1'),
(176, 1205, '0', 1205, NULL, '1', '2018-07-17 23:39:06', '2018-07-18 01:53:48', '1'),
(177, 1170, '0', 1170, NULL, '1', '2018-07-18 03:47:26', '2018-07-18 20:26:29', '1'),
(178, 1201, '0', 1201, NULL, '1', '2018-07-18 04:34:08', '2018-07-18 20:27:05', '1'),
(179, 1195, '0', 1195, NULL, '1', '2018-07-19 01:04:55', '2018-07-19 01:29:18', '1'),
(180, 1182, '0', 1182, NULL, '1', '2018-07-19 03:57:01', '2018-07-29 00:15:27', '1'),
(181, 1199, '0', 1199, NULL, '1', '2018-07-19 03:57:35', '2018-07-19 20:22:35', '1'),
(182, 1169, '0', 1169, NULL, '1', '2018-07-19 04:03:00', '2018-07-23 19:20:45', '1'),
(183, 1196, '0', 1196, NULL, '1', '2018-07-20 01:34:16', '2018-07-20 20:34:37', '1'),
(184, 1030, '0', 1030, NULL, '1', '2018-07-20 02:37:50', '2018-07-20 03:35:44', '1'),
(185, 1183, '0', 1183, NULL, '1', '2018-07-20 03:15:46', '2018-07-31 22:06:49', '1'),
(186, 1198, '0', 1198, NULL, '1', '2018-07-20 21:19:05', '2018-07-26 21:46:28', '1'),
(187, 1178, '0', 1178, NULL, '1', '2018-07-21 00:12:49', '2018-07-21 01:28:43', '1'),
(188, 1188, '0', 1188, NULL, '1', '2018-07-21 01:42:01', '2018-07-26 23:50:30', '1'),
(189, 1207, '0', 1207, NULL, '1', '2018-07-21 18:47:57', '2018-07-31 22:06:22', '1'),
(190, 1171, '0', 1171, NULL, '1', '2018-07-21 19:49:52', '2018-07-24 22:33:38', '1'),
(191, 1174, '0', 1174, NULL, '1', '2018-07-22 00:17:14', '2018-07-31 00:48:53', '1'),
(192, 1208, '0', 1208, NULL, '1', '2018-07-22 01:42:38', '2018-07-23 20:52:27', '1'),
(193, 1167, '0', 1167, NULL, '1', '2018-07-23 05:44:34', '2018-07-24 22:05:51', '1'),
(194, 1192, '0', 1192, NULL, '1', '2018-07-23 17:01:03', '2018-07-31 00:49:14', '1'),
(195, 1189, '0', 1189, NULL, '1', '2018-07-23 23:36:20', '2018-07-24 22:07:03', '1'),
(196, 1166, '0', 1166, NULL, '1', '2018-07-24 04:28:48', '2018-07-31 22:02:18', '1'),
(197, 1181, '0', 1181, NULL, '1', '2018-07-24 04:43:26', '2018-07-30 22:22:35', '1'),
(198, 1194, '0', 1194, NULL, '1', '2018-07-24 22:18:33', '2018-07-29 00:14:59', '1'),
(199, 1191, '0', 1191, NULL, '1', '2018-07-25 04:25:30', '2018-07-26 21:47:51', '1'),
(200, 1209, '0', 1209, NULL, '1', '2018-07-25 05:20:06', '2018-07-30 20:02:07', '1'),
(201, 1176, '0', 1176, NULL, '1', '2018-07-27 01:45:56', '2018-07-27 02:29:19', '1'),
(202, 1172, '0', 1172, NULL, '1', '2018-07-28 07:29:17', '2018-07-31 00:49:34', '1'),
(203, 1185, '0', 1185, NULL, '1', '2018-07-28 20:49:30', '2018-07-31 00:46:45', '1'),
(204, 1186, '0', 1186, NULL, '1', '2018-07-28 21:46:32', '2018-07-31 00:48:29', '1'),
(205, 1190, '0', 1190, NULL, '1', '2018-07-29 03:23:57', '2018-07-31 00:52:50', '1'),
(206, 1175, '0', 1175, NULL, '1', '2018-07-29 19:43:52', '2018-07-31 00:50:51', '1'),
(207, 1179, '0', 1179, NULL, '1', '2018-07-30 01:34:05', '2018-07-31 22:05:40', '1'),
(208, 1210, '0', 1210, NULL, '1', '2018-07-30 23:06:38', '2018-07-31 00:52:25', '1'),
(209, 1193, '0', 1193, NULL, '1', '2018-07-31 03:29:03', '2018-07-31 22:03:00', '1'),
(210, 1211, '0', 1211, NULL, '1', '2018-07-31 07:53:37', '2018-08-14 01:02:42', '1'),
(211, 1184, '0', 1184, NULL, '1', '2018-07-31 08:20:47', '2018-07-31 22:03:45', '1'),
(212, 1212, '0', 1212, NULL, '1', '2018-08-04 00:46:57', '2018-08-08 03:32:13', '1'),
(213, 1213, '0', 1213, NULL, '1', '2018-08-11 21:43:18', '2018-08-13 20:40:39', '1'),
(214, 1214, '0', 1214, NULL, '1', '2018-08-10 15:06:48', '2018-08-15 15:27:30', '1'),
(215, 1215, '0', 1215, NULL, '1', '2018-08-14 18:56:11', '2018-08-16 19:43:24', '1');


INSERT INTO `interesado_empresa` (`iemp_id`, `int_id`, `emp_id`, `iemp_estado`, `iemp_usuario_ingreso`, `iemp_usuario_modifica`, `iemp_fecha_creacion`, `iemp_fecha_modificacion`, `iemp_estado_logico`) VALUES
(1, 1, 1, '1', 1001, NULL, '2017-10-01 13:14:36', NULL, '1'),
(2, 2, 1, '1', 1002, NULL, '2017-10-03 17:57:57', NULL, '1'),
(3, 3, 1, '1', 1003, NULL, '2017-10-10 10:31:52', NULL, '1'),
(4, 4, 1, '1', 1004, NULL, '2017-10-13 20:19:49', NULL, '1'),
(5, 5, 1, '1', 1005, NULL, '2017-10-14 16:34:34', NULL, '1'),
(6, 6, 1, '1', 1006, NULL, '2017-10-15 06:56:44', NULL, '1'),
(7, 7, 1, '1', 1007, NULL, '2017-10-17 11:44:49', NULL, '1'),
(8, 8, 1, '1', 1008, NULL, '2017-10-18 06:06:04', NULL, '1'),
(9, 9, 1, '1', 1009, NULL, '2017-10-18 06:26:41', NULL, '1'),
(10, 10, 1, '1', 1014, NULL, '2017-10-26 02:45:44', NULL, '1'),
(11, 11, 1, '1', 1016, NULL, '2017-10-27 02:21:07', NULL, '1'),
(12, 12, 1, '1', 1011, NULL, '2017-10-27 14:16:23', NULL, '1'),
(13, 13, 1, '1', 1015, NULL, '2017-11-01 08:11:37', NULL, '1'),
(14, 14, 1, '1', 1017, NULL, '2017-11-02 05:29:56', NULL, '1'),
(15, 15, 1, '1', 1012, NULL, '2017-11-06 08:49:59', NULL, '1'),
(16, 16, 1, '1', 1019, NULL, '2017-11-08 00:54:28', NULL, '1'),
(17, 17, 1, '1', 1018, NULL, '2017-11-08 01:31:53', NULL, '1'),
(18, 18, 1, '1', 1020, NULL, '2017-11-08 16:10:19', NULL, '1'),
(19, 19, 1, '1', 1013, NULL, '2017-11-09 04:54:14', NULL, '1'),
(20, 20, 1, '1', 1021, NULL, '2017-11-11 12:26:07', NULL, '1'),
(21, 21, 1, '1', 1022, NULL, '2017-11-13 00:38:46', NULL, '1'),
(22, 22, 1, '1', 1023, NULL, '2017-11-14 02:21:09', NULL, '1'),
(23, 23, 1, '1', 1024, NULL, '2017-11-15 05:06:12', NULL, '1'),
(24, 24, 1, '1', 1025, NULL, '2017-11-20 01:09:58', NULL, '1'),
(25, 25, 1, '1', 1027, NULL, '2017-11-21 07:50:32', NULL, '1'),
(26, 26, 1, '1', 1028, NULL, '2017-11-24 06:50:38', NULL, '1'),
(27, 27, 1, '1', 1026, NULL, '2017-12-05 00:28:16', NULL, '1'),
(28, 28, 1, '1', 1029, NULL, '2018-01-04 10:44:41', NULL, '1'),
(29, 29, 1, '1', 1031, NULL, '2018-01-06 04:16:03', NULL, '1'),
(30, 30, 1, '1', 1032, NULL, '2018-01-08 15:44:54', NULL, '1'),
(31, 31, 1, '1', 1033, NULL, '2018-01-11 12:26:22', NULL, '1'),
(32, 32, 1, '1', 1034, NULL, '2018-01-13 08:11:19', NULL, '1'),
(33, 33, 1, '1', 1035, NULL, '2018-01-13 10:11:46', NULL, '1'),
(34, 34, 1, '1', 1036, NULL, '2018-01-16 10:18:26', NULL, '1'),
(35, 35, 1, '1', 1037, NULL, '2018-01-18 01:10:24', NULL, '1'),
(36, 36, 1, '1', 1010, NULL, '2018-01-23 05:29:07', NULL, '1'),
(37, 37, 1, '1', 1038, NULL, '2018-01-24 13:10:53', NULL, '1'),
(38, 38, 1, '1', 1039, NULL, '2018-01-26 14:05:09', NULL, '1'),
(39, 39, 1, '1', 1040, NULL, '2018-01-29 09:08:57', NULL, '1'),
(40, 40, 1, '1', 1041, NULL, '2018-01-30 01:32:28', NULL, '1'),
(41, 41, 1, '1', 1042, NULL, '2018-01-31 07:01:17', NULL, '1'),
(42, 42, 1, '1', 1043, NULL, '2018-02-08 08:05:45', NULL, '1'),
(43, 43, 1, '1', 1044, NULL, '2018-02-10 12:55:16', NULL, '1'),
(44, 44, 1, '1', 1047, NULL, '2018-02-16 06:31:27', NULL, '1'),
(45, 45, 1, '1', 1048, NULL, '2018-02-17 12:47:38', NULL, '1'),
(46, 46, 1, '1', 1049, NULL, '2018-02-20 03:27:34', NULL, '1'),
(47, 47, 1, '1', 1046, NULL, '2018-02-20 09:02:16', NULL, '1'),
(48, 48, 1, '1', 1051, NULL, '2018-02-20 10:30:26', NULL, '1'),
(49, 49, 1, '1', 1052, NULL, '2018-02-23 01:46:36', NULL, '1'),
(50, 50, 1, '1', 1050, NULL, '2018-02-28 07:48:01', NULL, '1'),
(51, 51, 1, '1', 1054, NULL, '2018-03-02 08:45:13', NULL, '1'),
(52, 52, 1, '1', 1053, NULL, '2018-03-02 09:18:25', NULL, '1'),
(53, 53, 1, '1', 1055, NULL, '2018-03-05 14:02:58', NULL, '1'),
(54, 54, 1, '1', 1056, NULL, '2018-03-07 03:42:39', NULL, '1'),
(55, 55, 1, '1', 1058, NULL, '2018-03-09 02:02:15', NULL, '1'),
(56, 56, 1, '1', 1059, NULL, '2018-03-09 03:45:20', NULL, '1'),
(57, 57, 1, '1', 1060, NULL, '2018-03-09 06:55:46', NULL, '1'),
(58, 58, 1, '1', 1061, NULL, '2018-03-09 08:43:13', NULL, '1'),
(59, 59, 1, '1', 1057, NULL, '2018-03-09 11:00:00', NULL, '1'),
(60, 60, 1, '1', 1062, NULL, '2018-03-09 13:26:25', NULL, '1'),
(61, 61, 1, '1', 1063, NULL, '2018-03-11 04:55:32', NULL, '1'),
(62, 62, 1, '1', 1064, NULL, '2018-03-12 09:56:33', NULL, '1'),
(63, 63, 1, '1', 1065, NULL, '2018-03-12 13:16:38', NULL, '1'),
(64, 64, 1, '1', 1066, NULL, '2018-03-13 04:04:17', NULL, '1'),
(65, 65, 1, '1', 1067, NULL, '2018-03-14 01:49:44', NULL, '1'),
(66, 66, 1, '1', 1068, NULL, '2018-03-14 02:42:14', NULL, '1'),
(67, 67, 1, '1', 1070, NULL, '2018-03-15 11:39:47', NULL, '1'),
(68, 68, 1, '1', 1071, NULL, '2018-03-16 04:57:58', NULL, '1'),
(69, 69, 1, '1', 1072, NULL, '2018-03-16 05:47:51', NULL, '1'),
(70, 70, 1, '1', 1069, NULL, '2018-03-16 07:21:15', NULL, '1'),
(71, 71, 1, '1', 1073, NULL, '2018-03-16 09:45:41', NULL, '1'),
(72, 72, 1, '1', 1074, NULL, '2018-03-16 11:49:40', NULL, '1'),
(73, 73, 1, '1', 1075, NULL, '2018-03-16 12:50:40', NULL, '1'),
(74, 74, 1, '1', 1076, NULL, '2018-03-17 03:58:44', NULL, '1'),
(75, 75, 1, '1', 1077, NULL, '2018-03-17 04:24:11', NULL, '1'),
(76, 76, 1, '1', 1078, NULL, '2018-03-17 09:36:32', NULL, '1'),
(77, 77, 1, '1', 1079, NULL, '2018-03-19 10:46:28', NULL, '1'),
(78, 78, 1, '1', 1080, NULL, '2018-03-21 05:17:24', NULL, '1'),
(79, 79, 1, '1', 1081, NULL, '2018-03-22 00:03:48', NULL, '1'),
(80, 80, 1, '1', 1082, NULL, '2018-03-22 08:18:22', NULL, '1'),
(81, 81, 1, '1', 1083, NULL, '2018-03-22 10:28:03', NULL, '1'),
(82, 82, 1, '1', 1085, NULL, '2018-03-25 05:07:38', NULL, '1'),
(83, 83, 1, '1', 1086, NULL, '2018-03-27 11:08:11', NULL, '1'),
(84, 84, 1, '1', 1088, NULL, '2018-03-29 08:21:46', NULL, '1'),
(85, 85, 1, '1', 1089, NULL, '2018-03-30 03:12:12', NULL, '1'),
(86, 86, 1, '1', 1090, NULL, '2018-03-30 04:12:56', NULL, '1'),
(87, 87, 1, '1', 1091, NULL, '2018-03-30 14:48:56', NULL, '1'),
(88, 88, 1, '1', 1092, NULL, '2018-03-31 10:44:44', NULL, '1'),
(89, 89, 1, '1', 1093, NULL, '2018-03-31 11:50:02', NULL, '1'),
(90, 90, 1, '1', 1095, NULL, '2018-04-04 05:49:04', NULL, '1'),
(91, 91, 1, '1', 1096, NULL, '2018-04-04 06:00:52', NULL, '1'),
(92, 92, 1, '1', 1087, NULL, '2018-04-04 13:06:44', NULL, '1'),
(93, 93, 1, '1', 1097, NULL, '2018-04-05 11:25:28', NULL, '1'),
(94, 94, 1, '1', 1099, NULL, '2018-04-06 05:43:03', NULL, '1'),
(95, 95, 1, '1', 1084, NULL, '2018-04-06 09:34:41', NULL, '1'),
(96, 96, 1, '1', 1105, NULL, '2018-04-10 03:12:41', NULL, '1'),
(97, 97, 1, '1', 1098, NULL, '2018-04-10 07:59:48', NULL, '1'),
(98, 98, 1, '1', 1102, NULL, '2018-04-10 09:33:05', NULL, '1'),
(99, 99, 1, '1', 1106, NULL, '2018-04-10 10:01:44', NULL, '1'),
(100, 100, 1, '1', 1100, NULL, '2018-04-10 10:01:46', NULL, '1'),
(101, 101, 1, '1', 1107, NULL, '2018-04-10 13:53:38', NULL, '1'),
(102, 102, 1, '1', 1101, NULL, '2018-04-11 01:22:33', NULL, '1'),
(103, 103, 1, '1', 1094, NULL, '2018-04-11 03:29:28', NULL, '1'),
(104, 104, 1, '1', 1109, NULL, '2018-04-11 05:42:44', NULL, '1'),
(105, 105, 1, '1', 1103, NULL, '2018-04-11 08:59:45', NULL, '1'),
(106, 106, 1, '1', 1111, NULL, '2018-04-12 03:24:57', NULL, '1'),
(107, 107, 1, '1', 1112, NULL, '2018-04-12 06:22:59', NULL, '1'),
(108, 108, 1, '1', 1110, NULL, '2018-04-13 04:12:24', NULL, '1'),
(109, 109, 1, '1', 1114, NULL, '2018-04-13 05:45:35', NULL, '1'),
(110, 110, 1, '1', 1115, NULL, '2018-04-13 09:46:03', NULL, '1'),
(111, 111, 1, '1', 1104, NULL, '2018-04-13 11:29:29', NULL, '1'),
(112, 112, 1, '1', 1113, NULL, '2018-04-14 02:16:26', NULL, '1'),
(113, 113, 1, '1', 1116, NULL, '2018-04-14 03:17:25', NULL, '1'),
(114, 114, 1, '1', 1108, NULL, '2018-04-18 03:13:38', NULL, '1'),
(115, 115, 1, '1', 1117, NULL, '2018-04-18 05:43:36', NULL, '1'),
(116, 116, 1, '1', 1119, NULL, '2018-04-18 09:56:36', NULL, '1'),
(117, 117, 1, '1', 1120, NULL, '2018-04-19 00:23:26', NULL, '1'),
(118, 118, 1, '1', 1118, NULL, '2018-04-19 01:18:41', NULL, '1'),
(119, 119, 1, '1', 1121, NULL, '2018-04-19 06:48:23', NULL, '1'),
(120, 120, 1, '1', 1122, NULL, '2018-04-21 04:19:16', NULL, '1'),
(121, 121, 1, '1', 1045, NULL, '2018-04-23 02:23:09', NULL, '1'),
(122, 122, 1, '1', 1123, NULL, '2018-04-24 03:48:02', NULL, '1'),
(123, 123, 1, '1', 1124, NULL, '2018-04-25 12:48:36', NULL, '1'),
(124, 124, 1, '1', 1125, NULL, '2018-04-27 07:43:09', NULL, '1'),
(125, 125, 1, '1', 1126, NULL, '2018-04-28 13:01:48', NULL, '1'),
(126, 126, 1, '1', 1127, NULL, '2018-05-03 08:06:14', NULL, '1'),
(127, 127, 1, '1', 1129, NULL, '2018-05-05 02:15:21', NULL, '1'),
(128, 128, 1, '1', 1130, NULL, '2018-05-05 02:38:17', NULL, '1'),
(129, 129, 1, '1', 1131, NULL, '2018-05-08 09:59:31', NULL, '1'),
(130, 130, 1, '1', 1132, NULL, '2018-05-10 04:31:34', NULL, '1'),
(131, 131, 1, '1', 1134, NULL, '2018-05-16 06:45:24', NULL, '1'),
(132, 132, 1, '1', 1135, NULL, '2018-05-17 15:08:06', NULL, '1'),
(133, 133, 1, '1', 1136, NULL, '2018-05-19 07:30:33', NULL, '1'),
(134, 134, 1, '1', 1138, NULL, '2018-05-29 05:36:09', NULL, '1'),
(135, 135, 1, '1', 1139, NULL, '2018-05-30 10:35:05', NULL, '1'),
(136, 136, 1, '1', 1140, NULL, '2018-05-31 01:42:03', NULL, '1'),
(137, 137, 1, '1', 1141, NULL, '2018-06-01 00:55:47', NULL, '1'),
(138, 138, 1, '1', 1143, NULL, '2018-06-01 05:09:50', NULL, '1'),
(139, 139, 1, '1', 1144, NULL, '2018-06-01 06:26:57', NULL, '1'),
(140, 140, 1, '1', 1145, NULL, '2018-06-01 12:12:26', NULL, '1'),
(141, 141, 1, '1', 1146, NULL, '2018-06-02 23:52:43', NULL, '1'),
(142, 142, 1, '1', 1137, NULL, '2018-06-03 02:26:44', NULL, '1'),
(143, 143, 1, '1', 1147, NULL, '2018-06-03 03:21:51', NULL, '1'),
(144, 144, 1, '1', 1148, NULL, '2018-06-05 07:55:37', NULL, '1'),
(145, 145, 1, '1', 1149, NULL, '2018-06-06 10:43:54', NULL, '1'),
(146, 146, 1, '1', 1150, NULL, '2018-06-07 06:12:06', NULL, '1'),
(147, 147, 1, '1', 1151, NULL, '2018-06-08 09:22:08', NULL, '1'),
(148, 148, 1, '1', 1152, NULL, '2018-06-09 08:16:21', NULL, '1'),
(149, 149, 1, '1', 1133, NULL, '2018-06-10 01:19:07', NULL, '1'),
(150, 150, 1, '1', 1153, NULL, '2018-06-12 03:02:07', NULL, '1'),
(151, 151, 1, '1', 1154, NULL, '2018-06-12 10:18:56', NULL, '1'),
(152, 152, 1, '1', 1155, NULL, '2018-06-17 06:13:21', NULL, '1'),
(153, 153, 1, '1', 1156, NULL, '2018-06-19 14:02:40', NULL, '1'),
(154, 154, 1, '1', 1142, NULL, '2018-06-22 03:10:30', NULL, '1'),
(155, 155, 1, '1', 1157, NULL, '2018-06-27 08:29:39', NULL, '1'),
(156, 156, 1, '1', 1158, NULL, '2018-06-27 10:56:58', NULL, '1'),
(157, 157, 1, '1', 1159, NULL, '2018-06-28 12:26:46', NULL, '1'),
(158, 158, 1, '1', 1128, NULL, '2018-06-29 02:33:09', NULL, '1'),
(159, 159, 1, '1', 1160, NULL, '2018-07-04 01:24:37', NULL, '1'),
(160, 160, 1, '1', 1161, NULL, '2018-07-10 05:19:19', NULL, '1'),
(161, 161, 1, '1', 1162, NULL, '2018-07-11 02:59:24', NULL, '1'),
(162, 162, 1, '1', 1163, NULL, '2018-07-12 06:25:58', NULL, '1'),
(163, 163, 1, '1', 1164, NULL, '2018-07-12 08:49:29', NULL, '1'),
(164, 164, 1, '1', 1165, NULL, '2018-07-13 00:45:15', NULL, '1'),
(165, 165, 1, '1', 1203, NULL, '2018-07-15 04:42:41', NULL, '1'),
(166, 166, 1, '1', 1204, NULL, '2018-07-15 05:48:12', NULL, '1'),
(167, 167, 1, '1', 1180, NULL, '2018-07-15 07:19:34', NULL, '1'),
(168, 168, 1, '1', 1200, NULL, '2018-07-16 12:48:29', NULL, '1'),
(169, 169, 1, '1', 1197, NULL, '2018-07-17 07:53:47', NULL, '1'),
(170, 170, 1, '1', 1187, NULL, '2018-07-17 08:00:36', NULL, '1'),
(171, 171, 1, '1', 1206, NULL, '2018-07-17 08:46:24', NULL, '1'),
(172, 172, 1, '1', 1177, NULL, '2018-07-17 08:51:16', NULL, '1'),
(173, 173, 1, '1', 1202, NULL, '2018-07-17 11:12:49', NULL, '1'),
(174, 174, 1, '1', 1168, NULL, '2018-07-17 11:43:01', NULL, '1'),
(175, 175, 1, '1', 1173, NULL, '2018-07-17 23:09:37', NULL, '1'),
(176, 176, 1, '1', 1205, NULL, '2018-07-18 04:39:06', NULL, '1'),
(177, 177, 1, '1', 1170, NULL, '2018-07-18 08:47:26', NULL, '1'),
(178, 178, 1, '1', 1201, NULL, '2018-07-18 09:34:08', NULL, '1'),
(179, 179, 1, '1', 1195, NULL, '2018-07-19 06:04:55', NULL, '1'),
(180, 180, 1, '1', 1182, NULL, '2018-07-19 08:57:01', NULL, '1'),
(181, 181, 1, '1', 1199, NULL, '2018-07-19 08:57:35', NULL, '1'),
(182, 182, 1, '1', 1169, NULL, '2018-07-19 09:03:00', NULL, '1'),
(183, 183, 1, '1', 1196, NULL, '2018-07-20 06:34:16', NULL, '1'),
(184, 184, 1, '1', 1030, NULL, '2018-07-20 07:37:50', NULL, '1'),
(185, 185, 1, '1', 1183, NULL, '2018-07-20 08:15:46', NULL, '1'),
(186, 186, 1, '1', 1198, NULL, '2018-07-21 02:19:05', NULL, '1'),
(187, 187, 1, '1', 1178, NULL, '2018-07-21 05:12:49', NULL, '1'),
(188, 188, 1, '1', 1188, NULL, '2018-07-21 06:42:01', NULL, '1'),
(189, 189, 1, '1', 1207, NULL, '2018-07-21 23:47:57', NULL, '1'),
(190, 190, 1, '1', 1171, NULL, '2018-07-22 00:49:52', NULL, '1'),
(191, 191, 1, '1', 1174, NULL, '2018-07-22 05:17:14', NULL, '1'),
(192, 192, 1, '1', 1208, NULL, '2018-07-22 06:42:38', NULL, '1'),
(193, 193, 1, '1', 1167, NULL, '2018-07-23 10:44:34', NULL, '1'),
(194, 194, 1, '1', 1192, NULL, '2018-07-23 22:01:03', NULL, '1'),
(195, 195, 1, '1', 1189, NULL, '2018-07-24 04:36:20', NULL, '1'),
(196, 196, 1, '1', 1166, NULL, '2018-07-24 09:28:48', NULL, '1'),
(197, 197, 1, '1', 1181, NULL, '2018-07-24 09:43:26', NULL, '1'),
(198, 198, 1, '1', 1194, NULL, '2018-07-25 03:18:33', NULL, '1'),
(199, 199, 1, '1', 1191, NULL, '2018-07-25 09:25:30', NULL, '1'),
(200, 200, 1, '1', 1209, NULL, '2018-07-25 10:20:06', NULL, '1'),
(201, 201, 1, '1', 1176, NULL, '2018-07-27 06:45:56', NULL, '1'),
(202, 202, 1, '1', 1172, NULL, '2018-07-28 12:29:17', NULL, '1'),
(203, 203, 1, '1', 1185, NULL, '2018-07-29 01:49:30', NULL, '1'),
(204, 204, 1, '1', 1186, NULL, '2018-07-29 02:46:32', NULL, '1'),
(205, 205, 1, '1', 1190, NULL, '2018-07-29 08:23:57', NULL, '1'),
(206, 206, 1, '1', 1175, NULL, '2018-07-30 00:43:52', NULL, '1'),
(207, 207, 1, '1', 1179, NULL, '2018-07-30 06:34:05', NULL, '1'),
(208, 208, 1, '1', 1210, NULL, '2018-07-31 04:06:38', NULL, '1'),
(209, 209, 1, '1', 1193, NULL, '2018-07-31 08:29:03', NULL, '1'),
(210, 210, 1, '1', 1211, NULL, '2018-07-31 12:53:37', NULL, '1'),
(211, 211, 1, '1', 1184, NULL, '2018-07-31 13:20:47', NULL, '1'),
(212, 212, 1, '1', 1212, NULL, '2018-08-04 05:46:57', NULL, '1'),
(213, 213, 1, '1', 1213, NULL, '2018-08-12 02:43:18', NULL, '1'),
(214, 214, 1, '1', 1214, NULL, '2018-08-10 20:06:48', NULL, '1'),
(215, 215, 1, '1', 1215, NULL, '2018-08-14 23:56:11', NULL, '1');

--
-- Volcado de datos para la tabla `solicitud_inscripcion`
--
INSERT INTO `solicitud_inscripcion` (`sins_id`, `int_id`, `uaca_id`, `mod_id`, `ming_id`, `eaca_id`, `mest_id`, `emp_id`, `num_solicitud`, `rsin_id`, `sins_fecha_solicitud`, `sins_fecha_preaprobacion`, `sins_fecha_aprobacion`, `sins_fecha_reprobacion`, `sins_fecha_prenoprobacion`, `sins_preobservacion`, `sins_observacion`, `sins_beca`, `sins_usuario_preaprueba`, `sins_usuario_aprueba`, `sins_usuario_ingreso`, `sins_usuario_modifica`, `sins_estado`, `sins_fecha_creacion`, `sins_fecha_modificacion`, `sins_estado_logico`) VALUES
(1, 1, 1, 1, 1, 1, NULL, 1, '1', 2, '2017-09-30 15:00:00', '2017-10-03 12:19:38', '2017-10-03 13:57:02', NULL, NULL, NULL, NULL, NULL, 27, 22, NULL, NULL, '1', '2017-10-01 08:33:10', '2017-10-03 13:57:02', '1'),
(2, 2, 1, 1, 1, 5, NULL, 1, '2', 2, '2017-10-03 15:00:00', '2017-10-05 07:26:26', '2017-10-05 07:34:18', NULL, NULL, NULL, NULL, NULL, 27, 5, NULL, NULL, '1', '2017-10-03 13:20:33', '2017-10-05 07:34:18', '1'),
(3, 3, 1, 1, 1, 1, NULL, 1, '3', 2, '2017-10-12 13:09:33', '2017-10-12 13:21:51', '2017-10-12 13:22:51', NULL, NULL, NULL, NULL, NULL, 11, 5, NULL, NULL, '1', '2017-10-12 08:09:33', '2017-10-12 13:22:51', '1'),
(4, 4, 1, 1, 1, 1, NULL, 1, '4', 2, '2017-10-14 06:34:23', '2017-10-14 06:59:40', '2017-10-14 07:00:05', NULL, NULL, NULL, NULL, NULL, 27, 5, NULL, NULL, '1', '2017-10-14 01:34:23', '2017-10-14 07:00:05', '1'),
(5, 5, 1, 1, 1, 5, NULL, 1, '5', 2, '2017-10-15 06:58:22', '2017-10-15 07:21:06', '2017-10-15 07:21:25', NULL, NULL, NULL, NULL, NULL, 27, 5, NULL, NULL, '1', '2017-10-15 01:58:22', '2017-10-15 07:21:25', '1'),
(6, 6, 1, 1, 1, 1, NULL, 1, '6', 2, '2017-10-15 07:03:05', '2017-10-15 07:04:31', '2017-10-15 07:08:58', NULL, NULL, NULL, NULL, NULL, 27, 5, NULL, NULL, '1', '2017-10-15 02:03:05', '2017-10-15 07:08:58', '1'),
(7, 7, 1, 1, 1, 5, NULL, 1, '7', 2, '2017-10-17 12:13:24', '2017-10-17 12:45:04', '2017-10-17 12:47:34', NULL, NULL, NULL, NULL, NULL, 27, 22, NULL, NULL, '1', '2017-10-17 07:13:24', '2017-10-17 12:47:34', '1'),
(8, 8, 1, 1, 1, 4, NULL, 1, '8', 2, '2017-10-18 06:32:37', '2017-10-18 07:26:11', '2017-10-18 07:36:04', NULL, NULL, NULL, NULL, NULL, 27, 22, NULL, NULL, '1', '2017-10-18 01:32:37', '2017-10-18 07:36:04', '1'),
(9, 9, 1, 1, 1, 1, NULL, 1, '9', 2, '2017-10-18 10:49:56', '2017-10-18 12:39:32', '2017-10-18 23:30:21', NULL, NULL, NULL, NULL, NULL, 27, 5, NULL, NULL, '1', '2017-10-18 05:49:56', '2017-10-18 23:30:21', '1'),
(10, 11, 1, 1, 1, 4, NULL, 1, '10', 2, '2017-10-27 02:26:28', '2017-10-27 03:11:45', '2017-10-27 05:32:26', NULL, NULL, NULL, NULL, NULL, 27, 22, NULL, NULL, '1', '2017-10-26 21:26:28', '2017-10-27 05:32:26', '1'),
(11, 12, 1, 1, 2, 3, NULL, 1, '11', 2, '2017-11-01 23:51:19', '2017-11-02 02:54:50', '2017-11-02 02:55:44', NULL, NULL, NULL, NULL, NULL, 27, 5, NULL, NULL, '1', '2017-11-01 18:51:19', '2017-11-02 02:55:44', '1'),
(12, 14, 1, 1, 1, 2, NULL, 1, '12', 2, '2017-11-04 00:01:28', '2017-11-06 23:23:01', '2017-11-07 03:30:13', NULL, NULL, NULL, NULL, NULL, 27, 22, NULL, NULL, '1', '2017-11-03 19:01:28', '2017-11-07 03:30:13', '1'),
(13, 15, 1, 1, 1, 5, NULL, 1, '13', 2, '2017-11-08 21:37:43', '2017-11-08 22:35:38', '2017-11-08 22:55:44', NULL, NULL, NULL, NULL, NULL, 27, 22, NULL, NULL, '1', '2017-11-08 21:37:43', '2017-11-08 22:55:44', '1'),
(14, 17, 1, 1, 1, 2, NULL, 1, '14', 2, '2017-11-09 01:51:34', '2017-11-09 02:06:21', '2017-11-09 04:33:57', NULL, NULL, NULL, NULL, NULL, 27, 22, NULL, NULL, '1', '2017-11-09 01:51:34', '2017-11-09 04:33:57', '1'),
(15, 13, 1, 1, 1, 1, NULL, 1, '15', 2, '2017-11-09 03:19:29', '2017-11-09 03:52:19', '2017-11-09 04:36:57', NULL, NULL, NULL, NULL, NULL, 5, 22, NULL, NULL, '1', '2017-11-09 03:19:29', '2017-11-09 04:36:57', '1'),
(16, 16, 1, 1, 1, 1, NULL, 1, '16', 2, '2017-11-10 21:55:20', '2017-11-11 00:05:47', '2017-11-11 02:32:49', NULL, NULL, NULL, NULL, NULL, 27, 22, NULL, NULL, '1', '2017-11-10 21:55:20', '2017-11-11 02:32:49', '1'),
(17, 18, 1, 1, 1, 5, NULL, 1, '17', 2, '2017-11-11 00:00:50', '2017-11-11 02:46:21', '2017-11-11 03:04:37', NULL, NULL, NULL, NULL, NULL, 11, 22, NULL, NULL, '1', '2017-11-11 00:00:50', '2017-11-11 03:04:37', '1'),
(18, 19, 1, 1, 1, 5, NULL, 1, '18', 2, '2017-11-11 21:45:00', '2017-11-13 19:23:29', '2017-11-13 19:49:51', NULL, NULL, NULL, NULL, NULL, 27, 22, NULL, NULL, '1', '2017-11-11 21:45:00', '2017-11-13 19:49:51', '1'),
(19, 21, 1, 1, 1, 5, NULL, 1, '19', 2, '2017-11-12 21:18:53', '2017-11-13 19:11:11', '2017-11-13 19:38:27', NULL, NULL, NULL, NULL, NULL, 27, 22, NULL, NULL, '1', '2017-11-12 21:18:53', '2017-11-13 19:38:27', '1'),
(20, 22, 1, 1, 1, 3, NULL, 1, '20', 2, '2017-11-13 23:45:33', '2017-11-14 00:09:58', '2017-11-14 00:10:20', NULL, NULL, NULL, NULL, NULL, 27, 5, NULL, NULL, '1', '2017-11-13 23:45:33', '2017-11-14 00:10:20', '1'),
(21, 20, 1, 1, 1, 3, NULL, 1, '21', 2, '2017-11-14 04:18:52', '2017-11-15 21:19:31', '2017-11-15 21:23:18', NULL, NULL, NULL, NULL, NULL, 27, 5, NULL, NULL, '1', '2017-11-14 04:18:52', '2017-11-15 21:23:18', '1'),
(22, 24, 1, 1, 1, 3, NULL, 1, '22', 2, '2017-11-19 21:39:35', '2017-11-19 21:48:55', '2017-11-19 22:02:34', NULL, NULL, NULL, NULL, NULL, 27, 5, NULL, NULL, '1', '2017-11-19 21:39:35', '2017-11-19 22:02:34', '1'),
(23, 23, 1, 1, 1, 1, NULL, 1, '23', 2, '2017-11-21 21:54:12', '2017-11-22 22:05:36', '2017-11-22 22:05:50', NULL, NULL, NULL, NULL, NULL, 27, 5, NULL, NULL, '1', '2017-11-21 21:54:12', '2017-11-22 22:05:50', '1'),
(24, 25, 1, 1, 1, 1, NULL, 1, '24', 2, '2017-11-29 05:14:29', '2017-11-29 05:16:03', '2017-11-29 05:17:05', NULL, NULL, NULL, NULL, NULL, 27, 5, NULL, NULL, '1', '2017-11-29 05:14:29', '2017-11-29 05:17:05', '1'),
(25, 26, 1, 1, 1, 5, NULL, 1, '25', 2, '2017-11-29 20:37:33', '2017-12-05 02:24:59', '2017-12-05 02:27:50', NULL, NULL, NULL, NULL, NULL, 11, 22, NULL, NULL, '1', '2017-11-29 20:37:34', '2017-12-05 02:27:50', '1'),
(26, 27, 1, 1, 1, 3, NULL, 1, '26', 2, '2017-12-05 01:56:17', '2017-12-14 22:56:16', '2017-12-15 00:04:53', NULL, NULL, NULL, NULL, NULL, 27, 22, NULL, NULL, '1', '2017-12-05 01:56:17', '2017-12-15 00:04:53', '1'),
(27, 29, 1, 1, 1, 6, NULL, 1, '27', 2, '2018-01-06 01:55:53', '2018-01-06 01:58:09', '2018-01-08 20:10:26', NULL, NULL, NULL, NULL, NULL, 27, 22, NULL, NULL, '1', '2018-01-06 01:55:53', '2018-01-08 20:10:26', '1'),
(28, 28, 1, 1, 1, 5, NULL, 1, '28', 2, '2018-01-07 22:44:15', '2018-01-08 20:26:47', '2018-01-08 21:41:52', NULL, NULL, NULL, NULL, NULL, 27, 22, NULL, NULL, '1', '2018-01-07 22:44:15', '2018-01-08 21:41:52', '1'),
(29, 31, 1, 1, 1, 1, NULL, 1, '29', 2, '2018-01-12 19:50:58', '2018-01-12 20:15:34', '2018-01-12 20:20:20', NULL, NULL, NULL, NULL, NULL, 27, 5, NULL, NULL, '1', '2018-01-12 19:50:58', '2018-01-12 20:20:20', '1'),
(30, 30, 1, 1, 1, 5, NULL, 1, '30', 2, '2018-01-13 00:04:15', '2018-01-13 00:25:19', '2018-01-13 00:25:42', NULL, NULL, NULL, NULL, NULL, 27, 5, NULL, NULL, '1', '2018-01-13 00:04:15', '2018-01-13 00:25:42', '1'),
(31, 32, 1, 1, 1, 5, NULL, 1, '31', 2, '2018-01-13 03:59:25', '2018-01-13 22:27:59', '2018-01-16 00:49:38', NULL, NULL, NULL, NULL, NULL, 27, 5, NULL, NULL, '1', '2018-01-13 03:59:25', '2018-01-16 00:49:38', '1'),
(32, 33, 1, 1, 1, 6, NULL, 1, '32', 2, '2018-01-13 05:34:09', '2018-01-16 00:45:28', '2018-01-16 00:49:18', NULL, NULL, NULL, NULL, NULL, 27, 5, NULL, NULL, '1', '2018-01-13 05:34:09', '2018-01-16 00:49:18', '1'),
(33, 35, 1, 1, 1, 1, NULL, 1, '33', 2, '2018-01-17 20:41:54', '2018-01-18 03:00:10', '2018-01-18 03:11:53', NULL, NULL, NULL, NULL, NULL, 27, 5, NULL, NULL, '1', '2018-01-17 20:41:54', '2018-01-18 03:11:53', '1'),
(34, 36, 1, 1, 1, 5, NULL, 1, '34', 2, '2018-01-23 02:01:55', '2018-01-23 02:13:15', '2018-01-23 02:13:50', NULL, NULL, NULL, NULL, NULL, 27, 5, NULL, NULL, '1', '2018-01-23 02:01:55', '2018-01-23 02:13:50', '1'),
(35, 38, 1, 1, 1, 6, NULL, 1, '35', 2, '2018-01-27 00:08:22', '2018-01-27 01:05:20', '2018-01-27 01:05:48', NULL, NULL, NULL, NULL, NULL, 11, 5, NULL, NULL, '1', '2018-01-27 00:08:22', '2018-01-27 01:05:48', '1'),
(36, 37, 1, 1, 1, 2, NULL, 1, '36', 2, '2018-01-27 04:47:04', '2018-01-27 05:18:52', '2018-01-27 07:37:15', NULL, NULL, NULL, NULL, NULL, 27, 5, NULL, NULL, '1', '2018-01-27 04:47:04', '2018-01-27 07:37:15', '1'),
(37, 39, 1, 1, 1, 5, NULL, 1, '37', 2, '2018-01-30 07:23:27', '2018-02-01 00:29:11', '2018-02-01 01:03:04', NULL, NULL, NULL, NULL, NULL, 27, 5, NULL, NULL, '1', '2018-01-30 07:23:27', '2018-02-01 01:03:04', '1'),
(38, 41, 1, 1, 1, 6, NULL, 1, '38', 2, '2018-01-31 21:07:03', '2018-02-01 00:44:10', '2018-02-01 01:02:43', NULL, NULL, NULL, NULL, NULL, 27, 5, NULL, NULL, '1', '2018-01-31 21:07:03', '2018-02-01 01:02:43', '1'),
(39, 40, 1, 1, 1, 5, NULL, 1, '39', 2, '2018-02-01 01:39:31', '2018-02-02 00:07:38', '2018-02-02 02:29:53', NULL, NULL, NULL, NULL, NULL, 27, 5, NULL, NULL, '1', '2018-02-01 01:39:31', '2018-02-02 02:29:53', '1'),
(40, 43, 1, 1, 1, 3, NULL, 1, '40', 2, '2018-02-10 08:37:23', '2018-02-14 22:08:04', '2018-02-15 01:00:32', NULL, NULL, NULL, NULL, NULL, 27, 5, NULL, NULL, '1', '2018-02-10 08:37:23', '2018-02-15 01:00:32', '1'),
(41, 42, 1, 1, 1, 1, NULL, 1, '41', 2, '2018-02-16 21:06:56', '2018-02-16 21:32:54', '2018-02-16 21:35:17', NULL, NULL, NULL, NULL, NULL, 12, 5, NULL, NULL, '1', '2018-02-16 21:06:56', '2018-02-16 21:35:17', '1'),
(42, 44, 1, 1, 1, 1, NULL, 1, '42', 2, '2018-02-17 00:29:23', '2018-02-17 01:30:30', '2018-02-17 02:25:00', NULL, NULL, NULL, NULL, NULL, 27, 22, NULL, NULL, '1', '2018-02-17 00:29:23', '2018-02-17 02:25:00', '1'),
(43, 45, 1, 1, 1, 4, NULL, 1, '43', 2, '2018-02-17 08:18:58', '2018-02-18 19:45:57', '2018-02-19 20:07:51', NULL, NULL, NULL, NULL, NULL, 27, 5, NULL, NULL, '1', '2018-02-17 08:18:58', '2018-02-19 20:07:51', '1'),
(44, 46, 1, 1, 1, 1, NULL, 1, '44', 2, '2018-02-20 00:16:02', '2018-02-20 02:13:06', '2018-02-20 19:38:07', NULL, NULL, NULL, NULL, NULL, 27, 22, NULL, NULL, '1', '2018-02-20 00:16:02', '2018-02-20 19:38:07', '1'),
(45, 34, 1, 1, 1, 1, NULL, 1, '45', 2, '2018-02-20 01:53:08', '2018-02-20 02:11:28', '2018-02-20 02:11:58', NULL, NULL, NULL, NULL, NULL, 11, 5, NULL, NULL, '1', '2018-02-20 01:53:08', '2018-02-20 02:11:58', '1'),
(46, 48, 1, 1, 1, 6, NULL, 1, '46', 2, '2018-02-20 06:10:21', '2018-02-20 18:53:57', '2018-02-20 19:25:00', NULL, NULL, NULL, NULL, NULL, 27, 22, NULL, NULL, '1', '2018-02-20 06:10:21', '2018-02-20 19:25:00', '1'),
(47, 47, 1, 1, 1, 1, NULL, 1, '47', 2, '2018-02-20 19:49:07', '2018-02-20 20:19:49', '2018-02-20 20:42:31', NULL, NULL, NULL, NULL, NULL, 27, 22, NULL, NULL, '1', '2018-02-20 19:49:07', '2018-02-20 20:42:31', '1'),
(48, 49, 1, 1, 1, 3, NULL, 1, '48', 2, '2018-02-24 01:24:45', '2018-02-24 03:50:47', '2018-02-24 06:40:56', NULL, NULL, NULL, NULL, NULL, 11, 5, NULL, NULL, '1', '2018-02-24 01:24:45', '2018-02-24 06:40:56', '1'),
(49, 50, 1, 1, 1, 5, NULL, 1, '49', 2, '2018-03-01 03:54:12', '2018-03-02 04:31:35', '2018-03-02 19:14:04', NULL, NULL, NULL, NULL, NULL, 27, 5, NULL, NULL, '1', '2018-03-01 03:54:12', '2018-03-02 19:14:04', '1'),
(50, 51, 1, 1, 1, 5, NULL, 1, '50', 2, '2018-03-02 04:08:22', '2018-03-02 19:13:11', '2018-03-02 19:14:25', NULL, NULL, NULL, NULL, NULL, 27, 5, NULL, NULL, '1', '2018-03-02 04:08:22', '2018-03-02 19:14:25', '1'),
(51, 52, 1, 1, 1, 3, NULL, 1, '51', 2, '2018-03-02 04:29:09', '2018-03-02 04:30:08', '2018-03-02 04:52:39', NULL, NULL, NULL, NULL, NULL, 27, 22, NULL, NULL, '1', '2018-03-02 04:29:09', '2018-03-02 04:52:39', '1'),
(52, 53, 1, 1, 1, 3, NULL, 1, '52', 2, '2018-03-05 23:07:33', '2018-03-05 23:30:27', '2018-03-05 23:34:01', NULL, NULL, NULL, NULL, NULL, 27, 5, NULL, NULL, '1', '2018-03-05 23:07:33', '2018-03-05 23:34:01', '1'),
(53, 56, 1, 1, 1, 5, NULL, 1, '53', 2, '2018-03-08 22:49:48', '2018-03-09 04:01:42', '2018-03-09 21:49:58', NULL, NULL, NULL, NULL, NULL, 12, 22, NULL, NULL, '1', '2018-03-08 22:49:48', '2018-03-09 21:49:58', '1'),
(54, 55, 1, 1, 1, 1, NULL, 1, '54', 2, '2018-03-09 01:21:25', '2018-03-09 01:37:19', '2018-03-09 02:18:25', NULL, NULL, NULL, NULL, NULL, 11, 22, NULL, NULL, '1', '2018-03-09 01:21:25', '2018-03-09 02:18:25', '1'),
(55, 54, 1, 1, 1, 1, NULL, 1, '55', 2, '2018-03-09 05:02:40', '2018-03-09 19:36:10', '2018-03-09 22:05:08', NULL, NULL, NULL, NULL, NULL, 5, 22, NULL, NULL, '1', '2018-03-09 05:02:40', '2018-03-09 22:05:08', '1'),
(56, 57, 1, 1, 1, 5, NULL, 1, '56', 2, '2018-03-09 20:55:39', '2018-03-10 00:40:46', '2018-03-10 04:37:40', NULL, NULL, NULL, NULL, NULL, 5, 22, NULL, NULL, '1', '2018-03-09 20:55:39', '2018-03-10 04:37:40', '1'),
(57, 58, 1, 1, 1, 5, NULL, 1, '57', 2, '2018-03-09 21:38:55', '2018-03-10 00:36:03', '2018-03-10 00:36:17', NULL, NULL, NULL, NULL, NULL, 11, 5, NULL, NULL, '1', '2018-03-09 21:38:55', '2018-03-10 00:36:17', '1'),
(58, 59, 1, 1, 1, 3, NULL, 1, '58', 2, '2018-03-10 05:25:14', '2018-03-10 05:29:36', '2018-03-10 19:30:26', NULL, NULL, NULL, NULL, NULL, 27, 5, NULL, NULL, '1', '2018-03-10 05:25:14', '2018-03-10 19:30:26', '1'),
(59, 60, 1, 1, 1, 1, NULL, 1, '59', 2, '2018-03-10 22:52:18', '2018-03-10 23:15:23', '2018-03-10 23:19:23', NULL, NULL, NULL, NULL, NULL, 27, 5, NULL, NULL, '1', '2018-03-10 22:52:18', '2018-03-10 23:19:23', '1'),
(60, 64, 1, 1, 1, 5, NULL, 1, '60', 2, '2018-03-13 03:42:01', '2018-03-13 18:17:40', '2018-03-13 20:04:23', NULL, NULL, NULL, NULL, NULL, 12, 22, NULL, NULL, '1', '2018-03-13 03:42:01', '2018-03-13 20:04:23', '1'),
(61, 66, 1, 1, 1, 1, NULL, 1, '61', 2, '2018-03-14 00:30:20', '2018-03-14 02:19:54', '2018-03-14 02:23:54', NULL, NULL, NULL, NULL, NULL, 27, 5, NULL, NULL, '1', '2018-03-14 00:30:20', '2018-03-14 02:23:54', '1'),
(62, 61, 1, 1, 1, 1, NULL, 1, '62', 2, '2018-03-14 18:21:01', '2018-03-14 21:59:09', '2018-03-14 22:00:31', NULL, NULL, NULL, NULL, NULL, 11, 5, NULL, NULL, '1', '2018-03-14 18:21:01', '2018-03-14 22:00:31', '1'),
(63, 65, 1, 1, 1, 4, NULL, 1, '63', 2, '2018-03-14 20:26:29', '2018-03-14 22:18:05', '2018-03-15 01:00:14', NULL, NULL, NULL, NULL, NULL, 27, 5, NULL, NULL, '1', '2018-03-14 20:26:29', '2018-03-15 01:00:14', '1'),
(64, 67, 1, 1, 1, 1, NULL, 1, '64', 2, '2018-03-15 16:05:51', '2018-03-15 21:55:09', '2018-03-16 00:21:25', NULL, NULL, NULL, NULL, NULL, 12, 5, NULL, NULL, '1', '2018-03-15 16:05:51', '2018-03-16 00:21:25', '1'),
(65, 68, 1, 1, 1, 3, NULL, 1, '65', 2, '2018-03-16 00:51:10', '2018-03-16 21:57:23', '2018-03-16 21:59:53', NULL, NULL, NULL, NULL, NULL, 27, 5, NULL, NULL, '1', '2018-03-16 00:51:10', '2018-03-16 21:59:53', '1'),
(66, 70, 1, 1, 1, 5, NULL, 1, '66', 2, '2018-03-16 08:47:49', '2018-03-16 21:58:47', '2018-03-16 21:59:38', NULL, NULL, NULL, NULL, NULL, 27, 5, NULL, NULL, '1', '2018-03-16 08:47:49', '2018-03-16 21:59:38', '1'),
(67, 72, 1, 1, 1, 1, NULL, 1, '67', 2, '2018-03-16 23:12:12', '2018-03-16 23:55:18', '2018-03-17 00:04:01', NULL, NULL, NULL, NULL, NULL, 11, 22, NULL, NULL, '1', '2018-03-16 23:12:12', '2018-03-17 00:04:01', '1'),
(68, 71, 1, 1, 1, 4, NULL, 1, '68', 2, '2018-03-17 00:54:33', '2018-03-17 01:32:32', '2018-03-17 19:52:44', NULL, NULL, NULL, NULL, NULL, 12, 5, NULL, NULL, '1', '2018-03-17 00:54:33', '2018-03-17 19:52:44', '1'),
(69, 76, 1, 1, 1, 6, NULL, 1, '69', 2, '2018-03-17 20:14:54', '2018-03-17 20:18:23', '2018-03-17 20:20:11', NULL, NULL, NULL, NULL, NULL, 11, 5, NULL, NULL, '1', '2018-03-17 20:14:54', '2018-03-17 20:20:11', '1'),
(70, 73, 1, 1, 1, 3, NULL, 1, '70', 2, '2018-03-17 20:37:59', '2018-03-17 21:50:47', '2018-03-17 21:52:11', NULL, NULL, NULL, NULL, NULL, 27, 5, NULL, NULL, '1', '2018-03-17 20:37:59', '2018-03-17 21:52:11', '1'),
(71, 63, 1, 1, 1, 3, NULL, 1, '71', 2, '2018-03-19 01:31:31', '2018-03-19 20:23:03', '2018-03-19 20:28:27', NULL, NULL, NULL, NULL, NULL, 27, 5, NULL, NULL, '1', '2018-03-19 01:31:31', '2018-03-19 20:28:27', '1'),
(72, 74, 1, 1, 1, 5, NULL, 1, '72', 2, '2018-03-19 20:59:08', '2018-03-19 21:04:21', '2018-03-19 21:12:51', NULL, NULL, NULL, NULL, NULL, 5, 22, NULL, NULL, '1', '2018-03-19 20:59:08', '2018-03-19 21:12:51', '1'),
(73, 75, 1, 1, 1, 5, NULL, 1, '73', 2, '2018-03-19 21:26:01', '2018-03-19 21:31:57', '2018-03-19 21:32:02', NULL, NULL, NULL, NULL, NULL, 11, 22, NULL, NULL, '1', '2018-03-19 21:26:01', '2018-03-19 21:32:02', '1'),
(74, 77, 1, 1, 1, 1, NULL, 1, '74', 2, '2018-03-19 21:32:24', '2018-03-19 21:34:53', '2018-03-19 23:17:32', NULL, NULL, NULL, NULL, NULL, 27, 5, NULL, NULL, '1', '2018-03-19 21:32:24', '2018-03-19 23:17:32', '1'),
(75, 69, 1, 1, 1, 1, NULL, 1, '75', 2, '2018-03-20 02:40:21', '2018-03-20 02:43:43', '2018-03-20 02:46:24', NULL, NULL, NULL, NULL, NULL, 27, 5, NULL, NULL, '1', '2018-03-20 02:40:21', '2018-03-20 02:46:24', '1'),
(76, 79, 1, 1, 1, 6, NULL, 1, '76', 2, '2018-03-21 19:43:30', '2018-03-21 20:10:21', '2018-03-21 20:11:19', NULL, NULL, NULL, NULL, NULL, 11, 5, NULL, NULL, '1', '2018-03-21 19:43:30', '2018-03-21 20:11:19', '1'),
(77, 78, 1, 1, 1, 3, NULL, 1, '77', 2, '2018-03-21 22:40:45', '2018-03-21 22:42:14', '2018-03-21 22:53:29', NULL, NULL, NULL, NULL, NULL, 11, 22, NULL, NULL, '1', '2018-03-21 22:40:45', '2018-03-21 22:53:29', '1'),
(78, 80, 1, 1, 1, 3, NULL, 1, '78', 2, '2018-03-22 03:57:59', '2018-03-22 05:21:29', '2018-03-22 05:23:46', NULL, NULL, NULL, NULL, NULL, 12, 22, NULL, NULL, '1', '2018-03-22 03:57:59', '2018-03-22 05:23:46', '1'),
(79, 81, 1, 1, 1, 3, NULL, 1, '79', 2, '2018-03-22 05:54:46', '2018-03-22 20:03:33', '2018-03-22 20:53:40', NULL, NULL, NULL, NULL, NULL, 12, 5, NULL, NULL, '1', '2018-03-22 05:54:46', '2018-03-22 20:53:40', '1'),
(80, 83, 1, 1, 1, 1, NULL, 1, '80', 2, '2018-03-29 06:13:31', '2018-03-29 06:14:01', '2018-03-29 21:45:29', NULL, NULL, NULL, NULL, NULL, 12, 5, NULL, NULL, '1', '2018-03-29 06:13:31', '2018-03-29 21:45:29', '1'),
(81, 85, 1, 1, 1, 5, NULL, 1, '81', 2, '2018-03-29 22:19:39', '2018-03-30 03:17:11', '2018-04-02 18:44:44', NULL, NULL, NULL, NULL, NULL, 27, 5, NULL, NULL, '1', '2018-03-29 22:19:39', '2018-04-02 18:44:44', '1'),
(82, 84, 1, 1, 1, 3, NULL, 1, '82', 2, '2018-03-30 08:19:38', '2018-04-02 18:43:39', '2018-04-02 18:44:01', NULL, NULL, NULL, NULL, NULL, 27, 5, NULL, NULL, '1', '2018-03-30 08:19:38', '2018-04-02 18:44:01', '1'),
(83, 90, 1, 1, 2, 4, NULL, 1, '83', 2, '2018-04-04 00:51:26', '2018-04-04 01:27:59', '2018-04-04 01:53:47', NULL, NULL, NULL, NULL, NULL, 27, 22, NULL, NULL, '1', '2018-04-04 00:51:26', '2018-04-04 01:53:47', '1'),
(84, 91, 1, 1, 1, 1, NULL, 1, '84', 2, '2018-04-04 01:22:47', '2018-04-04 19:23:42', '2018-04-04 21:20:31', NULL, NULL, NULL, NULL, NULL, 27, 5, NULL, NULL, '1', '2018-04-04 01:22:47', '2018-04-04 21:20:31', '1'),
(85, 87, 1, 1, 1, 4, NULL, 1, '85', 2, '2018-04-04 03:21:18', '2018-04-04 03:23:03', '2018-04-04 03:27:16', NULL, NULL, NULL, NULL, NULL, 5, 22, NULL, NULL, '1', '2018-04-04 03:21:18', '2018-04-04 03:27:16', '1'),
(86, 88, 1, 1, 1, 3, NULL, 1, '86', 2, '2018-04-04 07:32:55', '2018-04-04 21:55:50', '2018-04-06 00:30:59', NULL, NULL, NULL, NULL, NULL, 27, 5, NULL, NULL, '1', '2018-04-04 07:32:55', '2018-04-06 00:30:59', '1'),
(87, 92, 1, 1, 1, 5, NULL, 1, '87', 2, '2018-04-04 08:14:44', '2018-04-04 19:29:11', '2018-04-04 21:21:17', NULL, NULL, NULL, NULL, NULL, 27, 5, NULL, NULL, '1', '2018-04-04 08:14:44', '2018-04-04 21:21:17', '1'),
(88, 89, 1, 1, 1, 5, NULL, 1, '88', 2, '2018-04-05 05:49:42', '2018-04-05 05:53:05', '2018-04-06 00:31:17', NULL, NULL, NULL, NULL, NULL, 11, 5, NULL, NULL, '1', '2018-04-05 05:49:42', '2018-04-06 00:31:17', '1'),
(89, 86, 1, 1, 1, 1, NULL, 1, '89', 2, '2018-04-05 22:44:11', '2018-04-06 19:08:42', '2018-04-06 19:11:14', NULL, NULL, NULL, NULL, NULL, 27, 5, NULL, NULL, '1', '2018-04-05 22:44:11', '2018-04-06 19:11:14', '1'),
(90, 95, 1, 1, 1, 3, NULL, 1, '90', 2, '2018-04-06 05:41:37', '2018-04-06 18:56:13', '2018-04-06 19:13:49', NULL, NULL, NULL, NULL, NULL, 27, 5, NULL, NULL, '1', '2018-04-06 05:41:37', '2018-04-06 19:13:49', '1'),
(91, 93, 1, 1, 1, 1, NULL, 1, '91', 2, '2018-04-06 20:02:31', '2018-04-06 21:31:15', '2018-04-06 22:19:52', NULL, NULL, NULL, NULL, NULL, 27, 5, NULL, NULL, '1', '2018-04-06 20:02:31', '2018-04-06 22:19:52', '1'),
(92, 97, 1, 1, 1, 1, NULL, 1, '92', 2, '2018-04-10 04:03:38', '2018-04-10 04:23:12', '2018-04-11 01:01:44', NULL, NULL, NULL, NULL, NULL, 27, 27, NULL, NULL, '1', '2018-04-10 04:03:38', '2018-04-11 01:01:44', '1'),
(93, 100, 1, 1, 1, 1, NULL, 1, '93', 2, '2018-04-10 05:12:44', '2018-04-10 05:13:10', '2018-04-11 00:50:31', NULL, NULL, NULL, NULL, NULL, 27, 27, NULL, NULL, '1', '2018-04-10 05:12:44', '2018-04-11 00:50:31', '1'),
(94, 98, 1, 1, 1, 1, NULL, 1, '94', 2, '2018-04-10 05:28:36', '2018-04-10 20:28:31', '2018-04-11 00:43:19', NULL, NULL, NULL, NULL, NULL, 27, 27, NULL, NULL, '1', '2018-04-10 05:28:36', '2018-04-11 00:43:19', '1'),
(95, 102, 1, 1, 1, 3, NULL, 1, '95', 2, '2018-04-10 22:46:17', '2018-04-11 00:51:05', '2018-04-11 00:57:32', NULL, NULL, NULL, NULL, NULL, 27, 27, NULL, NULL, '1', '2018-04-10 22:46:17', '2018-04-11 00:57:32', '1'),
(96, 103, 1, 1, 1, 5, NULL, 1, '96', 2, '2018-04-11 01:39:51', '2018-04-11 01:40:56', '2018-04-11 01:52:00', NULL, NULL, NULL, NULL, NULL, 27, 27, NULL, NULL, '1', '2018-04-11 01:39:51', '2018-04-11 01:52:00', '1'),
(97, 96, 1, 1, 1, 1, NULL, 1, '97', 2, '2018-04-11 03:05:02', '2018-04-11 03:05:37', '2018-04-11 19:26:59', NULL, NULL, NULL, NULL, NULL, 27, 27, NULL, NULL, '1', '2018-04-11 03:05:02', '2018-04-11 19:26:59', '1'),
(98, 105, 1, 1, 1, 1, NULL, 1, '98', 2, '2018-04-11 05:02:39', '2018-04-11 23:22:15', '2018-04-11 23:34:42', NULL, NULL, NULL, NULL, NULL, 27, 27, NULL, NULL, '1', '2018-04-11 05:02:39', '2018-04-11 23:34:42', '1'),
(99, 101, 1, 1, 1, 5, NULL, 1, '99', 2, '2018-04-11 07:25:22', '2018-04-11 23:21:19', '2018-04-11 23:32:29', NULL, NULL, NULL, NULL, NULL, 27, 27, NULL, NULL, '1', '2018-04-11 07:25:22', '2018-04-11 23:32:29', '1'),
(100, 94, 1, 1, 1, 6, NULL, 1, '100', 2, '2018-04-12 20:09:50', '2018-04-12 21:21:22', '2018-04-12 21:37:12', NULL, NULL, NULL, NULL, NULL, 27, 27, NULL, NULL, '1', '2018-04-12 20:09:50', '2018-04-12 21:37:12', '1'),
(101, 99, 1, 1, 1, 5, NULL, 1, '101', 2, '2018-04-12 20:19:51', '2018-04-12 21:20:31', '2018-04-12 21:33:04', NULL, NULL, NULL, NULL, NULL, 27, 27, NULL, NULL, '1', '2018-04-12 20:19:51', '2018-04-12 21:33:04', '1'),
(102, 104, 1, 1, 1, 3, NULL, 1, '102', 2, '2018-04-12 22:46:07', '2018-04-12 22:47:00', '2018-04-14 01:31:38', NULL, NULL, NULL, NULL, NULL, 27, 27, NULL, NULL, '1', '2018-04-12 22:46:07', '2018-04-14 01:31:38', '1'),
(103, 112, 1, 1, 1, 1, NULL, 1, '103', 2, '2018-04-13 21:28:02', '2018-04-14 00:52:55', '2018-04-14 03:37:16', NULL, NULL, NULL, NULL, NULL, 27, 27, NULL, NULL, '1', '2018-04-13 21:28:02', '2018-04-14 03:37:16', '1'),
(104, 113, 1, 1, 1, 5, NULL, 1, '104', 2, '2018-04-13 22:32:34', '2018-04-14 00:50:33', '2018-04-14 03:41:00', NULL, NULL, NULL, NULL, NULL, 27, 27, NULL, NULL, '1', '2018-04-13 22:32:34', '2018-04-14 03:41:00', '1'),
(105, 107, 1, 1, 1, 1, NULL, 1, '105', 2, '2018-04-14 00:45:10', '2018-04-14 00:46:03', '2018-04-14 03:44:04', NULL, NULL, NULL, NULL, NULL, 27, 27, NULL, NULL, '1', '2018-04-14 00:45:10', '2018-04-14 03:44:04', '1'),
(106, 109, 1, 1, 1, 5, NULL, 1, '106', 2, '2018-04-14 02:19:25', '2018-04-14 04:08:50', '2018-04-14 04:11:33', NULL, NULL, NULL, NULL, NULL, 27, 5, NULL, NULL, '1', '2018-04-14 02:19:25', '2018-04-14 04:11:33', '1'),
(107, 108, 1, 1, 1, 5, NULL, 1, '107', 2, '2018-04-14 04:00:22', '2018-04-14 04:11:37', '2018-04-14 04:13:28', NULL, NULL, NULL, NULL, NULL, 27, 5, NULL, NULL, '1', '2018-04-14 04:00:22', '2018-04-14 04:13:28', '1'),
(108, 110, 1, 1, 2, 5, NULL, 1, '108', 2, '2018-04-14 04:41:08', '2018-04-14 04:42:17', '2018-04-14 04:51:26', NULL, NULL, NULL, NULL, NULL, 27, 27, NULL, NULL, '1', '2018-04-14 04:41:08', '2018-04-14 04:51:26', '1'),
(109, 106, 1, 1, 1, 5, NULL, 1, '109', 2, '2018-04-15 04:22:02', '2018-04-16 18:46:04', '2018-04-16 18:51:18', NULL, NULL, NULL, NULL, NULL, 27, 5, NULL, NULL, '1', '2018-04-15 04:22:02', '2018-04-16 18:51:18', '1'),
(110, 111, 1, 1, 1, 6, NULL, 1, '110', 2, '2018-04-15 05:54:29', '2018-04-16 18:55:44', '2018-04-16 18:57:06', NULL, NULL, NULL, NULL, NULL, 27, 5, NULL, NULL, '1', '2018-04-15 05:54:29', '2018-04-16 18:57:06', '1'),
(111, 114, 1, 1, 1, 5, NULL, 1, '111', 2, '2018-04-18 00:07:05', '2018-04-18 00:13:33', '2018-04-18 00:26:57', NULL, NULL, NULL, NULL, NULL, 27, 27, NULL, NULL, '1', '2018-04-18 00:07:05', '2018-04-18 00:26:57', '1'),
(112, 62, 1, 1, 1, 5, NULL, 1, '112', 2, '2018-04-18 00:33:09', '2018-04-18 00:50:19', '2018-04-18 00:58:58', NULL, NULL, NULL, NULL, NULL, 27, 27, NULL, NULL, '1', '2018-04-18 00:33:09', '2018-04-18 00:58:58', '1'),
(113, 115, 1, 1, 1, 1, NULL, 1, '113', 2, '2018-04-18 00:59:26', '2018-04-18 01:06:13', '2018-04-18 03:20:31', NULL, NULL, NULL, NULL, NULL, 27, 5, NULL, NULL, '1', '2018-04-18 00:59:26', '2018-04-18 03:20:31', '1'),
(114, 116, 1, 1, 1, 5, NULL, 1, '114', 2, '2018-04-18 05:12:48', '2018-04-18 05:15:27', '2018-04-18 05:16:05', NULL, NULL, NULL, NULL, NULL, 27, 5, NULL, NULL, '1', '2018-04-18 05:12:48', '2018-04-18 05:16:05', '1'),
(115, 117, 1, 1, 1, 5, NULL, 1, '115', 2, '2018-04-18 20:21:26', '2018-04-18 21:05:12', '2018-04-18 21:11:46', NULL, NULL, NULL, NULL, NULL, 27, 27, NULL, NULL, '1', '2018-04-18 20:21:26', '2018-04-18 21:11:46', '1'),
(116, 118, 1, 1, 1, 3, NULL, 1, '116', 2, '2018-04-19 02:24:03', '2018-04-19 02:30:56', '2018-04-19 03:37:41', NULL, NULL, NULL, NULL, NULL, 27, 27, NULL, NULL, '1', '2018-04-19 02:24:03', '2018-04-19 03:37:41', '1'),
(117, 119, 1, 1, 1, 4, NULL, 1, '117', 2, '2018-04-19 03:14:41', '2018-04-19 04:03:24', '2018-04-19 05:44:37', NULL, NULL, NULL, NULL, NULL, 27, 22, NULL, NULL, '1', '2018-04-19 03:14:41', '2018-04-19 05:44:37', '1'),
(118, 120, 1, 1, 1, 6, NULL, 1, '118', 2, '2018-04-20 23:45:36', '2018-04-20 23:46:28', '2018-04-24 19:43:35', NULL, NULL, NULL, NULL, NULL, 27, 27, NULL, NULL, '1', '2018-04-20 23:45:37', '2018-04-24 19:43:35', '1'),
(119, 82, 1, 1, 1, 5, NULL, 1, '119', 2, '2018-04-21 03:40:59', '2018-04-21 03:41:58', '2018-04-24 19:44:44', NULL, NULL, NULL, NULL, NULL, 27, 27, NULL, NULL, '1', '2018-04-21 03:40:59', '2018-04-24 19:44:44', '1'),
(120, 125, 1, 1, 1, 2, NULL, 1, '120', 2, '2018-04-28 21:46:11', '2018-04-29 00:41:52', '2018-04-29 02:21:14', NULL, NULL, NULL, NULL, NULL, 27, 22, NULL, NULL, '1', '2018-04-28 21:46:11', '2018-04-29 02:21:14', '1'),
(121, 124, 1, 1, 1, 5, NULL, 1, '121', 2, '2018-05-02 19:10:49', '2018-05-02 19:11:48', '2018-05-02 20:07:40', NULL, NULL, NULL, NULL, NULL, 27, 27, NULL, NULL, '1', '2018-05-02 19:10:49', '2018-05-02 20:07:40', '1'),
(122, 126, 1, 1, 1, 5, NULL, 1, '122', 2, '2018-05-03 23:36:46', '2018-05-04 00:12:35', '2018-05-04 01:16:38', NULL, NULL, NULL, NULL, NULL, 27, 22, NULL, NULL, '1', '2018-05-03 23:36:46', '2018-05-04 01:16:38', '1'),
(123, 127, 1, 1, 1, 4, NULL, 1, '123', 2, '2018-05-04 21:23:20', '2018-05-04 21:35:40', '2018-05-04 21:50:52', NULL, NULL, NULL, NULL, NULL, 27, 27, NULL, NULL, '1', '2018-05-04 21:23:20', '2018-05-04 21:50:52', '1'),
(124, 128, 1, 1, 1, 1, NULL, 1, '124', 2, '2018-05-04 21:48:23', '2018-05-04 21:56:13', '2018-05-04 21:59:41', NULL, NULL, NULL, NULL, NULL, 23, 27, NULL, NULL, '1', '2018-05-04 21:48:23', '2018-05-04 21:59:41', '1'),
(125, 129, 1, 1, 1, 5, NULL, 1, '125', 2, '2018-05-08 05:02:10', '2018-05-08 05:02:57', '2018-05-08 21:07:58', NULL, NULL, NULL, NULL, NULL, 27, 27, NULL, NULL, '1', '2018-05-08 05:02:10', '2018-05-08 21:07:58', '1'),
(126, 130, 1, 1, 1, 3, NULL, 1, '126', 2, '2018-05-09 23:46:06', '2018-05-10 00:13:33', '2018-05-10 00:27:46', NULL, NULL, NULL, NULL, NULL, 27, 22, NULL, NULL, '1', '2018-05-09 23:46:06', '2018-05-10 00:27:46', '1'),
(127, 10, 1, 1, 1, 3, NULL, 1, '127', 2, '2018-05-11 03:16:58', '2018-05-11 03:52:57', '2018-05-11 04:10:03', NULL, NULL, NULL, NULL, NULL, 27, 27, NULL, NULL, '1', '2018-05-11 03:16:58', '2018-05-11 04:10:03', '1'),
(128, 123, 1, 1, 1, 3, NULL, 1, '128', 2, '2018-05-12 01:33:07', '2018-05-12 01:33:52', '2018-05-15 20:48:04', NULL, NULL, NULL, NULL, NULL, 27, 27, NULL, NULL, '1', '2018-05-12 01:33:07', '2018-05-15 20:48:04', '1'),
(129, 122, 1, 1, 1, 5, NULL, 1, '129', 2, '2018-05-13 02:17:49', '2018-05-15 20:30:26', '2018-05-15 20:46:03', NULL, NULL, NULL, NULL, NULL, 23, 27, NULL, NULL, '1', '2018-05-13 02:17:49', '2018-05-15 20:46:03', '1'),
(130, 131, 1, 1, 1, 1, NULL, 1, '130', 2, '2018-05-16 02:25:37', '2018-05-16 23:41:50', '2018-05-16 23:45:32', NULL, NULL, NULL, NULL, NULL, 23, 27, NULL, NULL, '1', '2018-05-16 02:25:37', '2018-05-16 23:45:32', '1'),
(131, 132, 1, 1, 1, 3, NULL, 1, '131', 2, '2018-05-17 21:32:46', '2018-05-17 21:33:57', '2018-05-17 21:37:55', NULL, NULL, NULL, NULL, NULL, 23, 27, NULL, NULL, '1', '2018-05-17 21:32:46', '2018-05-17 21:37:55', '1'),
(132, 133, 1, 1, 1, 5, NULL, 1, '132', 2, '2018-05-25 01:17:48', '2018-05-25 01:18:33', '2018-05-25 01:33:37', NULL, NULL, NULL, NULL, NULL, 6, 27, NULL, NULL, '1', '2018-05-25 01:17:48', '2018-05-25 01:33:37', '1'),
(133, 135, 1, 1, 1, 2, NULL, 1, '133', 2, '2018-05-30 06:05:37', '2018-05-30 19:20:52', '2018-05-30 19:29:09', NULL, NULL, NULL, NULL, NULL, 6, 27, NULL, NULL, '1', '2018-05-30 06:05:37', '2018-05-30 19:29:09', '1'),
(134, 136, 1, 1, 1, 6, NULL, 1, '134', 2, '2018-05-30 21:06:36', '2018-05-30 21:07:43', '2018-05-30 21:14:21', NULL, NULL, NULL, NULL, NULL, 6, 27, NULL, NULL, '1', '2018-05-30 21:06:36', '2018-05-30 21:14:21', '1'),
(135, 137, 1, 1, 1, 5, NULL, 1, '135', 2, '2018-05-31 20:15:48', '2018-05-31 20:16:05', '2018-05-31 20:17:40', NULL, NULL, NULL, NULL, NULL, 6, 27, NULL, NULL, '1', '2018-05-31 20:15:48', '2018-05-31 20:17:40', '1'),
(136, 134, 1, 1, 1, 1, NULL, 1, '136', 2, '2018-06-01 00:31:06', '2018-06-01 00:35:08', '2018-06-01 00:39:12', NULL, NULL, NULL, NULL, NULL, 6, 27, NULL, NULL, '1', '2018-06-01 00:31:06', '2018-06-01 00:39:12', '1'),
(137, 138, 1, 1, 1, 5, NULL, 1, '137', 2, '2018-06-01 00:59:59', '2018-06-01 01:00:55', '2018-06-01 01:02:18', NULL, NULL, NULL, NULL, NULL, 6, 27, NULL, NULL, '1', '2018-06-01 00:59:59', '2018-06-01 01:02:18', '1'),
(138, 139, 1, 1, 1, 1, NULL, 1, '138', 2, '2018-06-01 01:30:19', '2018-06-01 01:31:31', '2018-06-01 01:32:41', NULL, NULL, NULL, NULL, NULL, 6, 27, NULL, NULL, '1', '2018-06-01 01:30:19', '2018-06-01 01:32:41', '1'),
(139, 140, 1, 1, 1, 1, NULL, 1, '139', 2, '2018-06-01 22:54:41', '2018-06-01 23:18:51', '2018-06-01 23:21:39', NULL, NULL, NULL, NULL, NULL, 7, 22, NULL, NULL, '1', '2018-06-01 22:54:41', '2018-06-01 23:21:39', '1'),
(140, 141, 1, 1, 1, 5, NULL, 1, '140', 2, '2018-06-02 19:24:49', '2018-06-02 19:27:45', '2018-06-02 19:28:32', NULL, NULL, NULL, NULL, NULL, 7, 22, NULL, NULL, '1', '2018-06-02 19:24:49', '2018-06-02 19:28:32', '1'),
(141, 142, 1, 1, 1, 3, NULL, 1, '141', 2, '2018-06-02 21:28:24', '2018-06-02 21:28:38', '2018-06-02 21:29:33', NULL, NULL, NULL, NULL, NULL, 6, 22, NULL, NULL, '1', '2018-06-02 21:28:24', '2018-06-02 21:29:33', '1'),
(142, 143, 1, 1, 1, 4, NULL, 1, '142', 2, '2018-06-04 21:19:36', '2018-06-04 21:25:01', '2018-06-04 21:26:30', NULL, NULL, NULL, NULL, NULL, 7, 22, NULL, NULL, '1', '2018-06-04 21:19:36', '2018-06-04 21:26:30', '1'),
(143, 144, 1, 1, 1, 3, NULL, 1, '143', 2, '2018-06-05 04:01:01', '2018-06-05 04:05:19', '2018-06-05 04:19:16', NULL, NULL, NULL, NULL, NULL, 23, 22, NULL, NULL, '1', '2018-06-05 04:01:01', '2018-06-05 04:19:16', '1'),
(144, 145, 1, 1, 1, 5, NULL, 1, '144', 2, '2018-06-06 05:55:36', '2018-06-06 05:56:06', '2018-06-07 01:42:01', NULL, NULL, NULL, NULL, NULL, 6, 27, NULL, NULL, '1', '2018-06-06 05:55:36', '2018-06-07 01:42:01', '1'),
(145, 147, 1, 1, 1, 4, NULL, 1, '145', 2, '2018-06-08 19:37:59', '2018-06-08 19:38:19', '2018-06-08 19:41:59', NULL, NULL, NULL, NULL, NULL, 7, 27, NULL, NULL, '1', '2018-06-08 19:37:59', '2018-06-08 19:41:59', '1'),
(146, 146, 1, 1, 1, 5, NULL, 1, '146', 2, '2018-06-08 21:34:31', '2018-06-08 21:35:13', '2018-06-08 22:18:36', NULL, NULL, NULL, NULL, NULL, 7, 27, NULL, NULL, '1', '2018-06-08 21:34:31', '2018-06-08 22:18:36', '1'),
(147, 148, 1, 1, 1, 5, NULL, 1, '147', 2, '2018-06-09 19:05:35', '2018-06-09 21:03:27', '2018-06-09 21:18:59', NULL, NULL, NULL, NULL, NULL, 7, 22, NULL, NULL, '1', '2018-06-09 19:05:35', '2018-06-09 21:18:59', '1'),
(148, 149, 1, 1, 1, 4, NULL, 1, '148', 2, '2018-06-09 20:26:37', '2018-06-09 21:03:12', '2018-06-09 21:17:11', NULL, NULL, NULL, NULL, NULL, 7, 22, NULL, NULL, '1', '2018-06-09 20:26:37', '2018-06-09 21:17:11', '1'),
(149, 150, 1, 1, 1, 5, NULL, 1, '149', 2, '2018-06-11 22:16:42', '2018-06-11 23:16:08', '2018-06-11 23:57:15', NULL, NULL, NULL, NULL, NULL, 7, 22, NULL, NULL, '1', '2018-06-11 22:16:42', '2018-06-11 23:57:15', '1'),
(150, 151, 1, 1, 1, 5, NULL, 1, '150', 2, '2018-06-12 05:20:50', '2018-06-12 19:24:56', '2018-06-12 19:26:44', NULL, NULL, NULL, NULL, NULL, 23, 27, NULL, NULL, '1', '2018-06-12 05:20:50', '2018-06-12 19:26:44', '1'),
(151, 121, 1, 1, 1, 6, NULL, 1, '151', 2, '2018-06-13 00:01:38', '2018-06-13 00:02:35', '2018-06-13 00:06:34', NULL, NULL, NULL, NULL, NULL, 6, 27, NULL, NULL, '1', '2018-06-13 00:01:38', '2018-06-13 00:06:34', '1'),
(152, 153, 1, 1, 1, 1, NULL, 1, '152', 2, '2018-06-20 00:10:51', '2018-06-21 02:15:27', '2018-06-21 02:23:32', NULL, NULL, NULL, NULL, NULL, 7, 22, NULL, NULL, '1', '2018-06-20 00:10:51', '2018-06-21 02:23:32', '1'),
(153, 154, 1, 1, 1, 3, NULL, 1, '153', 2, '2018-06-21 23:43:48', '2018-06-21 23:45:02', '2018-06-21 23:46:04', NULL, NULL, NULL, NULL, NULL, 7, 22, NULL, NULL, '1', '2018-06-21 23:43:48', '2018-06-21 23:46:04', '1'),
(154, 156, 1, 1, 1, 5, NULL, 1, '154', 2, '2018-06-27 23:00:22', '2018-06-27 23:22:35', '2018-06-27 23:47:57', NULL, NULL, NULL, NULL, NULL, 6, 27, NULL, NULL, '1', '2018-06-27 23:00:22', '2018-06-27 23:47:57', '1'),
(155, 158, 1, 1, 1, 6, NULL, 1, '155', 2, '2018-06-28 21:40:18', '2018-06-28 21:40:42', '2018-06-28 21:49:17', NULL, NULL, NULL, NULL, NULL, 6, 27, NULL, NULL, '1', '2018-06-28 21:40:18', '2018-06-28 21:49:17', '1'),
(156, 155, 1, 1, 1, 1, NULL, 1, '156', 2, '2018-06-28 21:56:14', '2018-06-28 21:56:29', '2018-06-28 22:47:20', NULL, NULL, NULL, NULL, NULL, 6, 27, NULL, NULL, '1', '2018-06-28 21:56:14', '2018-06-28 22:47:20', '1'),
(157, 157, 1, 1, 1, 1, NULL, 1, '157', 2, '2018-06-29 05:24:06', '2018-06-30 00:31:21', '2018-06-30 00:42:56', NULL, NULL, NULL, NULL, NULL, 7, 27, NULL, NULL, '1', '2018-06-29 05:24:06', '2018-06-30 00:42:56', '1'),
(158, 152, 1, 1, 1, 6, NULL, 1, '158', 2, '2018-07-02 18:52:31', '2018-07-02 18:53:26', '2018-07-02 19:03:00', NULL, NULL, NULL, NULL, NULL, 7, 22, NULL, NULL, '1', '2018-07-02 18:52:31', '2018-07-02 19:03:00', '1'),
(159, 159, 1, 1, 2, 5, NULL, 1, '159', 2, '2018-07-03 21:31:51', '2018-07-03 22:53:52', '2018-07-03 23:05:15', NULL, NULL, NULL, NULL, NULL, 7, 22, NULL, NULL, '1', '2018-07-03 21:31:51', '2018-07-03 23:05:15', '1'),
(160, 160, 1, 1, 1, 5, NULL, 1, '160', 2, '2018-07-10 20:26:27', '2018-07-10 20:28:52', '2018-07-10 20:40:00', NULL, NULL, NULL, NULL, NULL, 7, 27, NULL, NULL, '1', '2018-07-10 20:26:27', '2018-07-10 20:40:00', '1'),
(161, 161, 1, 1, 1, 5, NULL, 1, '161', 2, '2018-07-10 23:30:12', '2018-07-10 23:30:33', '2018-07-11 00:15:06', NULL, NULL, NULL, NULL, NULL, 7, 22, NULL, NULL, '1', '2018-07-10 23:30:12', '2018-07-11 00:15:06', '1'),
(162, 162, 1, 1, 1, 5, NULL, 1, '162', 2, '2018-07-12 23:59:09', '2018-07-13 00:52:04', '2018-07-16 06:49:57', NULL, NULL, NULL, NULL, NULL, 7, 22, NULL, NULL, '1', '2018-07-12 23:59:09', '2018-07-16 06:49:57', '1'),
(163, 163, 1, 1, 1, 5, NULL, 1, '163', 2, '2018-07-13 23:46:32', '2018-07-14 00:21:56', '2018-07-14 22:39:57', NULL, NULL, NULL, NULL, NULL, 7, 22, NULL, NULL, '1', '2018-07-13 23:46:32', '2018-07-14 22:39:57', '1'),
(164, 165, 1, 1, 1, 6, NULL, 1, '164', 2, '2018-07-14 23:55:37', '2018-07-15 00:22:18', '2018-07-15 00:24:20', NULL, NULL, NULL, NULL, NULL, 7, 22, NULL, NULL, '1', '2018-07-14 23:55:37', '2018-07-15 00:24:20', '1'),
(165, 166, 1, 1, 1, 2, NULL, 1, '165', 2, '2018-07-15 01:11:32', '2018-07-15 03:41:17', '2018-07-16 06:49:19', NULL, NULL, NULL, NULL, NULL, 7, 22, NULL, NULL, '1', '2018-07-15 01:11:32', '2018-07-16 06:49:19', '1'),
(166, 167, 1, 1, 2, 2, NULL, 1, '166', 2, '2018-07-15 02:41:08', '2018-07-16 22:19:26', '2018-07-16 22:30:08', NULL, NULL, NULL, NULL, '1', 7, 22, NULL, NULL, '1', '2018-07-15 02:41:08', '2018-07-16 22:30:08', '1'),
(167, 164, 1, 1, 2, 5, NULL, 1, '167', 2, '2018-07-16 21:44:55', '2018-07-16 22:08:27', '2018-07-16 22:09:16', NULL, NULL, NULL, NULL, NULL, 7, 22, NULL, NULL, '1', '2018-07-16 21:44:55', '2018-07-16 22:09:16', '1'),
(168, 171, 1, 1, 1, 5, NULL, 1, '168', 2, '2018-07-17 23:24:14', '2018-07-17 23:24:34', '2018-07-17 23:44:39', NULL, NULL, NULL, NULL, NULL, 7, 27, NULL, NULL, '1', '2018-07-17 23:24:14', '2018-07-17 23:44:39', '1'),
(169, 176, 1, 1, 1, 5, NULL, 1, '169', 2, '2018-07-18 01:41:55', '2018-07-18 01:42:26', '2018-07-18 01:45:22', NULL, NULL, NULL, NULL, NULL, 7, 27, NULL, NULL, '1', '2018-07-18 01:41:55', '2018-07-18 01:45:22', '1'),
(170, 172, 1, 1, 2, 2, NULL, 1, '170', 2, '2018-07-18 02:07:27', '2018-07-18 02:21:57', '2018-07-18 02:23:50', NULL, NULL, NULL, NULL, '1', 7, 22, NULL, NULL, '1', '2018-07-18 02:07:27', '2018-07-18 02:23:50', '1'),
(171, 169, 1, 1, 2, 1, NULL, 1, '171', 2, '2018-07-18 04:33:34', '2018-07-18 20:22:36', '2018-07-18 20:27:52', NULL, NULL, NULL, NULL, '1', 7, 22, NULL, NULL, '1', '2018-07-18 04:33:34', '2018-07-18 20:27:52', '1'),
(172, 178, 1, 1, 2, 2, NULL, 1, '172', 2, '2018-07-18 06:59:05', '2018-07-18 20:21:30', '2018-07-18 20:27:05', NULL, NULL, NULL, NULL, '1', NULL, 22, NULL, NULL, '1', '2018-07-18 06:59:05', '2018-07-18 20:27:05', '1'),
(173, 177, 1, 1, 2, 2, NULL, 1, '173', 2, '2018-07-18 16:29:39', '2018-07-18 19:43:52', '2018-07-18 20:26:29', NULL, NULL, NULL, NULL, '1', 7, 22, NULL, NULL, '1', '2018-07-18 16:29:39', '2018-07-18 20:26:29', '1'),
(174, 175, 1, 1, 2, 1, NULL, 1, '174', 2, '2018-07-18 17:46:47', '2018-07-18 20:21:56', '2018-07-18 20:25:42', NULL, NULL, NULL, NULL, '1', 7, 22, NULL, NULL, '1', '2018-07-18 17:46:47', '2018-07-18 20:25:42', '1'),
(175, 179, 1, 1, 2, 4, NULL, 1, '175', 2, '2018-07-19 01:13:48', '2018-07-19 01:22:57', '2018-07-19 01:29:18', NULL, NULL, NULL, NULL, '1', 7, 22, NULL, NULL, '1', '2018-07-19 01:13:48', '2018-07-19 01:29:18', '1'),
(176, 181, 1, 1, 2, 5, NULL, 1, '176', 2, '2018-07-19 04:10:20', '2018-07-19 20:17:30', '2018-07-19 20:22:35', NULL, NULL, NULL, NULL, '1', 7, 27, NULL, NULL, '1', '2018-07-19 04:10:20', '2018-07-19 20:22:35', '1'),
(177, 174, 1, 1, 2, 1, NULL, 1, '177', 2, '2018-07-20 02:02:16', '2018-07-20 20:32:46', '2018-07-20 20:34:22', NULL, NULL, NULL, NULL, '1', 7, 22, NULL, NULL, '1', '2018-07-20 02:02:16', '2018-07-20 20:34:22', '1'),
(178, 184, 1, 1, 1, 3, NULL, 1, '178', 2, '2018-07-20 02:52:59', '2018-07-20 03:14:29', '2018-07-20 03:16:06', NULL, NULL, NULL, NULL, NULL, 7, 22, NULL, NULL, '1', '2018-07-20 02:52:59', '2018-07-20 03:16:06', '1'),
(179, 183, 1, 1, 2, 6, NULL, 1, '179', 2, '2018-07-20 08:44:15', '2018-07-20 20:31:33', '2018-07-20 20:34:37', NULL, NULL, NULL, NULL, '1', 7, 22, NULL, NULL, '1', '2018-07-20 08:44:15', '2018-07-20 20:34:37', '1'),
(180, 187, 1, 1, 2, 2, NULL, 1, '180', 2, '2018-07-21 00:27:35', '2018-07-21 01:27:28', '2018-07-21 01:28:43', NULL, NULL, NULL, NULL, '1', 7, 22, NULL, NULL, '1', '2018-07-21 00:27:35', '2018-07-21 01:28:43', '1'),
(181, 192, 1, 1, 1, 5, NULL, 1, '181', 2, '2018-07-22 01:47:45', '2018-07-22 19:46:58', '2018-07-22 19:47:39', NULL, NULL, NULL, NULL, NULL, 7, 22, NULL, NULL, '1', '2018-07-22 01:47:45', '2018-07-22 19:47:39', '1'),
(182, 182, 1, 1, 2, 3, NULL, 1, '182', 2, '2018-07-22 16:58:48', '2018-07-22 19:51:17', '2018-07-23 19:20:44', NULL, NULL, NULL, NULL, '1', 7, 22, NULL, NULL, '1', '2018-07-22 16:58:48', '2018-07-23 19:20:44', '1'),
(183, 193, 1, 1, 2, 1, NULL, 1, '183', 2, '2018-07-23 06:21:14', '2018-07-24 21:27:29', '2018-07-24 22:05:51', NULL, NULL, NULL, NULL, '1', 7, 22, NULL, NULL, '1', '2018-07-23 06:21:14', '2018-07-24 22:05:51', '1'),
(184, 173, 1, 1, 2, 5, NULL, 1, '184', 2, '2018-07-24 07:23:49', '2018-07-24 20:58:48', '2018-07-24 22:07:38', NULL, NULL, NULL, NULL, '1', 7, 22, NULL, NULL, '1', '2018-07-24 07:23:49', '2018-07-24 22:07:38', '1'),
(185, 195, 1, 1, 2, 5, NULL, 1, '185', 2, '2018-07-24 22:03:36', '2018-07-24 22:03:58', '2018-07-24 22:07:03', NULL, NULL, NULL, NULL, '1', 7, 22, NULL, NULL, '1', '2018-07-24 22:03:36', '2018-07-24 22:07:03', '1'),
(186, 190, 1, 1, 2, 6, NULL, 1, '186', 2, '2018-07-24 22:25:20', '2018-07-24 22:26:10', '2018-07-24 22:33:38', NULL, NULL, NULL, NULL, '1', 7, 22, NULL, NULL, '1', '2018-07-24 22:25:20', '2018-07-24 22:33:38', '1'),
(187, 200, 1, 1, 1, 1, NULL, 1, '187', 2, '2018-07-25 05:25:31', '2018-07-25 05:28:43', '2018-07-25 05:30:02', NULL, NULL, NULL, NULL, NULL, 7, 22, NULL, NULL, '1', '2018-07-25 05:25:31', '2018-07-25 05:30:02', '1'),
(188, 186, 1, 1, 2, 3, NULL, 1, '188', 2, '2018-07-26 21:19:41', '2018-07-26 21:20:16', '2018-07-26 21:46:28', NULL, NULL, NULL, NULL, '1', 7, 27, NULL, NULL, '1', '2018-07-26 21:19:41', '2018-07-26 21:46:28', '1'),
(189, 199, 1, 1, 2, 5, NULL, 1, '189', 2, '2018-07-26 21:26:34', '2018-07-26 21:27:03', '2018-07-26 21:47:51', NULL, NULL, NULL, NULL, '1', 7, 27, NULL, NULL, '1', '2018-07-26 21:26:34', '2018-07-26 21:47:51', '1'),
(190, 188, 1, 1, 2, 6, NULL, 1, '190', 2, '2018-07-26 23:28:40', '2018-07-26 23:31:26', '2018-07-26 23:50:30', NULL, NULL, NULL, NULL, '1', 7, 22, NULL, NULL, '1', '2018-07-26 23:28:40', '2018-07-26 23:50:30', '1'),
(191, 201, 1, 1, 2, 3, NULL, 1, '191', 2, '2018-07-27 01:54:57', '2018-07-27 02:28:16', '2018-07-27 02:29:19', NULL, NULL, NULL, NULL, '1', 7, 22, NULL, NULL, '1', '2018-07-27 01:54:57', '2018-07-27 02:29:19', '1'),
(192, 180, 1, 1, 2, 5, NULL, 1, '192', 2, '2018-07-28 05:59:00', '2018-07-28 19:26:17', '2018-07-29 00:15:27', NULL, NULL, NULL, NULL, '1', 7, 22, NULL, NULL, '1', '2018-07-28 05:59:00', '2018-07-29 00:15:27', '1'),
(193, 168, 1, 1, 2, 3, NULL, 1, '193', 2, '2018-07-28 06:20:09', '2018-07-28 19:24:47', '2018-07-29 00:15:59', NULL, NULL, NULL, NULL, '1', 7, 22, NULL, NULL, '1', '2018-07-28 06:20:09', '2018-07-29 00:15:59', '1'),
(194, 198, 1, 1, 2, 2, NULL, 1, '194', 2, '2018-07-28 20:28:10', '2018-07-28 20:29:02', '2018-07-29 00:14:59', NULL, NULL, NULL, NULL, '1', 7, 22, NULL, NULL, '1', '2018-07-28 20:28:10', '2018-07-29 00:14:59', '1'),
(195, 203, 1, 1, 2, 3, NULL, 1, '195', 2, '2018-07-28 21:12:34', '2018-07-30 23:56:25', '2018-07-31 00:46:45', NULL, NULL, NULL, NULL, '1', 7, 27, NULL, NULL, '1', '2018-07-28 21:12:34', '2018-07-31 00:46:45', '1'),
(196, 204, 1, 1, 2, 2, NULL, 1, '196', 2, '2018-07-29 00:46:50', '2018-07-30 23:55:57', '2018-07-31 00:48:29', NULL, NULL, NULL, NULL, '1', 7, 27, NULL, NULL, '1', '2018-07-29 00:46:50', '2018-07-31 00:48:29', '1'),
(197, 191, 1, 1, 2, 1, NULL, 1, '197', 2, '2018-07-29 04:26:55', '2018-07-30 22:47:46', '2018-07-31 00:48:53', NULL, NULL, NULL, NULL, '1', 7, 27, NULL, NULL, '1', '2018-07-29 04:26:55', '2018-07-31 00:48:53', '1'),
(198, 194, 1, 1, 2, 1, NULL, 1, '198', 2, '2018-07-29 06:23:12', '2018-07-30 21:37:33', '2018-07-31 00:49:14', NULL, NULL, NULL, NULL, '1', 7, 27, NULL, NULL, '1', '2018-07-29 06:23:12', '2018-07-31 00:49:14', '1'),
(199, 202, 1, 1, 2, 6, NULL, 1, '199', 2, '2018-07-29 07:27:37', '2018-07-30 21:35:52', '2018-07-31 00:49:34', NULL, NULL, NULL, NULL, '1', 7, 27, NULL, NULL, '1', '2018-07-29 07:27:37', '2018-07-31 00:49:34', '1'),
(200, 206, 1, 1, 2, 3, NULL, 1, '200', 2, '2018-07-29 22:26:40', '2018-07-30 21:33:43', '2018-07-31 00:50:51', NULL, NULL, NULL, NULL, '1', 7, 27, NULL, NULL, '1', '2018-07-29 22:26:40', '2018-07-31 00:50:51', '1'),
(201, 170, 1, 1, 2, 5, NULL, 1, '201', 2, '2018-07-30 04:47:12', '2018-07-30 21:05:47', '2018-07-31 00:51:46', NULL, NULL, NULL, NULL, '1', 7, 27, NULL, NULL, '1', '2018-07-30 04:47:12', '2018-07-31 00:51:46', '1'),
(202, 197, 1, 1, 2, 5, NULL, 1, '202', 2, '2018-07-30 20:58:47', '2018-07-30 21:03:11', '2018-07-30 22:22:35', NULL, NULL, NULL, NULL, '1', 7, 22, NULL, NULL, '1', '2018-07-30 20:58:47', '2018-07-30 22:22:35', '1'),
(203, 208, 1, 1, 2, 5, NULL, 1, '203', 2, '2018-07-30 23:32:12', '2018-07-30 23:33:32', '2018-07-31 00:52:25', NULL, NULL, NULL, NULL, '1', 7, 27, NULL, NULL, '1', '2018-07-30 23:32:12', '2018-07-31 00:52:25', '1'),
(204, 205, 1, 1, 2, 3, NULL, 1, '204', 2, '2018-07-31 00:41:02', '2018-07-31 00:41:39', '2018-07-31 00:52:50', NULL, NULL, NULL, NULL, '1', 7, 27, NULL, NULL, '1', '2018-07-31 00:41:02', '2018-07-31 00:52:50', '1'),
(205, 189, 1, 1, 2, 6, NULL, 1, '205', 2, '2018-07-31 18:10:26', '2018-07-31 21:26:50', '2018-07-31 22:06:22', NULL, NULL, NULL, NULL, '1', 7, 22, NULL, NULL, '1', '2018-07-31 18:10:26', '2018-07-31 22:06:22', '1'),
(206, 185, 1, 1, 2, 1, NULL, 1, '206', 2, '2018-07-31 20:54:14', '2018-07-31 21:23:13', '2018-07-31 22:06:49', NULL, NULL, NULL, NULL, '1', 7, 22, NULL, NULL, '1', '2018-07-31 20:54:14', '2018-07-31 22:06:49', '1'),
(207, 207, 1, 1, 2, 3, NULL, 1, '207', 2, '2018-07-31 21:21:22', '2018-07-31 21:21:56', '2018-07-31 22:05:40', NULL, NULL, NULL, NULL, '1', 7, 22, NULL, NULL, '1', '2018-07-31 21:21:22', '2018-07-31 22:05:40', '1'),
(208, 211, 1, 1, 2, 1, NULL, 1, '208', 2, '2018-07-31 21:30:12', '2018-07-31 21:31:03', '2018-07-31 22:03:45', NULL, NULL, NULL, NULL, '1', 7, 22, NULL, NULL, '1', '2018-07-31 21:30:12', '2018-07-31 22:03:45', '1'),
(209, 209, 1, 1, 2, 4, NULL, 1, '209', 2, '2018-07-31 21:38:49', '2018-07-31 21:39:37', '2018-07-31 22:03:00', NULL, NULL, NULL, NULL, '1', 7, 22, NULL, NULL, '1', '2018-07-31 21:38:49', '2018-07-31 22:03:00', '1'),
(210, 196, 1, 1, 2, 3, NULL, 1, '210', 2, '2018-07-31 21:45:40', '2018-07-31 21:46:04', '2018-07-31 22:02:18', NULL, NULL, NULL, NULL, '1', 7, 22, NULL, NULL, '1', '2018-07-31 21:45:40', '2018-07-31 22:02:18', '1'),
(211, 210, 1, 1, 1, 1, NULL, 1, '211', 2, '2018-08-02 07:59:09', '2018-08-08 21:19:47', '2018-08-14 01:02:42', NULL, NULL, NULL, NULL, NULL, 7, 22, NULL, NULL, '1', '2018-08-02 07:59:09', '2018-08-14 01:02:42', '1'),
(212, 212, 1, 1, 1, 4, NULL, 1, '212', 2, '2018-08-07 02:56:25', '2018-08-07 02:58:08', '2018-08-08 03:32:13', NULL, NULL, NULL, NULL, NULL, 7, 27, NULL, NULL, '1', '2018-08-07 02:56:25', '2018-08-08 03:32:13', '1'),
(213, 213, 1, 1, 1, 1, NULL, 1, '213', 2, '2018-08-11 21:45:06', '2018-08-13 20:38:45', '2018-08-13 20:40:39', NULL, NULL, NULL, NULL, NULL, 7, 22, NULL, NULL, '1', '2018-08-11 21:45:06', '2018-08-13 20:40:39', '1'),
(214, 214, 1, 1, 1, 6, NULL, 1, '214', 2, '2018-08-10 15:07:24', '2018-08-10 15:09:16', '2018-08-15 15:27:30', NULL, NULL, NULL, NULL, NULL, 7, 27, NULL, NULL, '1', '2018-08-10 15:07:24', '2018-08-15 15:27:30', '1'),
(215, 215, 1, 1, 1, 4, NULL, 1, '215', 2, '2018-08-16 19:12:22', '2018-08-16 19:36:00', '2018-08-16 19:43:24', NULL, NULL, NULL, NULL, NULL, 7, 22, NULL, NULL, '1', '2018-08-16 19:12:22', '2018-08-16 19:43:24', '1');

--
-- Volcado de datos para la tabla `admitido`
--
INSERT INTO `admitido` (`adm_id`, `int_id`, `sins_id`, `adm_estado_admitido`, `adm_estado`, `adm_fecha_creacion`, `adm_fecha_modificacion`, `adm_estado_logico`) VALUES
(1,1,1,NULL,'1','2017-10-07 10:17:59',NULL,'1'),
(2,2,2,NULL,'1','2017-10-12 06:22:27',NULL,'1'),
(3,3,3,NULL,'1','2017-10-14 02:14:02',NULL,'1'),
(4,4,4,NULL,'1','2017-10-15 02:15:17',NULL,'1'),
(5,5,5,NULL,'1','2017-10-17 07:50:41',NULL,'1'),
(6,6,6,NULL,'1','2017-10-15 02:23:17',NULL,'1'),
(7,7,7,NULL,'1','2017-10-18 03:37:32',NULL,'1'),
(8,8,8,NULL,'1','2018-04-03 16:37:06',NULL,'1'),
(9,9,9,NULL,'1','2017-10-18 22:12:51',NULL,'1'),
(10,10,127,NULL,'1','2018-05-11 22:29:23',NULL,'1'),
(11,11,10,NULL,'1','2017-10-31 23:52:34',NULL,'1'),
(12,12,11,NULL,'1','2018-02-23 22:06:24',NULL,'1'),
(13,13,15,NULL,'1','2017-11-17 01:45:14',NULL,'1'),
(14,14,12,NULL,'1','2017-11-09 15:40:12',NULL,'1'),
(15,15,13,NULL,'1','2017-11-11 16:11:31',NULL,'1'),
(16,16,16,NULL,'1','2017-11-19 17:09:11',NULL,'1'),
(17,17,14,NULL,'1','2017-11-13 19:43:24',NULL,'1'),
(18,18,17,NULL,'1','2017-11-13 21:27:05',NULL,'1'),
(19,19,18,NULL,'1','2018-04-26 15:05:50',NULL,'1'),
(20,20,21,NULL,'1','2017-11-29 00:24:00',NULL,'1'),
(21,21,19,NULL,'1','2017-11-28 21:49:32',NULL,'1'),
(22,22,20,NULL,'1','2017-11-28 20:05:56',NULL,'1'),
(23,23,23,NULL,'1','2017-11-29 15:18:29',NULL,'1'),
(24,24,22,NULL,'1','2017-11-29 15:10:45',NULL,'1'),
(25,25,24,NULL,'1','2017-11-29 17:39:40',NULL,'1'),
(26,26,25,NULL,'1','2018-05-14 15:32:38',NULL,'1'),
(27,27,26,NULL,'1','2018-01-10 17:59:15',NULL,'1'),
(28,28,28,NULL,'1','2018-01-09 16:14:55',NULL,'1'),
(29,29,27,NULL,'1','2018-01-08 21:38:18',NULL,'1'),
(30,30,30,NULL,'1','2018-01-13 14:02:10',NULL,'1'),
(31,31,29,NULL,'1','2018-01-12 20:02:01',NULL,'1'),
(32,32,31,NULL,'1','2018-04-26 15:11:56',NULL,'1'),
(33,33,32,NULL,'1','2018-01-19 22:53:50',NULL,'1'),
(34,34,45,NULL,'1','2018-02-19 21:25:24',NULL,'1'),
(35,35,33,NULL,'1','2018-01-19 14:02:30',NULL,'1'),
(36,36,34,NULL,'1','2018-01-22 22:15:16',NULL,'1'),
(37,37,36,NULL,'1','2018-01-30 19:16:01',NULL,'1'),
(38,38,35,NULL,'1','2018-02-01 22:13:32',NULL,'1'),
(39,39,37,NULL,'1','2018-02-05 17:14:02',NULL,'1'),
(40,40,39,NULL,'1','2018-02-19 16:48:18',NULL,'1'),
(41,41,38,NULL,'1','2018-02-19 21:06:39',NULL,'1'),
(42,42,41,NULL,'1','2018-02-20 19:39:15',NULL,'1'),
(43,43,40,NULL,'1','2018-02-15 22:46:11',NULL,'1'),
(44,44,42,NULL,'1','2018-02-16 21:37:14',NULL,'1'),
(45,45,43,NULL,'1','2018-02-19 16:40:50',NULL,'1'),
(46,46,44,NULL,'1','2018-02-20 15:28:10',NULL,'1'),
(47,47,47,NULL,'1','2018-02-20 15:59:56',NULL,'1'),
(48,48,46,NULL,'1','2018-02-20 19:15:14',NULL,'1'),
(49,49,48,NULL,'1','2018-02-25 16:25:46',NULL,'1'),
(50,50,49,NULL,'1','2018-03-05 19:15:46',NULL,'1'),
(51,51,50,NULL,'1','2018-03-02 14:41:19',NULL,'1'),
(52,52,51,NULL,'1','2018-03-02 19:40:23',NULL,'1'),
(53,53,52,NULL,'1','2018-03-06 13:35:02',NULL,'1'),
(54,54,55,NULL,'1','2018-03-13 14:07:15',NULL,'1'),
(55,55,54,NULL,'1','2018-03-09 14:23:10',NULL,'1'),
(56,56,53,NULL,'1','2018-03-13 17:15:22',NULL,'1'),
(57,57,56,NULL,'1','2018-03-13 14:05:38',NULL,'1'),
(58,58,57,NULL,'1','2018-03-12 14:34:33',NULL,'1'),
(59,59,58,NULL,'1','2018-03-11 15:32:56',NULL,'1'),
(60,60,59,NULL,'1','2018-03-10 19:34:41',NULL,'1'),
(61,61,62,NULL,'1','2018-04-18 16:46:23',NULL,'1'),
(62,62,112,NULL,'1','2018-04-17 20:59:36',NULL,'1'),
(63,63,71,NULL,'1','2018-03-20 15:34:00',NULL,'1'),
(64,64,60,NULL,'1','2018-03-16 15:20:56',NULL,'1'),
(65,65,63,NULL,'1','2018-03-16 15:24:28',NULL,'1'),
(66,66,61,NULL,'1','2018-03-16 15:22:35',NULL,'1'),
(67,67,64,NULL,'1','2018-03-17 13:25:33',NULL,'1'),
(68,68,65,NULL,'1','2018-03-17 13:22:43',NULL,'1'),
(69,69,75,NULL,'1','2018-03-20 13:34:20',NULL,'1'),
(70,70,66,NULL,'1','2018-03-28 21:06:56',NULL,'1'),
(71,71,68,NULL,'1','2018-03-17 16:23:22',NULL,'1'),
(72,72,67,NULL,'1','2018-03-19 19:25:23',NULL,'1'),
(73,73,70,NULL,'1','2018-03-19 19:31:49',NULL,'1'),
(74,74,72,NULL,'1','2018-03-19 20:42:33',NULL,'1'),
(75,75,73,NULL,'1','2018-03-19 20:42:03',NULL,'1'),
(76,76,69,NULL,'1','2018-03-17 16:22:06',NULL,'1'),
(77,77,74,NULL,'1','2018-03-19 19:32:29',NULL,'1'),
(78,78,77,NULL,'1','2018-03-21 19:23:25',NULL,'1'),
(79,79,76,NULL,'1','2018-03-21 20:19:15',NULL,'1'),
(80,80,78,NULL,'1','2018-03-22 16:00:52',NULL,'1'),
(81,81,79,NULL,'1','2018-03-23 01:12:34',NULL,'1'),
(82,82,119,NULL,'1','2018-04-25 17:22:02',NULL,'1'),
(83,83,80,NULL,'1','2018-03-29 22:03:06',NULL,'1'),
(84,84,82,NULL,'1','2018-04-09 18:25:16',NULL,'1'),
(85,85,81,NULL,'1','2018-04-03 15:01:29',NULL,'1'),
(86,86,89,NULL,'1','2018-04-09 17:34:09',NULL,'1'),
(87,87,85,NULL,'1','2018-04-09 23:10:29',NULL,'1'),
(88,88,86,NULL,'1','2018-04-10 21:40:58',NULL,'1'),
(89,89,88,NULL,'1','2018-04-10 21:45:56',NULL,'1'),
(90,90,83,NULL,'1','2018-04-06 19:32:01',NULL,'1'),
(91,91,84,NULL,'1','2018-04-13 20:45:47',NULL,'1'),
(92,92,87,NULL,'1','2018-04-14 15:13:43',NULL,'1'),
(93,93,91,NULL,'1','2018-07-20 21:09:48',NULL,'1'),
(94,94,100,NULL,'1','2018-04-12 17:09:03',NULL,'1'),
(95,95,90,NULL,'1','2018-04-18 16:45:52',NULL,'1'),
(96,96,97,NULL,'1','2018-04-11 22:06:18',NULL,'1'),
(97,97,92,NULL,'1','2018-04-10 21:35:34',NULL,'1'),
(98,98,94,NULL,'1','2018-04-10 21:16:19',NULL,'1'),
(99,99,101,NULL,'1','2018-04-12 20:45:01',NULL,'1'),
(100,100,93,NULL,'1','2018-04-10 21:23:59',NULL,'1'),
(101,101,99,NULL,'1','2018-04-11 22:05:18',NULL,'1'),
(102,102,95,NULL,'1','2018-04-12 23:03:22',NULL,'1'),
(103,103,96,NULL,'1','2018-04-14 15:13:20',NULL,'1'),
(104,104,102,NULL,'1','2018-04-14 15:12:48',NULL,'1'),
(105,105,98,NULL,'1','2018-04-13 14:12:07',NULL,'1'),
(106,106,109,NULL,'1','2018-04-16 22:56:57',NULL,'1'),
(107,107,105,NULL,'1','2018-04-16 17:37:36',NULL,'1'),
(108,108,107,NULL,'1','2018-04-16 17:35:57',NULL,'1'),
(109,109,106,NULL,'1','2018-04-14 15:15:28',NULL,'1'),
(110,110,108,NULL,'1','2018-04-13 23:59:20',NULL,'1'),
(111,111,110,NULL,'1','2018-04-17 21:13:30',NULL,'1'),
(112,112,103,NULL,'1','2018-04-14 18:49:55',NULL,'1'),
(113,113,104,NULL,'1','2018-04-17 20:56:12',NULL,'1'),
(114,114,111,NULL,'1','2018-04-17 20:57:50',NULL,'1'),
(115,115,113,NULL,'1','2018-04-18 15:41:27',NULL,'1'),
(116,116,114,NULL,'1','2018-04-18 00:48:49',NULL,'1'),
(117,117,115,NULL,'1','2018-04-19 01:41:02',NULL,'1'),
(118,118,116,NULL,'1','2018-04-27 16:06:18',NULL,'1'),
(119,119,117,NULL,'1','2018-04-19 01:39:08',NULL,'1'),
(120,120,118,NULL,'1','2018-05-10 23:33:21',NULL,'1'),
(121,121,151,NULL,'1','2018-06-12 21:50:48',NULL,'1'),
(122,122,129,NULL,'1','2018-05-15 17:38:53',NULL,'1'),
(123,123,128,NULL,'1','2018-05-16 23:09:37',NULL,'1'),
(124,124,121,NULL,'1','2018-05-04 22:25:59',NULL,'1'),
(125,125,120,NULL,'1','2018-05-02 15:30:21',NULL,'1'),
(126,126,122,NULL,'1','2018-05-11 22:30:11',NULL,'1'),
(127,127,123,NULL,'1','2018-05-08 23:03:28',NULL,'1'),
(128,128,124,NULL,'1','2018-05-10 22:08:17',NULL,'1'),
(129,129,125,NULL,'1','2018-05-14 15:28:17',NULL,'1'),
(130,130,126,NULL,'1','2018-05-28 15:22:28',NULL,'1'),
(131,131,130,NULL,'1','2018-05-16 19:37:18',NULL,'1'),
(132,132,131,NULL,'1','2018-05-18 15:45:41',NULL,'1'),
(133,133,132,NULL,'1','2018-06-01 15:37:56',NULL,'1'),
(134,134,136,NULL,'1','2018-06-07 21:22:22',NULL,'1'),
(135,135,133,NULL,'1','2018-06-07 17:37:03',NULL,'1'),
(136,136,134,NULL,'1','2018-05-30 20:05:19',NULL,'1'),
(137,137,135,NULL,'1','2018-05-31 22:36:10',NULL,'1'),
(138,138,137,NULL,'1','2018-05-31 20:56:46',NULL,'1'),
(139,139,138,NULL,'1','2018-06-05 15:00:28',NULL,'1'),
(140,140,139,NULL,'1','2018-06-07 17:53:57',NULL,'1'),
(141,141,140,NULL,'1','2018-06-05 14:59:14',NULL,'1'),
(142,142,141,NULL,'1','2018-06-04 17:50:39',NULL,'1'),
(143,143,142,NULL,'1','2018-06-04 17:51:48',NULL,'1'),
(144,144,143,NULL,'1','2018-06-05 20:26:46',NULL,'1'),
(145,145,144,NULL,'1','2018-06-08 15:20:01',NULL,'1'),
(146,146,146,NULL,'1','2018-06-08 18:32:40',NULL,'1'),
(147,147,145,NULL,'1','2018-06-09 14:32:25',NULL,'1'),
(148,148,147,NULL,'1','2018-06-16 17:33:24',NULL,'1'),
(149,149,148,NULL,'1','2018-06-09 18:43:35',NULL,'1'),
(150,150,149,NULL,'1','2018-06-11 22:22:07',NULL,'1'),
(151,151,150,NULL,'1','2018-06-12 20:08:50',NULL,'1'),
(152,152,158,NULL,'1','2018-07-04 16:04:02',NULL,'1'),
(153,153,152,NULL,'1','2018-06-21 19:24:24',NULL,'1'),
(154,154,153,NULL,'1','2018-06-27 00:32:27',NULL,'1'),
(155,155,156,NULL,'1','2018-06-28 18:32:12',NULL,'1'),
(156,156,154,NULL,'1','2018-06-27 19:39:13',NULL,'1'),
(157,157,157,NULL,'1','2018-07-16 13:51:00',NULL,'1'),
(158,158,155,NULL,'1','2018-07-03 18:53:57',NULL,'1'),
(159,159,159,NULL,'1','2018-08-06 21:43:57',NULL,'1'),
(160,160,160,NULL,'1','2018-07-13 15:07:09',NULL,'1'),
(161,161,161,NULL,'1','2018-07-11 13:26:09',NULL,'1'),
(162,162,162,NULL,'1','2018-07-17 20:56:20',NULL,'1'),
(163,163,163,NULL,'1','2018-07-16 13:52:02',NULL,'1'),
(164,164,167,NULL,'1','2018-07-30 19:03:37',NULL,'1'),
(165,165,164,NULL,'1','2018-07-16 13:53:58',NULL,'1'),
(166,166,165,NULL,'1','2018-07-17 15:37:17',NULL,'1'),
(167,167,166,NULL,'1','2018-07-16 17:30:08',NULL,'1'),
(168,168,193,NULL,'1','2018-07-28 19:15:59',NULL,'1'),
(169,169,171,NULL,'1','2018-07-18 15:27:52',NULL,'1'),
(170,170,201,NULL,'1','2018-07-30 19:51:46',NULL,'1'),
(171,171,168,NULL,'1','2018-07-17 20:54:49',NULL,'1'),
(172,172,170,NULL,'1','2018-07-17 21:23:50',NULL,'1'),
(173,173,184,NULL,'1','2018-07-24 17:07:38',NULL,'1'),
(174,174,177,NULL,'1','2018-07-20 15:34:22',NULL,'1'),
(175,175,174,NULL,'1','2018-07-18 15:25:42',NULL,'1'),
(176,176,169,NULL,'1','2018-07-17 20:53:48',NULL,'1'),
(177,177,173,NULL,'1','2018-07-18 15:26:29',NULL,'1'),
(178,178,172,NULL,'1','2018-07-18 15:27:05',NULL,'1'),
(179,179,175,NULL,'1','2018-07-18 20:29:18',NULL,'1'),
(180,180,192,NULL,'1','2018-07-28 19:15:27',NULL,'1'),
(181,181,176,NULL,'1','2018-07-19 15:22:35',NULL,'1'),
(182,182,182,NULL,'1','2018-07-23 14:20:45',NULL,'1'),
(183,183,179,NULL,'1','2018-07-20 15:34:37',NULL,'1'),
(184,184,178,NULL,'1','2018-07-19 22:35:44',NULL,'1'),
(185,185,206,NULL,'1','2018-07-31 17:06:49',NULL,'1'),
(186,186,188,NULL,'1','2018-07-26 16:46:28',NULL,'1'),
(187,187,180,NULL,'1','2018-07-20 20:28:43',NULL,'1'),
(188,188,190,NULL,'1','2018-07-26 18:50:30',NULL,'1'),
(189,189,205,NULL,'1','2018-07-31 17:06:22',NULL,'1'),
(190,190,186,NULL,'1','2018-07-24 17:33:38',NULL,'1'),
(191,191,197,NULL,'1','2018-07-30 19:48:53',NULL,'1'),
(192,192,181,NULL,'1','2018-07-23 15:52:27',NULL,'1'),
(193,193,183,NULL,'1','2018-07-24 17:05:51',NULL,'1'),
(194,194,198,NULL,'1','2018-07-30 19:49:14',NULL,'1'),
(195,195,185,NULL,'1','2018-07-24 17:07:03',NULL,'1'),
(196,196,210,NULL,'1','2018-07-31 17:02:18',NULL,'1'),
(197,197,202,NULL,'1','2018-07-30 17:22:35',NULL,'1'),
(198,198,194,NULL,'1','2018-07-28 19:14:59',NULL,'1'),
(199,199,189,NULL,'1','2018-07-26 16:47:51',NULL,'1'),
(200,200,187,NULL,'1','2018-07-30 15:02:07',NULL,'1'),
(201,201,191,NULL,'1','2018-07-26 21:29:19',NULL,'1'),
(202,202,199,NULL,'1','2018-07-30 19:49:34',NULL,'1'),
(203,203,195,NULL,'1','2018-07-30 19:46:45',NULL,'1'),
(204,204,196,NULL,'1','2018-07-30 19:48:29',NULL,'1'),
(205,205,204,NULL,'1','2018-07-30 19:52:50',NULL,'1'),
(206,206,200,NULL,'1','2018-07-30 19:50:51',NULL,'1'),
(207,207,207,NULL,'1','2018-07-31 17:05:40',NULL,'1'),
(208,208,203,NULL,'1','2018-07-30 19:52:25',NULL,'1'),
(209,209,209,NULL,'1','2018-07-31 17:03:00',NULL,'1'),
(210,210,211,NULL,'1','2018-08-13 20:02:42',NULL,'1'),
(211,211,208,NULL,'1','2018-07-31 17:03:45',NULL,'1'),
(212,212,212,NULL,'1','2018-08-07 22:32:13',NULL,'1'),
(213,213,213,NULL,'1','2018-08-13 15:40:39',NULL,'1'),
(214,214,214,NULL,'1','2018-08-15 10:27:30',NULL,'1'),
(215,215,215,NULL,'1','2018-08-16 14:43:24',NULL,'1');

--
-- Volcado de datos para la tabla `solicitudins_documento`
--
INSERT INTO `solicitudins_documento` (`sdoc_id`, `sins_id`, `int_id`, `dadj_id`, `sdoc_archivo`, `sdoc_usuario_ingreso`, `sdoc_usuario_modifica`, `sdoc_estado`, `sdoc_fecha_creacion`, `sdoc_fecha_modificacion`, `sdoc_estado_logico`) VALUES
(1, 1, 1, 1, 'uploads/solicitudinscripcion/1001/doc_dni_per_1001.png', NULL, NULL, '1', '2030-09-18 08:33:00', NULL, '1'),
(2, 1, 1, 2, 'uploads/solicitudinscripcion/1001/doc_foto_per_1001.png', NULL, NULL, '1', '2030-09-18 08:33:00', NULL, '1'),
(3, 1, 1, 4, 'uploads/solicitudinscripcion/1001/doc_certvota_per_1001.png', NULL, NULL, '1', '2030-09-18 08:33:00', NULL, '1'),
(4, 1, 1, 3, 'uploads/solicitudinscripcion/1001/doc_titulo_per_1001.jpg', NULL, NULL, '1', '2030-09-18 08:33:00', NULL, '1'),
(5, 2, 2, 1, 'uploads/solicitudinscripcion/1002/doc_dni_per_1002.pdf', NULL, NULL, '1', '2003-10-17 13:20:00', NULL, '1'),
(6, 2, 2, 2, 'uploads/solicitudinscripcion/1002/doc_foto_per_1002.jpg', NULL, NULL, '1', '2003-10-17 13:20:00', NULL, '1'),
(7, 2, 2, 4, 'uploads/solicitudinscripcion/1002/doc_certvota_per_1002.pdf', NULL, NULL, '1', '2003-10-17 13:20:00', NULL, '1'),
(8, 2, 2, 3, 'uploads/solicitudinscripcion/1002/doc_titulo_per_1002.pdf', NULL, NULL, '1', '2003-10-17 13:20:00', NULL, '1'),
(9, 3, 3, 2, 'uploads/solicitudinscripcion/1003/doc_dni_per_1003.pdf', NULL, NULL, '1', '2011-10-18 08:09:00', NULL, '1'),
(10, 3, 3, 4, 'uploads/solicitudinscripcion/1003/doc_foto_per_1003.jpg', NULL, NULL, '1', '2011-10-18 08:09:00', NULL, '1'),
(11, 3, 3, 3, 'uploads/solicitudinscripcion/1003/doc_certvota_per_1003.jpg', NULL, NULL, '1', '2011-10-18 08:09:00', NULL, '1'),
(12, 3, 3, 1, 'uploads/solicitudinscripcion/1003/doc_titulo_per_1003.pdf', NULL, NULL, '1', '2011-10-18 08:09:00', NULL, '1'),
(13, 4, 4, 2, 'uploads/solicitudinscripcion/1004/doc_dni_per_1004.pdf', NULL, NULL, '1', '2013-10-18 01:34:00', NULL, '1'),
(14, 4, 4, 4, 'uploads/solicitudinscripcion/1004/doc_foto_per_1004.jpg', NULL, NULL, '1', '2013-10-18 01:34:00', NULL, '1'),
(15, 4, 4, 3, 'uploads/solicitudinscripcion/1004/doc_certvota_per_1004.jpg', NULL, NULL, '1', '2013-10-18 01:34:00', NULL, '1'),
(16, 4, 4, 1, 'uploads/solicitudinscripcion/1004/doc_titulo_per_1004.pdf', NULL, NULL, '1', '2013-10-18 01:34:00', NULL, '1'),
(17, 5, 5, 1, 'uploads/solicitudinscripcion/1005/doc_dni_per_1005.pdf', NULL, NULL, '1', '2014-10-18 01:58:00', NULL, '1'),
(18, 5, 5, 2, 'uploads/solicitudinscripcion/1005/doc_foto_per_1005.pdf', NULL, NULL, '1', '2014-10-18 01:58:00', NULL, '1'),
(19, 5, 5, 4, 'uploads/solicitudinscripcion/1005/doc_certvota_per_1005.pdf', NULL, NULL, '1', '2014-10-18 01:58:00', NULL, '1'),
(20, 5, 5, 3, 'uploads/solicitudinscripcion/1005/doc_titulo_per_1005.pdf', NULL, NULL, '1', '2014-10-18 01:58:00', NULL, '1'),
(21, 6, 6, 2, 'uploads/solicitudinscripcion/1006/doc_dni_per_1006.pdf', NULL, NULL, '1', '2014-10-18 02:03:00', NULL, '1'),
(22, 6, 6, 4, 'uploads/solicitudinscripcion/1006/doc_foto_per_1006.jpg', NULL, NULL, '1', '2014-10-18 02:03:00', NULL, '1'),
(23, 6, 6, 3, 'uploads/solicitudinscripcion/1006/doc_certvota_per_1006.pdf', NULL, NULL, '1', '2014-10-18 02:03:00', NULL, '1'),
(24, 6, 6, 3, 'uploads/solicitudinscripcion/1006/doc_titulo_per_1006.jpg', NULL, NULL, '1', '2014-10-18 02:03:00', NULL, '1'),
(25, 7, 7, 1, 'uploads/solicitudinscripcion/1007/doc_titulo_per_1007.pdf', NULL, NULL, '1', '2016-10-18 07:13:00', NULL, '1'),
(26, 7, 7, 2, 'uploads/solicitudinscripcion/1007/doc_dni_per_1007.pdf', NULL, NULL, '1', '2016-10-18 07:13:00', NULL, '1'),
(27, 7, 7, 4, 'uploads/solicitudinscripcion/1007/doc_foto_per_1007.jpg', NULL, NULL, '1', '2016-10-18 07:13:00', NULL, '1'),
(28, 7, 7, 3, 'uploads/solicitudinscripcion/1007/doc_certvota_per_1007.pdf', NULL, NULL, '1', '2016-10-18 07:13:00', NULL, '1'),
(29, 8, 8, 1, 'uploads/solicitudinscripcion/1008/doc_titulo_per_1008.pdf', NULL, NULL, '1', '2017-10-18 01:32:00', NULL, '1'),
(30, 8, 8, 2, 'uploads/solicitudinscripcion/1008/doc_dni_per_1008.pdf', NULL, NULL, '1', '2017-10-18 01:32:00', NULL, '1'),
(31, 8, 8, 4, 'uploads/solicitudinscripcion/1008/doc_foto_per_1008.png', NULL, NULL, '1', '2017-10-18 01:32:00', NULL, '1'),
(32, 8, 8, 3, 'uploads/solicitudinscripcion/1008/doc_certvota_per_1008.pdf', NULL, NULL, '1', '2017-10-18 01:32:00', NULL, '1'),
(33, 9, 9, 1, 'uploads/solicitudinscripcion/1009/doc_titulo_per_1009.pdf', NULL, NULL, '1', '2017-10-18 05:49:00', NULL, '1'),
(34, 9, 9, 2, 'uploads/solicitudinscripcion/1009/doc_dni_per_1009.pdf', NULL, NULL, '1', '2017-10-18 05:49:00', NULL, '1'),
(35, 9, 9, 4, 'uploads/solicitudinscripcion/1009/doc_foto_per_1009.pdf', NULL, NULL, '1', '2017-10-18 05:49:00', NULL, '1'),
(36, 9, 9, 3, 'uploads/solicitudinscripcion/1009/doc_certvota_per_1009.pdf', NULL, NULL, '1', '2017-10-18 05:49:00', NULL, '1'),
(37, 127, 10, 1, 'uploads/solicitudinscripcion/1014/doc_titulo_per_1014.pdf', NULL, NULL, '1', '2010-05-19 03:16:00', NULL, '1'),
(38, 127, 10, 2, 'uploads/solicitudinscripcion/1014/doc_dni_per_1014.jpg', NULL, NULL, '1', '2010-05-19 03:16:00', NULL, '1'),
(39, 127, 10, 4, 'uploads/solicitudinscripcion/1014/doc_foto_per_1014.jpg', NULL, NULL, '1', '2010-05-19 03:16:00', NULL, '1'),
(40, 127, 10, 3, 'uploads/solicitudinscripcion/1014/doc_certvota_per_1014.pdf', NULL, NULL, '1', '2010-05-19 03:16:00', NULL, '1'),
(41, 10, 11, 1, 'uploads/solicitudinscripcion/1016/doc_titulo_per_1016.pdf', NULL, NULL, '1', '2026-10-17 21:26:00', NULL, '1'),
(42, 10, 11, 2, 'uploads/solicitudinscripcion/1016/doc_dni_per_1016.pdf', NULL, NULL, '1', '2026-10-17 21:26:00', NULL, '1'),
(43, 10, 11, 4, 'uploads/solicitudinscripcion/1016/doc_foto_per_1016.jpg', NULL, NULL, '1', '2026-10-17 21:26:00', NULL, '1'),
(44, 10, 11, 3, 'uploads/solicitudinscripcion/1016/doc_certvota_per_1016.pdf', NULL, NULL, '1', '2026-10-17 21:26:00', NULL, '1'),
(45, 11, 12, 1, 'uploads/solicitudinscripcion/1011/doc_titulo_per_1011.pdf', NULL, NULL, '1', '2001-11-17 18:51:00', NULL, '1'),
(46, 11, 12, 2, 'uploads/solicitudinscripcion/1011/doc_dni_per_1011.jpg', NULL, NULL, '1', '2001-11-17 18:51:00', NULL, '1'),
(47, 11, 12, 4, 'uploads/solicitudinscripcion/1011/doc_foto_per_1011.docx', NULL, NULL, '1', '2001-11-17 18:51:00', NULL, '1'),
(48, 11, 12, 3, 'uploads/solicitudinscripcion/1011/doc_certvota_per_1011.pdf', NULL, NULL, '1', '2001-11-17 18:51:00', NULL, '1'),
(49, 15, 13, 1, 'uploads/solicitudinscripcion/1015/doc_titulo_per_1015.jpg', NULL, NULL, '1', '2008-11-18 03:19:00', NULL, '1'),
(50, 15, 13, 2, 'uploads/solicitudinscripcion/1015/doc_dni_per_1015.pdf', NULL, NULL, '1', '2008-11-18 03:19:00', NULL, '1'),
(51, 15, 13, 4, 'uploads/solicitudinscripcion/1015/doc_foto_per_1015.jpg', NULL, NULL, '1', '2008-11-18 03:19:00', NULL, '1'),
(52, 15, 13, 3, 'uploads/solicitudinscripcion/1015/doc_certvota_per_1015.jpg', NULL, NULL, '1', '2008-11-18 03:19:00', NULL, '1'),
(53, 12, 14, 1, 'uploads/solicitudinscripcion/1017/doc_titulo_per_1017.pdf', NULL, NULL, '1', '2003-11-17 19:01:00', NULL, '1'),
(54, 12, 14, 2, 'uploads/solicitudinscripcion/1017/doc_dni_per_1017.pdf', NULL, NULL, '1', '2003-11-17 19:01:00', NULL, '1'),
(55, 12, 14, 4, 'uploads/solicitudinscripcion/1017/doc_foto_per_1017.pdf', NULL, NULL, '1', '2003-11-17 19:01:00', NULL, '1'),
(56, 12, 14, 3, 'uploads/solicitudinscripcion/1017/doc_certvota_per_1017.pdf', NULL, NULL, '1', '2003-11-17 19:01:00', NULL, '1'),
(57, 13, 15, 1, 'uploads/solicitudinscripcion/1012/doc_titulo_per_1012.pdf', NULL, NULL, '1', '2008-11-17 21:37:00', NULL, '1'),
(58, 13, 15, 2, 'uploads/solicitudinscripcion/1012/doc_dni_per_1012.pdf', NULL, NULL, '1', '2008-11-17 21:37:00', NULL, '1'),
(59, 13, 15, 4, 'uploads/solicitudinscripcion/1012/doc_foto_per_1012.pdf', NULL, NULL, '1', '2008-11-17 21:37:00', NULL, '1'),
(60, 13, 15, 3, 'uploads/solicitudinscripcion/1012/doc_certvota_per_1012.jpg', NULL, NULL, '1', '2008-11-17 21:37:00', NULL, '1'),
(61, 16, 16, 1, 'uploads/solicitudinscripcion/1019/doc_titulo_per_1019.pdf', NULL, NULL, '1', '2010-11-17 21:55:00', NULL, '1'),
(62, 16, 16, 2, 'uploads/solicitudinscripcion/1019/doc_dni_per_1019.pdf', NULL, NULL, '1', '2010-11-17 21:55:00', NULL, '1'),
(63, 16, 16, 4, 'uploads/solicitudinscripcion/1019/doc_foto_per_1019.jpg', NULL, NULL, '1', '2010-11-17 21:55:00', NULL, '1'),
(64, 16, 16, 3, 'uploads/solicitudinscripcion/1019/doc_certvota_per_1019.pdf', NULL, NULL, '1', '2010-11-17 21:55:00', NULL, '1'),
(65, 14, 17, 1, 'uploads/solicitudinscripcion/1018/doc_titulo_per_1018.jpg', NULL, NULL, '1', '2008-11-18 01:51:00', NULL, '1'),
(66, 14, 17, 2, 'uploads/solicitudinscripcion/1018/doc_dni_per_1018.jpg', NULL, NULL, '1', '2008-11-18 01:51:00', NULL, '1'),
(67, 14, 17, 4, 'uploads/solicitudinscripcion/1018/doc_foto_per_1018.jpg', NULL, NULL, '1', '2008-11-18 01:51:00', NULL, '1'),
(68, 14, 17, 3, 'uploads/solicitudinscripcion/1018/doc_certvota_per_1018.jpg', NULL, NULL, '1', '2008-11-18 01:51:00', NULL, '1'),
(69, 17, 18, 1, 'uploads/solicitudinscripcion/1020/doc_titulo_per_1020.pdf', NULL, NULL, '1', '2010-11-18 00:00:00', NULL, '1'),
(70, 17, 18, 2, 'uploads/solicitudinscripcion/1020/doc_dni_per_1020.pdf', NULL, NULL, '1', '2010-11-18 00:00:00', NULL, '1'),
(71, 17, 18, 4, 'uploads/solicitudinscripcion/1020/doc_foto_per_1020.pdf', NULL, NULL, '1', '2010-11-18 00:00:00', NULL, '1'),
(72, 17, 18, 3, 'uploads/solicitudinscripcion/1020/doc_certvota_per_1020.pdf', NULL, NULL, '1', '2010-11-18 00:00:00', NULL, '1'),
(73, 18, 19, 1, 'uploads/solicitudinscripcion/1013/doc_titulo_per_1013.pdf', NULL, NULL, '1', '2011-11-17 21:45:00', NULL, '1'),
(74, 18, 19, 2, 'uploads/solicitudinscripcion/1013/doc_dni_per_1013.pdf', NULL, NULL, '1', '2011-11-17 21:45:00', NULL, '1'),
(75, 18, 19, 4, 'uploads/solicitudinscripcion/1013/doc_foto_per_1013.pdf', NULL, NULL, '1', '2011-11-17 21:45:00', NULL, '1'),
(76, 18, 19, 3, 'uploads/solicitudinscripcion/1013/doc_certvota_per_1013.pdf', NULL, NULL, '1', '2011-11-17 21:45:00', NULL, '1'),
(77, 21, 20, 1, 'uploads/solicitudinscripcion/1021/doc_titulo_per_1021.pdf', NULL, NULL, '1', '2013-11-18 04:18:00', NULL, '1'),
(78, 21, 20, 2, 'uploads/solicitudinscripcion/1021/doc_dni_per_1021.pdf', NULL, NULL, '1', '2013-11-18 04:18:00', NULL, '1'),
(79, 21, 20, 4, 'uploads/solicitudinscripcion/1021/doc_foto_per_1021.pdf', NULL, NULL, '1', '2013-11-18 04:18:00', NULL, '1'),
(80, 21, 20, 3, 'uploads/solicitudinscripcion/1021/doc_certvota_per_1021.pdf', NULL, NULL, '1', '2013-11-18 04:18:00', NULL, '1'),
(81, 19, 21, 1, 'uploads/solicitudinscripcion/1022/doc_titulo_per_1022.pdf', NULL, NULL, '1', '2012-11-17 21:18:00', NULL, '1'),
(82, 19, 21, 2, 'uploads/solicitudinscripcion/1022/doc_dni_per_1022.pdf', NULL, NULL, '1', '2012-11-17 21:18:00', NULL, '1'),
(83, 19, 21, 4, 'uploads/solicitudinscripcion/1022/doc_foto_per_1022.pdf', NULL, NULL, '1', '2012-11-17 21:18:00', NULL, '1'),
(84, 19, 21, 3, 'uploads/solicitudinscripcion/1022/doc_certvota_per_1022.pdf', NULL, NULL, '1', '2012-11-17 21:18:00', NULL, '1'),
(85, 20, 22, 1, 'uploads/solicitudinscripcion/1023/doc_titulo_per_1023.pdf', NULL, NULL, '1', '2013-11-17 23:45:00', NULL, '1'),
(86, 20, 22, 2, 'uploads/solicitudinscripcion/1023/doc_dni_per_1023.pdf', NULL, NULL, '1', '2013-11-17 23:45:00', NULL, '1'),
(87, 20, 22, 4, 'uploads/solicitudinscripcion/1023/doc_foto_per_1023.pdf', NULL, NULL, '1', '2013-11-17 23:45:00', NULL, '1'),
(88, 20, 22, 3, 'uploads/solicitudinscripcion/1023/doc_certvota_per_1023.pdf', NULL, NULL, '1', '2013-11-17 23:45:00', NULL, '1'),
(89, 23, 23, 1, 'uploads/solicitudinscripcion/1024/doc_titulo_per_1024.pdf', NULL, NULL, '1', '2021-11-17 21:54:00', NULL, '1'),
(90, 23, 23, 2, 'uploads/solicitudinscripcion/1024/doc_dni_per_1024.pdf', NULL, NULL, '1', '2021-11-17 21:54:00', NULL, '1'),
(91, 23, 23, 4, 'uploads/solicitudinscripcion/1024/doc_foto_per_1024.jpg', NULL, NULL, '1', '2021-11-17 21:54:00', NULL, '1'),
(92, 23, 23, 3, 'uploads/solicitudinscripcion/1024/doc_certvota_per_1024.pdf', NULL, NULL, '1', '2021-11-17 21:54:00', NULL, '1'),
(93, 22, 24, 1, 'uploads/solicitudinscripcion/1025/doc_titulo_per_1025.pdf', NULL, NULL, '1', '2019-11-17 21:39:00', NULL, '1'),
(94, 22, 24, 2, 'uploads/solicitudinscripcion/1025/doc_dni_per_1025.pdf', NULL, NULL, '1', '2019-11-17 21:39:00', NULL, '1'),
(95, 22, 24, 4, 'uploads/solicitudinscripcion/1025/doc_foto_per_1025.jpg', NULL, NULL, '1', '2019-11-17 21:39:00', NULL, '1'),
(96, 22, 24, 3, 'uploads/solicitudinscripcion/1025/doc_certvota_per_1025.pdf', NULL, NULL, '1', '2019-11-17 21:39:00', NULL, '1'),
(97, 24, 25, 1, 'uploads/solicitudinscripcion/1027/doc_titulo_per_1027.pdf', NULL, NULL, '1', '2028-11-18 05:14:00', NULL, '1'),
(98, 24, 25, 2, 'uploads/solicitudinscripcion/1027/doc_dni_per_1027.pdf', NULL, NULL, '1', '2028-11-18 05:14:00', NULL, '1'),
(99, 24, 25, 4, 'uploads/solicitudinscripcion/1027/doc_foto_per_1027.pdf', NULL, NULL, '1', '2028-11-18 05:14:00', NULL, '1'),
(100, 24, 25, 3, 'uploads/solicitudinscripcion/1027/doc_certvota_per_1027.pdf', NULL, NULL, '1', '2028-11-18 05:14:00', NULL, '1'),
(101, 25, 26, 1, 'uploads/solicitudinscripcion/1028/doc_titulo_per_1028.jpg', NULL, NULL, '1', '2029-11-17 20:37:00', NULL, '1'),
(102, 25, 26, 2, 'uploads/solicitudinscripcion/1028/doc_dni_per_1028.pdf', NULL, NULL, '1', '2029-11-17 20:37:00', NULL, '1'),
(103, 25, 26, 4, 'uploads/solicitudinscripcion/1028/doc_foto_per_1028.jpg', NULL, NULL, '1', '2029-11-17 20:37:00', NULL, '1'),
(104, 25, 26, 3, 'uploads/solicitudinscripcion/1028/doc_certvota_per_1028.pdf', NULL, NULL, '1', '2029-11-17 20:37:00', NULL, '1'),
(105, 26, 27, 1, 'uploads/solicitudinscripcion/1026/doc_titulo_per_1026.pdf', NULL, NULL, '1', '2004-12-18 01:56:00', NULL, '1'),
(106, 26, 27, 2, 'uploads/solicitudinscripcion/1026/doc_dni_per_1026.pdf', NULL, NULL, '1', '2004-12-18 01:56:00', NULL, '1'),
(107, 26, 27, 4, 'uploads/solicitudinscripcion/1026/doc_foto_per_1026.jpg', NULL, NULL, '1', '2004-12-18 01:56:00', NULL, '1'),
(108, 26, 27, 3, 'uploads/solicitudinscripcion/1026/doc_certvota_per_1026.pdf', NULL, NULL, '1', '2004-12-18 01:56:00', NULL, '1'),
(109, 28, 28, 1, 'uploads/solicitudinscripcion/1029/doc_titulo_per_1029.pdf', NULL, NULL, '1', '2007-01-18 22:44:00', NULL, '1'),
(110, 28, 28, 2, 'uploads/solicitudinscripcion/1029/doc_dni_per_1029.png', NULL, NULL, '1', '2007-01-18 22:44:00', NULL, '1'),
(111, 28, 28, 4, 'uploads/solicitudinscripcion/1029/doc_foto_per_1029.png', NULL, NULL, '1', '2007-01-18 22:44:00', NULL, '1'),
(112, 28, 28, 3, 'uploads/solicitudinscripcion/1029/doc_certvota_per_1029.png', NULL, NULL, '1', '2007-01-18 22:44:00', NULL, '1'),
(113, 27, 29, 1, 'uploads/solicitudinscripcion/1031/doc_titulo_per_1031.pdf', NULL, NULL, '1', '2005-01-19 01:55:00', NULL, '1'),
(114, 27, 29, 2, 'uploads/solicitudinscripcion/1031/doc_dni_per_1031.pdf', NULL, NULL, '1', '2005-01-19 01:55:00', NULL, '1'),
(115, 27, 29, 4, 'uploads/solicitudinscripcion/1031/doc_foto_per_1031.jpg', NULL, NULL, '1', '2005-01-19 01:55:00', NULL, '1'),
(116, 27, 29, 3, 'uploads/solicitudinscripcion/1031/doc_certvota_per_1031.pdf', NULL, NULL, '1', '2005-01-19 01:55:00', NULL, '1'),
(117, 30, 30, 1, 'uploads/solicitudinscripcion/1032/doc_titulo_per_1032.jpg', NULL, NULL, '1', '2012-01-19 00:04:00', NULL, '1'),
(118, 30, 30, 2, 'uploads/solicitudinscripcion/1032/doc_dni_per_1032.pdf', NULL, NULL, '1', '2012-01-19 00:04:00', NULL, '1'),
(119, 30, 30, 4, 'uploads/solicitudinscripcion/1032/doc_foto_per_1032.jpg', NULL, NULL, '1', '2012-01-19 00:04:00', NULL, '1'),
(120, 30, 30, 3, 'uploads/solicitudinscripcion/1032/doc_certvota_per_1032.jpg', NULL, NULL, '1', '2012-01-19 00:04:00', NULL, '1'),
(121, 29, 31, 1, 'uploads/solicitudinscripcion/1033/doc_titulo_per_1033.pdf', NULL, NULL, '1', '2012-01-18 19:50:00', NULL, '1'),
(122, 29, 31, 2, 'uploads/solicitudinscripcion/1033/doc_dni_per_1033.pdf', NULL, NULL, '1', '2012-01-18 19:50:00', NULL, '1'),
(123, 29, 31, 4, 'uploads/solicitudinscripcion/1033/doc_foto_per_1033.pdf', NULL, NULL, '1', '2012-01-18 19:50:00', NULL, '1'),
(124, 29, 31, 3, 'uploads/solicitudinscripcion/1033/doc_certvota_per_1033.pdf', NULL, NULL, '1', '2012-01-18 19:50:00', NULL, '1'),
(125, 31, 32, 1, 'uploads/solicitudinscripcion/1034/doc_titulo_per_1034.jpeg', NULL, NULL, '1', '2012-01-19 03:59:00', NULL, '1'),
(126, 31, 32, 2, 'uploads/solicitudinscripcion/1034/doc_dni_per_1034.jpeg', NULL, NULL, '1', '2012-01-19 03:59:00', NULL, '1'),
(127, 31, 32, 4, 'uploads/solicitudinscripcion/1034/doc_foto_per_1034.jpeg', NULL, NULL, '1', '2012-01-19 03:59:00', NULL, '1'),
(128, 31, 32, 3, 'uploads/solicitudinscripcion/1034/doc_certvota_per_1034.jpeg', NULL, NULL, '1', '2012-01-19 03:59:00', NULL, '1'),
(129, 32, 33, 1, 'uploads/solicitudinscripcion/1035/doc_titulo_per_1035.jpg', NULL, NULL, '1', '2012-01-19 05:34:00', NULL, '1'),
(130, 32, 33, 2, 'uploads/solicitudinscripcion/1035/doc_dni_per_1035.jpeg', NULL, NULL, '1', '2012-01-19 05:34:00', NULL, '1'),
(131, 32, 33, 4, 'uploads/solicitudinscripcion/1035/doc_foto_per_1035.png', NULL, NULL, '1', '2012-01-19 05:34:00', NULL, '1'),
(132, 32, 33, 3, 'uploads/solicitudinscripcion/1035/doc_certvota_per_1035.jpeg', NULL, NULL, '1', '2012-01-19 05:34:00', NULL, '1'),
(133, 45, 34, 1, 'uploads/solicitudinscripcion/1036/doc_titulo_per_1036.pdf', NULL, NULL, '1', '2019-02-19 01:53:00', NULL, '1'),
(134, 45, 34, 2, 'uploads/solicitudinscripcion/1036/doc_dni_per_1036.pdf', NULL, NULL, '1', '2019-02-19 01:53:00', NULL, '1'),
(135, 45, 34, 4, 'uploads/solicitudinscripcion/1036/doc_foto_per_1036.jpg', NULL, NULL, '1', '2019-02-19 01:53:00', NULL, '1'),
(136, 45, 34, 3, 'uploads/solicitudinscripcion/1036/doc_certvota_per_1036.pdf', NULL, NULL, '1', '2019-02-19 01:53:00', NULL, '1'),
(137, 33, 35, 1, 'uploads/solicitudinscripcion/1037/doc_titulo_per_1037.pdf', NULL, NULL, '1', '2017-01-18 20:41:00', NULL, '1'),
(138, 33, 35, 2, 'uploads/solicitudinscripcion/1037/doc_dni_per_1037.pdf', NULL, NULL, '1', '2017-01-18 20:41:00', NULL, '1'),
(139, 33, 35, 4, 'uploads/solicitudinscripcion/1037/doc_foto_per_1037.jpg', NULL, NULL, '1', '2017-01-18 20:41:00', NULL, '1'),
(140, 33, 35, 3, 'uploads/solicitudinscripcion/1037/doc_certvota_per_1037.pdf', NULL, NULL, '1', '2017-01-18 20:41:00', NULL, '1'),
(141, 34, 36, 1, 'uploads/solicitudinscripcion/1010/doc_titulo_per_1010.jpg', NULL, NULL, '1', '2022-01-19 02:01:00', NULL, '1'),
(142, 34, 36, 2, 'uploads/solicitudinscripcion/1010/doc_dni_per_1010.png', NULL, NULL, '1', '2022-01-19 02:01:00', NULL, '1'),
(143, 34, 36, 4, 'uploads/solicitudinscripcion/1010/doc_foto_per_1010.png', NULL, NULL, '1', '2022-01-19 02:01:00', NULL, '1'),
(144, 34, 36, 3, 'uploads/solicitudinscripcion/1010/doc_certvota_per_1010.jpg', NULL, NULL, '1', '2022-01-19 02:01:00', NULL, '1'),
(145, 36, 37, 1, 'uploads/solicitudinscripcion/1038/doc_titulo_per_1038.pdf', NULL, NULL, '1', '2026-01-19 04:47:00', NULL, '1'),
(146, 36, 37, 2, 'uploads/solicitudinscripcion/1038/doc_dni_per_1038.jpg', NULL, NULL, '1', '2026-01-19 04:47:00', NULL, '1'),
(147, 36, 37, 4, 'uploads/solicitudinscripcion/1038/doc_foto_per_1038.pdf', NULL, NULL, '1', '2026-01-19 04:47:00', NULL, '1'),
(148, 36, 37, 3, 'uploads/solicitudinscripcion/1038/doc_certvota_per_1038.jpg', NULL, NULL, '1', '2026-01-19 04:47:00', NULL, '1'),
(149, 35, 38, 1, 'uploads/solicitudinscripcion/1039/doc_titulo_per_1039.jpeg', NULL, NULL, '1', '2026-01-19 00:08:00', NULL, '1'),
(150, 35, 38, 2, 'uploads/solicitudinscripcion/1039/doc_dni_per_1039.jpeg', NULL, NULL, '1', '2026-01-19 00:08:00', NULL, '1'),
(151, 35, 38, 4, 'uploads/solicitudinscripcion/1039/doc_foto_per_1039.jpeg', NULL, NULL, '1', '2026-01-19 00:08:00', NULL, '1'),
(152, 35, 38, 3, 'uploads/solicitudinscripcion/1039/doc_certvota_per_1039.jpeg', NULL, NULL, '1', '2026-01-19 00:08:00', NULL, '1'),
(153, 37, 39, 1, 'uploads/solicitudinscripcion/1040/doc_titulo_per_1040.pdf', NULL, NULL, '1', '2029-01-19 07:23:00', NULL, '1'),
(154, 37, 39, 2, 'uploads/solicitudinscripcion/1040/doc_dni_per_1040.pdf', NULL, NULL, '1', '2029-01-19 07:23:00', NULL, '1'),
(155, 37, 39, 4, 'uploads/solicitudinscripcion/1040/doc_foto_per_1040.jpeg', NULL, NULL, '1', '2029-01-19 07:23:00', NULL, '1'),
(156, 37, 39, 3, 'uploads/solicitudinscripcion/1040/doc_certvota_per_1040.pdf', NULL, NULL, '1', '2029-01-19 07:23:00', NULL, '1'),
(157, 39, 40, 1, 'uploads/solicitudinscripcion/1041/doc_titulo_per_1041.pdf', NULL, NULL, '1', '2031-01-19 01:39:00', NULL, '1'),
(158, 39, 40, 2, 'uploads/solicitudinscripcion/1041/doc_dni_per_1041.pdf', NULL, NULL, '1', '2031-01-19 01:39:00', NULL, '1'),
(159, 39, 40, 4, 'uploads/solicitudinscripcion/1041/doc_foto_per_1041.jpg', NULL, NULL, '1', '2031-01-19 01:39:00', NULL, '1'),
(160, 39, 40, 3, 'uploads/solicitudinscripcion/1041/doc_certvota_per_1041.pdf', NULL, NULL, '1', '2031-01-19 01:39:00', NULL, '1'),
(161, 38, 41, 1, 'uploads/solicitudinscripcion/1042/doc_titulo_per_1042.pdf', NULL, NULL, '1', '2031-01-18 21:07:00', NULL, '1'),
(162, 38, 41, 2, 'uploads/solicitudinscripcion/1042/doc_dni_per_1042.pdf', NULL, NULL, '1', '2031-01-18 21:07:00', NULL, '1'),
(163, 38, 41, 4, 'uploads/solicitudinscripcion/1042/doc_foto_per_1042.jpg', NULL, NULL, '1', '2031-01-18 21:07:00', NULL, '1'),
(164, 38, 41, 3, 'uploads/solicitudinscripcion/1042/doc_certvota_per_1042.pdf', NULL, NULL, '1', '2031-01-18 21:07:00', NULL, '1'),
(165, 41, 42, 1, 'uploads/solicitudinscripcion/1043/doc_titulo_per_1043.png', NULL, NULL, '1', '2016-02-18 21:06:00', NULL, '1'),
(166, 41, 42, 2, 'uploads/solicitudinscripcion/1043/doc_dni_per_1043.png', NULL, NULL, '1', '2016-02-18 21:06:00', NULL, '1'),
(167, 41, 42, 4, 'uploads/solicitudinscripcion/1043/doc_foto_per_1043.jpg', NULL, NULL, '1', '2016-02-18 21:06:00', NULL, '1'),
(168, 41, 42, 3, 'uploads/solicitudinscripcion/1043/doc_certvota_per_1043.jpg', NULL, NULL, '1', '2016-02-18 21:06:00', NULL, '1'),
(169, 40, 43, 1, 'uploads/solicitudinscripcion/1044/doc_titulo_per_1044.jpg', NULL, NULL, '1', '2009-02-19 08:37:00', NULL, '1'),
(170, 40, 43, 2, 'uploads/solicitudinscripcion/1044/doc_dni_per_1044.pdf', NULL, NULL, '1', '2009-02-19 08:37:00', NULL, '1'),
(171, 40, 43, 4, 'uploads/solicitudinscripcion/1044/doc_foto_per_1044.jpg', NULL, NULL, '1', '2009-02-19 08:37:00', NULL, '1'),
(172, 42, 44, 1, 'uploads/solicitudinscripcion/1047/doc_titulo_per_1047.pdf', NULL, NULL, '1', '2016-02-19 00:29:00', NULL, '1'),
(173, 42, 44, 2, 'uploads/solicitudinscripcion/1047/doc_dni_per_1047.pdf', NULL, NULL, '1', '2016-02-19 00:29:00', NULL, '1'),
(174, 42, 44, 4, 'uploads/solicitudinscripcion/1047/doc_foto_per_1047.pdf', NULL, NULL, '1', '2016-02-19 00:29:00', NULL, '1'),
(175, 42, 44, 3, 'uploads/solicitudinscripcion/1047/doc_certvota_per_1047.pdf', NULL, NULL, '1', '2016-02-19 00:29:00', NULL, '1'),
(176, 43, 45, 1, 'uploads/solicitudinscripcion/1048/doc_titulo_per_1048.pdf', NULL, NULL, '1', '2016-02-19 08:18:00', NULL, '1'),
(177, 43, 45, 2, 'uploads/solicitudinscripcion/1048/doc_dni_per_1048.pdf', NULL, NULL, '1', '2016-02-19 08:18:00', NULL, '1'),
(178, 43, 45, 4, 'uploads/solicitudinscripcion/1048/doc_foto_per_1048.pdf', NULL, NULL, '1', '2016-02-19 08:18:00', NULL, '1'),
(179, 43, 45, 3, 'uploads/solicitudinscripcion/1048/doc_certvota_per_1048.pdf', NULL, NULL, '1', '2016-02-19 08:18:00', NULL, '1'),
(180, 44, 46, 1, 'uploads/solicitudinscripcion/1049/doc_titulo_per_1049.pdf', NULL, NULL, '1', '2019-02-19 00:16:00', NULL, '1'),
(181, 44, 46, 2, 'uploads/solicitudinscripcion/1049/doc_dni_per_1049.pdf', NULL, NULL, '1', '2019-02-19 00:16:00', NULL, '1'),
(182, 44, 46, 4, 'uploads/solicitudinscripcion/1049/doc_foto_per_1049.jpeg', NULL, NULL, '1', '2019-02-19 00:16:00', NULL, '1'),
(183, 44, 46, 3, 'uploads/solicitudinscripcion/1049/doc_certvota_per_1049.pdf', NULL, NULL, '1', '2019-02-19 00:16:00', NULL, '1'),
(184, 47, 47, 1, 'uploads/solicitudinscripcion/1046/doc_titulo_per_1046.jpg', NULL, NULL, '1', '2020-02-18 19:49:00', NULL, '1'),
(185, 47, 47, 2, 'uploads/solicitudinscripcion/1046/doc_dni_per_1046.pdf', NULL, NULL, '1', '2020-02-18 19:49:00', NULL, '1'),
(186, 47, 47, 4, 'uploads/solicitudinscripcion/1046/doc_foto_per_1046.jpg', NULL, NULL, '1', '2020-02-18 19:49:00', NULL, '1'),
(187, 47, 47, 3, 'uploads/solicitudinscripcion/1046/doc_certvota_per_1046.jpg', NULL, NULL, '1', '2020-02-18 19:49:00', NULL, '1'),
(188, 46, 48, 1, 'uploads/solicitudinscripcion/1051/doc_titulo_per_1051.pdf', NULL, NULL, '1', '2019-02-19 06:10:00', NULL, '1'),
(189, 46, 48, 2, 'uploads/solicitudinscripcion/1051/doc_dni_per_1051.pdf', NULL, NULL, '1', '2019-02-19 06:10:00', NULL, '1'),
(190, 46, 48, 4, 'uploads/solicitudinscripcion/1051/doc_foto_per_1051.jpg', NULL, NULL, '1', '2019-02-19 06:10:00', NULL, '1'),
(191, 46, 48, 3, 'uploads/solicitudinscripcion/1051/doc_certvota_per_1051.pdf', NULL, NULL, '1', '2019-02-19 06:10:00', NULL, '1'),
(192, 48, 49, 1, 'uploads/solicitudinscripcion/1052/doc_titulo_per_1052.pdf', NULL, NULL, '1', '2023-02-19 01:24:00', NULL, '1'),
(193, 48, 49, 2, 'uploads/solicitudinscripcion/1052/doc_dni_per_1052.pdf', NULL, NULL, '1', '2023-02-19 01:24:00', NULL, '1'),
(194, 48, 49, 4, 'uploads/solicitudinscripcion/1052/doc_foto_per_1052.pdf', NULL, NULL, '1', '2023-02-19 01:24:00', NULL, '1'),
(195, 48, 49, 3, 'uploads/solicitudinscripcion/1052/doc_certvota_per_1052.pdf', NULL, NULL, '1', '2023-02-19 01:24:00', NULL, '1'),
(196, 49, 50, 1, 'uploads/solicitudinscripcion/1050/doc_titulo_per_1050.pdf', NULL, NULL, '1', '2028-02-19 03:54:00', NULL, '1'),
(197, 49, 50, 2, 'uploads/solicitudinscripcion/1050/doc_dni_per_1050.pdf', NULL, NULL, '1', '2028-02-19 03:54:00', NULL, '1'),
(198, 49, 50, 4, 'uploads/solicitudinscripcion/1050/doc_foto_per_1050.pdf', NULL, NULL, '1', '2028-02-19 03:54:00', NULL, '1'),
(199, 49, 50, 3, 'uploads/solicitudinscripcion/1050/doc_certvota_per_1050.pdf', NULL, NULL, '1', '2028-02-19 03:54:00', NULL, '1'),
(200, 50, 51, 1, 'uploads/solicitudinscripcion/1054/doc_titulo_per_1054.pdf', NULL, NULL, '1', '2001-03-19 04:08:00', NULL, '1'),
(201, 50, 51, 2, 'uploads/solicitudinscripcion/1054/doc_dni_per_1054.pdf', NULL, NULL, '1', '2001-03-19 04:08:00', NULL, '1'),
(202, 50, 51, 4, 'uploads/solicitudinscripcion/1054/doc_foto_per_1054.pdf', NULL, NULL, '1', '2001-03-19 04:08:00', NULL, '1'),
(203, 50, 51, 3, 'uploads/solicitudinscripcion/1054/doc_certvota_per_1054.pdf', NULL, NULL, '1', '2001-03-19 04:08:00', NULL, '1'),
(204, 51, 52, 1, 'uploads/solicitudinscripcion/1053/doc_titulo_per_1053.pdf', NULL, NULL, '1', '2001-03-19 04:29:00', NULL, '1'),
(205, 51, 52, 2, 'uploads/solicitudinscripcion/1053/doc_dni_per_1053.pdf', NULL, NULL, '1', '2001-03-19 04:29:00', NULL, '1'),
(206, 51, 52, 4, 'uploads/solicitudinscripcion/1053/doc_foto_per_1053.pdf', NULL, NULL, '1', '2001-03-19 04:29:00', NULL, '1'),
(207, 51, 52, 3, 'uploads/solicitudinscripcion/1053/doc_certvota_per_1053.pdf', NULL, NULL, '1', '2001-03-19 04:29:00', NULL, '1'),
(208, 52, 53, 1, 'uploads/solicitudinscripcion/1055/doc_titulo_per_1055.pdf', NULL, NULL, '1', '2005-03-18 23:07:00', NULL, '1'),
(209, 52, 53, 2, 'uploads/solicitudinscripcion/1055/doc_dni_per_1055.pdf', NULL, NULL, '1', '2005-03-18 23:07:00', NULL, '1'),
(210, 52, 53, 4, 'uploads/solicitudinscripcion/1055/doc_foto_per_1055.pdf', NULL, NULL, '1', '2005-03-18 23:07:00', NULL, '1'),
(211, 52, 53, 3, 'uploads/solicitudinscripcion/1055/doc_certvota_per_1055.pdf', NULL, NULL, '1', '2005-03-18 23:07:00', NULL, '1'),
(212, 55, 54, 1, 'uploads/solicitudinscripcion/1056/doc_titulo_per_1056.jpg', NULL, NULL, '1', '2008-03-19 05:02:00', NULL, '1'),
(213, 55, 54, 2, 'uploads/solicitudinscripcion/1056/doc_dni_per_1056.jpg', NULL, NULL, '1', '2008-03-19 05:02:00', NULL, '1'),
(214, 55, 54, 4, 'uploads/solicitudinscripcion/1056/doc_foto_per_1056.jpg', NULL, NULL, '1', '2008-03-19 05:02:00', NULL, '1'),
(215, 55, 54, 3, 'uploads/solicitudinscripcion/1056/doc_certvota_per_1056.jpg', NULL, NULL, '1', '2008-03-19 05:02:00', NULL, '1'),
(216, 54, 55, 1, 'uploads/solicitudinscripcion/1058/doc_titulo_per_1058.jpg', NULL, NULL, '1', '2008-03-19 01:21:00', NULL, '1'),
(217, 54, 55, 2, 'uploads/solicitudinscripcion/1058/doc_dni_per_1058.jpg', NULL, NULL, '1', '2008-03-19 01:21:00', NULL, '1'),
(218, 54, 55, 4, 'uploads/solicitudinscripcion/1058/doc_foto_per_1058.jpg', NULL, NULL, '1', '2008-03-19 01:21:00', NULL, '1'),
(219, 54, 55, 3, 'uploads/solicitudinscripcion/1058/doc_certvota_per_1058.jpg', NULL, NULL, '1', '2008-03-19 01:21:00', NULL, '1'),
(220, 53, 56, 1, 'uploads/solicitudinscripcion/1059/doc_titulo_per_1059.pdf', NULL, NULL, '1', '2008-03-18 22:49:00', NULL, '1'),
(221, 53, 56, 2, 'uploads/solicitudinscripcion/1059/doc_dni_per_1059.pdf', NULL, NULL, '1', '2008-03-18 22:49:00', NULL, '1'),
(222, 53, 56, 4, 'uploads/solicitudinscripcion/1059/doc_foto_per_1059.pdf', NULL, NULL, '1', '2008-03-18 22:49:00', NULL, '1'),
(223, 53, 56, 3, 'uploads/solicitudinscripcion/1059/doc_certvota_per_1059.pdf', NULL, NULL, '1', '2008-03-18 22:49:00', NULL, '1'),
(224, 56, 57, 1, 'uploads/solicitudinscripcion/1060/doc_titulo_per_1060.pdf', NULL, NULL, '1', '2009-03-18 20:55:00', NULL, '1'),
(225, 56, 57, 2, 'uploads/solicitudinscripcion/1060/doc_dni_per_1060.pdf', NULL, NULL, '1', '2009-03-18 20:55:00', NULL, '1'),
(226, 56, 57, 4, 'uploads/solicitudinscripcion/1060/doc_foto_per_1060.jpg', NULL, NULL, '1', '2009-03-18 20:55:00', NULL, '1'),
(227, 56, 57, 3, 'uploads/solicitudinscripcion/1060/doc_certvota_per_1060.pdf', NULL, NULL, '1', '2009-03-18 20:55:00', NULL, '1'),
(228, 57, 58, 1, 'uploads/solicitudinscripcion/1061/doc_titulo_per_1061.pdf', NULL, NULL, '1', '2009-03-18 21:38:00', NULL, '1'),
(229, 57, 58, 2, 'uploads/solicitudinscripcion/1061/doc_dni_per_1061.pdf', NULL, NULL, '1', '2009-03-18 21:38:00', NULL, '1'),
(230, 57, 58, 4, 'uploads/solicitudinscripcion/1061/doc_foto_per_1061.jpg', NULL, NULL, '1', '2009-03-18 21:38:00', NULL, '1'),
(231, 57, 58, 3, 'uploads/solicitudinscripcion/1061/doc_certvota_per_1061.pdf', NULL, NULL, '1', '2009-03-18 21:38:00', NULL, '1'),
(232, 58, 59, 1, 'uploads/solicitudinscripcion/1057/doc_titulo_per_1057.pdf', NULL, NULL, '1', '2009-03-19 05:25:00', NULL, '1'),
(233, 58, 59, 2, 'uploads/solicitudinscripcion/1057/doc_dni_per_1057.pdf', NULL, NULL, '1', '2009-03-19 05:25:00', NULL, '1'),
(234, 58, 59, 4, 'uploads/solicitudinscripcion/1057/doc_foto_per_1057.pdf', NULL, NULL, '1', '2009-03-19 05:25:00', NULL, '1'),
(235, 58, 59, 3, 'uploads/solicitudinscripcion/1057/doc_certvota_per_1057.pdf', NULL, NULL, '1', '2009-03-19 05:25:00', NULL, '1'),
(236, 59, 60, 1, 'uploads/solicitudinscripcion/1062/doc_titulo_per_1062.pdf', NULL, NULL, '1', '2010-03-18 22:52:00', NULL, '1'),
(237, 59, 60, 2, 'uploads/solicitudinscripcion/1062/doc_dni_per_1062.pdf', NULL, NULL, '1', '2010-03-18 22:52:00', NULL, '1'),
(238, 59, 60, 4, 'uploads/solicitudinscripcion/1062/doc_foto_per_1062.pdf', NULL, NULL, '1', '2010-03-18 22:52:00', NULL, '1'),
(239, 59, 60, 3, 'uploads/solicitudinscripcion/1062/doc_certvota_per_1062.pdf', NULL, NULL, '1', '2010-03-18 22:52:00', NULL, '1'),
(240, 62, 61, 1, 'uploads/solicitudinscripcion/1063/doc_titulo_per_1063.pdf', NULL, NULL, '1', '2014-03-18 18:21:00', NULL, '1'),
(241, 62, 61, 2, 'uploads/solicitudinscripcion/1063/doc_dni_per_1063.pdf', NULL, NULL, '1', '2014-03-18 18:21:00', NULL, '1'),
(242, 62, 61, 4, 'uploads/solicitudinscripcion/1063/doc_foto_per_1063.jpg', NULL, NULL, '1', '2014-03-18 18:21:00', NULL, '1'),
(243, 62, 61, 3, 'uploads/solicitudinscripcion/1063/doc_certvota_per_1063.pdf', NULL, NULL, '1', '2014-03-18 18:21:00', NULL, '1'),
(244, 112, 62, 1, 'uploads/solicitudinscripcion/1064/doc_titulo_per_1064.jpeg', NULL, NULL, '1', '2017-04-19 00:33:00', NULL, '1'),
(245, 112, 62, 2, 'uploads/solicitudinscripcion/1064/doc_dni_per_1064.png', NULL, NULL, '1', '2017-04-19 00:33:00', NULL, '1'),
(246, 112, 62, 4, 'uploads/solicitudinscripcion/1064/doc_foto_per_1064.jpeg', NULL, NULL, '1', '2017-04-19 00:33:00', NULL, '1'),
(247, 112, 62, 3, 'uploads/solicitudinscripcion/1064/doc_certvota_per_1064.png', NULL, NULL, '1', '2017-04-19 00:33:00', NULL, '1'),
(248, 71, 63, 1, 'uploads/solicitudinscripcion/1065/doc_titulo_per_1065.jpg', NULL, NULL, '1', '2018-03-19 01:31:00', NULL, '1'),
(249, 71, 63, 2, 'uploads/solicitudinscripcion/1065/doc_dni_per_1065.jpg', NULL, NULL, '1', '2018-03-19 01:31:00', NULL, '1'),
(250, 71, 63, 4, 'uploads/solicitudinscripcion/1065/doc_foto_per_1065.jpg', NULL, NULL, '1', '2018-03-19 01:31:00', NULL, '1'),
(251, 71, 63, 3, 'uploads/solicitudinscripcion/1065/doc_certvota_per_1065.jpg', NULL, NULL, '1', '2018-03-19 01:31:00', NULL, '1'),
(252, 60, 64, 1, 'uploads/solicitudinscripcion/1066/doc_titulo_per_1066.pdf', NULL, NULL, '1', '2012-03-19 03:42:00', NULL, '1'),
(253, 60, 64, 2, 'uploads/solicitudinscripcion/1066/doc_dni_per_1066.pdf', NULL, NULL, '1', '2012-03-19 03:42:00', NULL, '1'),
(254, 60, 64, 4, 'uploads/solicitudinscripcion/1066/doc_foto_per_1066.pdf', NULL, NULL, '1', '2012-03-19 03:42:00', NULL, '1'),
(255, 60, 64, 3, 'uploads/solicitudinscripcion/1066/doc_certvota_per_1066.pdf', NULL, NULL, '1', '2012-03-19 03:42:00', NULL, '1'),
(256, 63, 65, 1, 'uploads/solicitudinscripcion/1067/doc_titulo_per_1067.pdf', NULL, NULL, '1', '2014-03-18 20:26:00', NULL, '1'),
(257, 63, 65, 2, 'uploads/solicitudinscripcion/1067/doc_dni_per_1067.pdf', NULL, NULL, '1', '2014-03-18 20:26:00', NULL, '1'),
(258, 63, 65, 4, 'uploads/solicitudinscripcion/1067/doc_foto_per_1067.pdf', NULL, NULL, '1', '2014-03-18 20:26:00', NULL, '1'),
(259, 63, 65, 3, 'uploads/solicitudinscripcion/1067/doc_certvota_per_1067.pdf', NULL, NULL, '1', '2014-03-18 20:26:00', NULL, '1'),
(260, 61, 66, 1, 'uploads/solicitudinscripcion/1068/doc_titulo_per_1068.jpg', NULL, NULL, '1', '2013-03-19 00:30:00', NULL, '1'),
(261, 61, 66, 2, 'uploads/solicitudinscripcion/1068/doc_dni_per_1068.jpg', NULL, NULL, '1', '2013-03-19 00:30:00', NULL, '1'),
(262, 61, 66, 4, 'uploads/solicitudinscripcion/1068/doc_foto_per_1068.jpg', NULL, NULL, '1', '2013-03-19 00:30:00', NULL, '1'),
(263, 61, 66, 3, 'uploads/solicitudinscripcion/1068/doc_certvota_per_1068.jpg', NULL, NULL, '1', '2013-03-19 00:30:00', NULL, '1'),
(264, 64, 67, 1, 'uploads/solicitudinscripcion/1070/doc_titulo_per_1070.pdf', NULL, NULL, '1', '2015-03-18 16:05:00', NULL, '1'),
(265, 64, 67, 2, 'uploads/solicitudinscripcion/1070/doc_dni_per_1070.pdf', NULL, NULL, '1', '2015-03-18 16:05:00', NULL, '1'),
(266, 64, 67, 4, 'uploads/solicitudinscripcion/1070/doc_foto_per_1070.jpg', NULL, NULL, '1', '2015-03-18 16:05:00', NULL, '1'),
(267, 64, 67, 3, 'uploads/solicitudinscripcion/1070/doc_certvota_per_1070.pdf', NULL, NULL, '1', '2015-03-18 16:05:00', NULL, '1'),
(269, 65, 68, 2, 'uploads/solicitudinscripcion/1071/doc_titulo_per_1071.pdf', NULL, NULL, '1', '2015-03-19 00:51:00', NULL, '1'),
(270, 65, 68, 4, 'uploads/solicitudinscripcion/1071/doc_dni_per_1071.pdf', NULL, NULL, '1', '2015-03-19 00:51:00', NULL, '1'),
(271, 65, 68, 3, 'uploads/solicitudinscripcion/1071/doc_foto_per_1071.pdf', NULL, NULL, '1', '2015-03-19 00:51:00', NULL, '1'),
(272, 75, 69, 1, 'uploads/solicitudinscripcion/1072/doc_certvota_per_1072.pdf', NULL, NULL, '1', '2019-03-19 02:40:00', NULL, '1'),
(273, 75, 69, 2, 'uploads/solicitudinscripcion/1072/doc_dni_per_1072.pdf', NULL, NULL, '1', '2019-03-19 02:40:00', NULL, '1'),
(274, 75, 69, 4, 'uploads/solicitudinscripcion/1072/doc_foto_per_1072.pdf', NULL, NULL, '1', '2019-03-19 02:40:00', NULL, '1'),
(275, 75, 69, 3, 'uploads/solicitudinscripcion/1072/doc_certvota_per_1072.pdf', NULL, NULL, '1', '2019-03-19 02:40:00', NULL, '1'),
(276, 66, 70, 1, 'uploads/solicitudinscripcion/1069/doc_titulo_per_1069.pdf', NULL, NULL, '1', '2015-03-19 08:47:00', NULL, '1'),
(277, 66, 70, 2, 'uploads/solicitudinscripcion/1069/doc_dni_per_1069.pdf', NULL, NULL, '1', '2015-03-19 08:47:00', NULL, '1'),
(278, 66, 70, 4, 'uploads/solicitudinscripcion/1069/doc_foto_per_1069.pdf', NULL, NULL, '1', '2015-03-19 08:47:00', NULL, '1'),
(279, 66, 70, 3, 'uploads/solicitudinscripcion/1069/doc_certvota_per_1069.pdf', NULL, NULL, '1', '2015-03-19 08:47:00', NULL, '1'),
(280, 68, 71, 1, 'uploads/solicitudinscripcion/1073/doc_titulo_per_1073.jpg', NULL, NULL, '1', '2016-03-19 00:54:00', NULL, '1'),
(281, 68, 71, 2, 'uploads/solicitudinscripcion/1073/doc_dni_per_1073.pdf', NULL, NULL, '1', '2016-03-19 00:54:00', NULL, '1'),
(282, 68, 71, 4, 'uploads/solicitudinscripcion/1073/doc_foto_per_1073.jpg', NULL, NULL, '1', '2016-03-19 00:54:00', NULL, '1'),
(283, 68, 71, 3, 'uploads/solicitudinscripcion/1073/doc_certvota_per_1073.pdf', NULL, NULL, '1', '2016-03-19 00:54:00', NULL, '1'),
(284, 67, 72, 1, 'uploads/solicitudinscripcion/1074/doc_titulo_per_1074.jpg', NULL, NULL, '1', '2016-03-18 23:12:00', NULL, '1'),
(285, 67, 72, 2, 'uploads/solicitudinscripcion/1074/doc_dni_per_1074.pdf', NULL, NULL, '1', '2016-03-18 23:12:00', NULL, '1'),
(286, 67, 72, 4, 'uploads/solicitudinscripcion/1074/doc_foto_per_1074.jpg', NULL, NULL, '1', '2016-03-18 23:12:00', NULL, '1'),
(287, 67, 72, 3, 'uploads/solicitudinscripcion/1074/doc_certvota_per_1074.pdf', NULL, NULL, '1', '2016-03-18 23:12:00', NULL, '1'),
(288, 70, 73, 1, 'uploads/solicitudinscripcion/1075/doc_titulo_per_1075.pdf', NULL, NULL, '1', '2017-03-18 20:37:00', NULL, '1'),
(289, 70, 73, 2, 'uploads/solicitudinscripcion/1075/doc_dni_per_1075.pdf', NULL, NULL, '1', '2017-03-18 20:37:00', NULL, '1'),
(290, 70, 73, 4, 'uploads/solicitudinscripcion/1075/doc_foto_per_1075.pdf', NULL, NULL, '1', '2017-03-18 20:37:00', NULL, '1'),
(291, 70, 73, 3, 'uploads/solicitudinscripcion/1075/doc_certvota_per_1075.pdf', NULL, NULL, '1', '2017-03-18 20:37:00', NULL, '1'),
(292, 72, 74, 1, 'uploads/solicitudinscripcion/1076/doc_titulo_per_1076.pdf', NULL, NULL, '1', '2019-03-18 20:59:00', NULL, '1'),
(293, 72, 74, 2, 'uploads/solicitudinscripcion/1076/doc_dni_per_1076.pdf', NULL, NULL, '1', '2019-03-18 20:59:00', NULL, '1'),
(294, 72, 74, 4, 'uploads/solicitudinscripcion/1076/doc_foto_per_1076.pdf', NULL, NULL, '1', '2019-03-18 20:59:00', NULL, '1'),
(295, 72, 74, 3, 'uploads/solicitudinscripcion/1076/doc_certvota_per_1076.pdf', NULL, NULL, '1', '2019-03-18 20:59:00', NULL, '1'),
(296, 73, 75, 1, 'uploads/solicitudinscripcion/1077/doc_titulo_per_1077.pdf', NULL, NULL, '1', '2019-03-18 21:26:00', NULL, '1'),
(297, 73, 75, 2, 'uploads/solicitudinscripcion/1077/doc_dni_per_1077.pdf', NULL, NULL, '1', '2019-03-18 21:26:00', NULL, '1'),
(298, 73, 75, 4, 'uploads/solicitudinscripcion/1077/doc_foto_per_1077.pdf', NULL, NULL, '1', '2019-03-18 21:26:00', NULL, '1'),
(299, 73, 75, 3, 'uploads/solicitudinscripcion/1077/doc_certvota_per_1077.pdf', NULL, NULL, '1', '2019-03-18 21:26:00', NULL, '1'),
(300, 69, 76, 1, 'uploads/solicitudinscripcion/1078/doc_titulo_per_1078.jpg', NULL, NULL, '1', '2017-03-18 20:14:00', NULL, '1'),
(301, 69, 76, 2, 'uploads/solicitudinscripcion/1078/doc_dni_per_1078.jpg', NULL, NULL, '1', '2017-03-18 20:14:00', NULL, '1'),
(302, 69, 76, 4, 'uploads/solicitudinscripcion/1078/doc_foto_per_1078.jpg', NULL, NULL, '1', '2017-03-18 20:14:00', NULL, '1'),
(303, 69, 76, 3, 'uploads/solicitudinscripcion/1078/doc_certvota_per_1078.jpg', NULL, NULL, '1', '2017-03-18 20:14:00', NULL, '1'),
(304, 74, 77, 1, 'uploads/solicitudinscripcion/1079/doc_titulo_per_1079.pdf', NULL, NULL, '1', '2019-03-18 21:32:00', NULL, '1'),
(305, 74, 77, 2, 'uploads/solicitudinscripcion/1079/doc_dni_per_1079.pdf', NULL, NULL, '1', '2019-03-18 21:32:00', NULL, '1'),
(306, 74, 77, 4, 'uploads/solicitudinscripcion/1079/doc_foto_per_1079.jpg', NULL, NULL, '1', '2019-03-18 21:32:00', NULL, '1'),
(307, 74, 77, 3, 'uploads/solicitudinscripcion/1079/doc_certvota_per_1079.pdf', NULL, NULL, '1', '2019-03-18 21:32:00', NULL, '1'),
(308, 77, 78, 1, 'uploads/solicitudinscripcion/1080/doc_titulo_per_1080.pdf', NULL, NULL, '1', '2021-03-18 22:40:00', NULL, '1'),
(309, 77, 78, 2, 'uploads/solicitudinscripcion/1080/doc_dni_per_1080.pdf', NULL, NULL, '1', '2021-03-18 22:40:00', NULL, '1'),
(310, 77, 78, 4, 'uploads/solicitudinscripcion/1080/doc_foto_per_1080.pdf', NULL, NULL, '1', '2021-03-18 22:40:00', NULL, '1'),
(311, 77, 78, 3, 'uploads/solicitudinscripcion/1080/doc_certvota_per_1080.pdf', NULL, NULL, '1', '2021-03-18 22:40:00', NULL, '1'),
(312, 76, 79, 1, 'uploads/solicitudinscripcion/1081/doc_titulo_per_1081.jpg', NULL, NULL, '1', '2021-03-18 19:43:00', NULL, '1'),
(313, 76, 79, 2, 'uploads/solicitudinscripcion/1081/doc_dni_per_1081.jpg', NULL, NULL, '1', '2021-03-18 19:43:00', NULL, '1'),
(314, 76, 79, 4, 'uploads/solicitudinscripcion/1081/doc_foto_per_1081.jpg', NULL, NULL, '1', '2021-03-18 19:43:00', NULL, '1'),
(315, 76, 79, 3, 'uploads/solicitudinscripcion/1081/doc_certvota_per_1081.jpg', NULL, NULL, '1', '2021-03-18 19:43:00', NULL, '1'),
(316, 78, 80, 1, 'uploads/solicitudinscripcion/1082/doc_titulo_per_1082.pdf', NULL, NULL, '1', '2021-03-19 03:57:00', NULL, '1'),
(317, 78, 80, 2, 'uploads/solicitudinscripcion/1082/doc_dni_per_1082.jpg', NULL, NULL, '1', '2021-03-19 03:57:00', NULL, '1'),
(318, 78, 80, 4, 'uploads/solicitudinscripcion/1082/doc_foto_per_1082.jpg', NULL, NULL, '1', '2021-03-19 03:57:00', NULL, '1'),
(319, 78, 80, 3, 'uploads/solicitudinscripcion/1082/doc_certvota_per_1082.jpg', NULL, NULL, '1', '2021-03-19 03:57:00', NULL, '1'),
(320, 79, 81, 1, 'uploads/solicitudinscripcion/1083/doc_titulo_per_1083.jpg', NULL, NULL, '1', '2021-03-19 05:54:00', NULL, '1'),
(321, 79, 81, 2, 'uploads/solicitudinscripcion/1083/doc_dni_per_1083.pdf', NULL, NULL, '1', '2021-03-19 05:54:00', NULL, '1'),
(322, 79, 81, 4, 'uploads/solicitudinscripcion/1083/doc_foto_per_1083.jpeg', NULL, NULL, '1', '2021-03-19 05:54:00', NULL, '1'),
(323, 79, 81, 3, 'uploads/solicitudinscripcion/1083/doc_certvota_per_1083.jpg', NULL, NULL, '1', '2021-03-19 05:54:00', NULL, '1'),
(324, 119, 82, 1, 'uploads/solicitudinscripcion/1085/doc_titulo_per_1085.pdf', NULL, NULL, '1', '2020-04-19 03:40:00', NULL, '1'),
(325, 119, 82, 2, 'uploads/solicitudinscripcion/1085/doc_dni_per_1085.pdf', NULL, NULL, '1', '2020-04-19 03:40:00', NULL, '1'),
(326, 119, 82, 4, 'uploads/solicitudinscripcion/1085/doc_foto_per_1085.pdf', NULL, NULL, '1', '2020-04-19 03:40:00', NULL, '1'),
(327, 119, 82, 3, 'uploads/solicitudinscripcion/1085/doc_certvota_per_1085.pdf', NULL, NULL, '1', '2020-04-19 03:40:00', NULL, '1'),
(328, 80, 83, 1, 'uploads/solicitudinscripcion/1086/doc_titulo_per_1086.jpg', NULL, NULL, '1', '2028-03-19 06:13:00', NULL, '1'),
(329, 80, 83, 2, 'uploads/solicitudinscripcion/1086/doc_dni_per_1086.jpg', NULL, NULL, '1', '2028-03-19 06:13:00', NULL, '1'),
(330, 80, 83, 4, 'uploads/solicitudinscripcion/1086/doc_foto_per_1086.jpg', NULL, NULL, '1', '2028-03-19 06:13:00', NULL, '1'),
(331, 80, 83, 3, 'uploads/solicitudinscripcion/1086/doc_certvota_per_1086.jpg', NULL, NULL, '1', '2028-03-19 06:13:00', NULL, '1'),
(332, 82, 84, 1, 'uploads/solicitudinscripcion/1088/doc_certvota_per_1088.jpg', NULL, NULL, '1', '2029-03-19 08:19:00', NULL, '1'),
(333, 82, 84, 2, 'uploads/solicitudinscripcion/1088/doc_dni_per_1088.pdf', NULL, NULL, '1', '2029-03-19 08:19:00', NULL, '1'),
(334, 82, 84, 4, 'uploads/solicitudinscripcion/1088/doc_foto_per_1088.jpg', NULL, NULL, '1', '2029-03-19 08:19:00', NULL, '1'),
(335, 82, 84, 3, 'uploads/solicitudinscripcion/1088/doc_certvota_per_1088.jpg', NULL, NULL, '1', '2029-03-19 08:19:00', NULL, '1'),
(336, 81, 85, 1, 'uploads/solicitudinscripcion/1089/doc_titulo_per_1089.pdf', NULL, NULL, '1', '2029-03-18 22:19:00', NULL, '1'),
(337, 81, 85, 2, 'uploads/solicitudinscripcion/1089/doc_dni_per_1089.pdf', NULL, NULL, '1', '2029-03-18 22:19:00', NULL, '1'),
(338, 81, 85, 4, 'uploads/solicitudinscripcion/1089/doc_foto_per_1089.jpg', NULL, NULL, '1', '2029-03-18 22:19:00', NULL, '1'),
(339, 81, 85, 3, 'uploads/solicitudinscripcion/1089/doc_certvota_per_1089.pdf', NULL, NULL, '1', '2029-03-18 22:19:00', NULL, '1'),
(340, 89, 86, 1, 'uploads/solicitudinscripcion/1090/doc_titulo_per_1090.pdf', NULL, NULL, '1', '2005-04-18 22:44:00', NULL, '1'),
(341, 89, 86, 2, 'uploads/solicitudinscripcion/1090/doc_dni_per_1090.pdf', NULL, NULL, '1', '2005-04-18 22:44:00', NULL, '1'),
(342, 89, 86, 4, 'uploads/solicitudinscripcion/1090/doc_foto_per_1090.pdf', NULL, NULL, '1', '2005-04-18 22:44:00', NULL, '1'),
(343, 89, 86, 3, 'uploads/solicitudinscripcion/1090/doc_certvota_per_1090.pdf', NULL, NULL, '1', '2005-04-18 22:44:00', NULL, '1'),
(344, 85, 87, 1, 'uploads/solicitudinscripcion/1091/doc_titulo_per_1091.pdf', NULL, NULL, '1', '2003-04-19 03:21:00', NULL, '1'),
(345, 85, 87, 2, 'uploads/solicitudinscripcion/1091/doc_dni_per_1091.pdf', NULL, NULL, '1', '2003-04-19 03:21:00', NULL, '1'),
(346, 85, 87, 4, 'uploads/solicitudinscripcion/1091/doc_foto_per_1091.pdf', NULL, NULL, '1', '2003-04-19 03:21:00', NULL, '1'),
(347, 85, 87, 3, 'uploads/solicitudinscripcion/1091/doc_certvota_per_1091.pdf', NULL, NULL, '1', '2003-04-19 03:21:00', NULL, '1'),
(348, 86, 88, 1, 'uploads/solicitudinscripcion/1092/doc_titulo_per_1092.jpg', NULL, NULL, '1', '2003-04-19 07:32:00', NULL, '1'),
(349, 86, 88, 2, 'uploads/solicitudinscripcion/1092/doc_dni_per_1092.jpg', NULL, NULL, '1', '2003-04-19 07:32:00', NULL, '1'),
(350, 86, 88, 4, 'uploads/solicitudinscripcion/1092/doc_foto_per_1092.jpg', NULL, NULL, '1', '2003-04-19 07:32:00', NULL, '1'),
(351, 86, 88, 3, 'uploads/solicitudinscripcion/1092/doc_certvota_per_1092.jpg', NULL, NULL, '1', '2003-04-19 07:32:00', NULL, '1'),
(352, 88, 89, 1, 'uploads/solicitudinscripcion/1093/doc_titulo_per_1093.jpg', NULL, NULL, '1', '2004-04-19 05:49:00', NULL, '1'),
(353, 88, 89, 2, 'uploads/solicitudinscripcion/1093/doc_dni_per_1093.png', NULL, NULL, '1', '2004-04-19 05:49:00', NULL, '1'),
(354, 88, 89, 4, 'uploads/solicitudinscripcion/1093/doc_foto_per_1093.jpg', NULL, NULL, '1', '2004-04-19 05:49:00', NULL, '1'),
(355, 88, 89, 3, 'uploads/solicitudinscripcion/1093/doc_certvota_per_1093.jpg', NULL, NULL, '1', '2004-04-19 05:49:00', NULL, '1'),
(356, 83, 90, 1, 'uploads/solicitudinscripcion/1095/doc_titulo_per_1095.pdf', NULL, NULL, '1', '2003-04-19 00:51:00', NULL, '1'),
(357, 83, 90, 2, 'uploads/solicitudinscripcion/1095/doc_dni_per_1095.pdf', NULL, NULL, '1', '2003-04-19 00:51:00', NULL, '1'),
(358, 83, 90, 4, 'uploads/solicitudinscripcion/1095/doc_foto_per_1095.jpg', NULL, NULL, '1', '2003-04-19 00:51:00', NULL, '1'),
(359, 83, 90, 3, 'uploads/solicitudinscripcion/1095/doc_certvota_per_1095.pdf', NULL, NULL, '1', '2003-04-19 00:51:00', NULL, '1'),
(360, 84, 91, 1, 'uploads/solicitudinscripcion/1096/doc_titulo_per_1096.pdf', NULL, NULL, '1', '2003-04-19 01:22:00', NULL, '1'),
(361, 84, 91, 2, 'uploads/solicitudinscripcion/1096/doc_dni_per_1096.jpg', NULL, NULL, '1', '2003-04-19 01:22:00', NULL, '1'),
(362, 84, 91, 4, 'uploads/solicitudinscripcion/1096/doc_foto_per_1096.jpg', NULL, NULL, '1', '2003-04-19 01:22:00', NULL, '1'),
(363, 84, 91, 3, 'uploads/solicitudinscripcion/1096/doc_certvota_per_1096.jpg', NULL, NULL, '1', '2003-04-19 01:22:00', NULL, '1'),
(364, 87, 92, 1, 'uploads/solicitudinscripcion/1087/doc_titulo_per_1087.pdf', NULL, NULL, '1', '2003-04-19 08:14:00', NULL, '1'),
(365, 87, 92, 2, 'uploads/solicitudinscripcion/1087/doc_dni_per_1087.pdf', NULL, NULL, '1', '2003-04-19 08:14:00', NULL, '1'),
(366, 87, 92, 4, 'uploads/solicitudinscripcion/1087/doc_foto_per_1087.pdf', NULL, NULL, '1', '2003-04-19 08:14:00', NULL, '1'),
(367, 87, 92, 3, 'uploads/solicitudinscripcion/1087/doc_certvota_per_1087.pdf', NULL, NULL, '1', '2003-04-19 08:14:00', NULL, '1'),
(368, 91, 93, 1, 'uploads/solicitudinscripcion/1097/doc_titulo_per_1097.pdf', NULL, NULL, '1', '2006-04-18 20:02:00', NULL, '1'),
(369, 91, 93, 2, 'uploads/solicitudinscripcion/1097/doc_dni_per_1097.pdf', NULL, NULL, '1', '2006-04-18 20:02:00', NULL, '1'),
(370, 91, 93, 4, 'uploads/solicitudinscripcion/1097/doc_foto_per_1097.pdf', NULL, NULL, '1', '2006-04-18 20:02:00', NULL, '1'),
(371, 91, 93, 3, 'uploads/solicitudinscripcion/1097/doc_certvota_per_1097.pdf', NULL, NULL, '1', '2006-04-18 20:02:00', NULL, '1'),
(372, 100, 94, 1, 'uploads/solicitudinscripcion/1099/doc_titulo_per_1099.jpg', NULL, NULL, '1', '2012-04-18 20:09:00', NULL, '1'),
(373, 100, 94, 2, 'uploads/solicitudinscripcion/1099/doc_dni_per_1099.jpg', NULL, NULL, '1', '2012-04-18 20:09:00', NULL, '1'),
(374, 100, 94, 4, 'uploads/solicitudinscripcion/1099/doc_foto_per_1099.jpg', NULL, NULL, '1', '2012-04-18 20:09:00', NULL, '1'),
(375, 100, 94, 3, 'uploads/solicitudinscripcion/1099/doc_certvota_per_1099.jpg', NULL, NULL, '1', '2012-04-18 20:09:00', NULL, '1'),
(376, 90, 95, 1, 'uploads/solicitudinscripcion/1084/doc_titulo_per_1084.pdf', NULL, NULL, '1', '2005-04-19 05:41:00', NULL, '1'),
(377, 90, 95, 2, 'uploads/solicitudinscripcion/1084/doc_dni_per_1084.pdf', NULL, NULL, '1', '2005-04-19 05:41:00', NULL, '1'),
(378, 90, 95, 4, 'uploads/solicitudinscripcion/1084/doc_foto_per_1084.jpg', NULL, NULL, '1', '2005-04-19 05:41:00', NULL, '1'),
(379, 90, 95, 3, 'uploads/solicitudinscripcion/1084/doc_certvota_per_1084.pdf', NULL, NULL, '1', '2005-04-19 05:41:00', NULL, '1'),
(380, 97, 96, 1, 'uploads/solicitudinscripcion/1105/doc_titulo_per_1105.pdf', NULL, NULL, '1', '2010-04-19 03:05:00', NULL, '1'),
(381, 97, 96, 2, 'uploads/solicitudinscripcion/1105/doc_dni_per_1105.pdf', NULL, NULL, '1', '2010-04-19 03:05:00', NULL, '1'),
(382, 97, 96, 4, 'uploads/solicitudinscripcion/1105/doc_foto_per_1105.jpg', NULL, NULL, '1', '2010-04-19 03:05:00', NULL, '1'),
(383, 97, 96, 3, 'uploads/solicitudinscripcion/1105/doc_certvota_per_1105.pdf', NULL, NULL, '1', '2010-04-19 03:05:00', NULL, '1'),
(384, 92, 97, 1, 'uploads/solicitudinscripcion/1098/doc_titulo_per_1098.pdf', NULL, NULL, '1', '2009-04-19 04:03:00', NULL, '1'),
(385, 92, 97, 2, 'uploads/solicitudinscripcion/1098/doc_dni_per_1098.pdf', NULL, NULL, '1', '2009-04-19 04:03:00', NULL, '1'),
(386, 92, 97, 4, 'uploads/solicitudinscripcion/1098/doc_foto_per_1098.pdf', NULL, NULL, '1', '2009-04-19 04:03:00', NULL, '1'),
(387, 92, 97, 3, 'uploads/solicitudinscripcion/1098/doc_certvota_per_1098.pdf', NULL, NULL, '1', '2009-04-19 04:03:00', NULL, '1'),
(388, 94, 98, 1, 'uploads/solicitudinscripcion/1102/doc_titulo_per_1102.pdf', NULL, NULL, '1', '2009-04-19 05:28:00', NULL, '1'),
(389, 94, 98, 2, 'uploads/solicitudinscripcion/1102/doc_dni_per_1102.pdf', NULL, NULL, '1', '2009-04-19 05:28:00', NULL, '1'),
(390, 94, 98, 4, 'uploads/solicitudinscripcion/1102/doc_foto_per_1102.pdf', NULL, NULL, '1', '2009-04-19 05:28:00', NULL, '1'),
(391, 94, 98, 3, 'uploads/solicitudinscripcion/1102/doc_certvota_per_1102.pdf', NULL, NULL, '1', '2009-04-19 05:28:00', NULL, '1'),
(392, 101, 99, 1, 'uploads/solicitudinscripcion/1106/doc_titulo_per_1106.jpg', NULL, NULL, '1', '2012-04-18 20:19:00', NULL, '1'),
(393, 101, 99, 2, 'uploads/solicitudinscripcion/1106/doc_dni_per_1106.pdf', NULL, NULL, '1', '2012-04-18 20:19:00', NULL, '1');
INSERT INTO `solicitudins_documento` (`sdoc_id`, `sins_id`, `int_id`, `dadj_id`, `sdoc_archivo`, `sdoc_usuario_ingreso`, `sdoc_usuario_modifica`, `sdoc_estado`, `sdoc_fecha_creacion`, `sdoc_fecha_modificacion`, `sdoc_estado_logico`) VALUES
(394, 101, 99, 4, 'uploads/solicitudinscripcion/1106/doc_foto_per_1106.jpg', NULL, NULL, '1', '2012-04-18 20:19:00', NULL, '1'),
(395, 101, 99, 3, 'uploads/solicitudinscripcion/1106/doc_certvota_per_1106.pdf', NULL, NULL, '1', '2012-04-18 20:19:00', NULL, '1'),
(396, 93, 100, 1, 'uploads/solicitudinscripcion/1100/doc_titulo_per_1100.pdf', NULL, NULL, '1', '2009-04-19 05:12:00', NULL, '1'),
(397, 93, 100, 2, 'uploads/solicitudinscripcion/1100/doc_dni_per_1100.pdf', NULL, NULL, '1', '2009-04-19 05:12:00', NULL, '1'),
(398, 93, 100, 4, 'uploads/solicitudinscripcion/1100/doc_foto_per_1100.pdf', NULL, NULL, '1', '2009-04-19 05:12:00', NULL, '1'),
(399, 93, 100, 3, 'uploads/solicitudinscripcion/1100/doc_certvota_per_1100.pdf', NULL, NULL, '1', '2009-04-19 05:12:00', NULL, '1'),
(400, 99, 101, 1, 'uploads/solicitudinscripcion/1107/doc_titulo_per_1107.jpg', NULL, NULL, '1', '2010-04-19 07:25:00', NULL, '1'),
(401, 99, 101, 2, 'uploads/solicitudinscripcion/1107/doc_dni_per_1107.jpg', NULL, NULL, '1', '2010-04-19 07:25:00', NULL, '1'),
(402, 99, 101, 4, 'uploads/solicitudinscripcion/1107/doc_foto_per_1107.jpg', NULL, NULL, '1', '2010-04-19 07:25:00', NULL, '1'),
(403, 99, 101, 3, 'uploads/solicitudinscripcion/1107/doc_certvota_per_1107.jpg', NULL, NULL, '1', '2010-04-19 07:25:00', NULL, '1'),
(404, 95, 102, 1, 'uploads/solicitudinscripcion/1101/doc_titulo_per_1101.pdf', NULL, NULL, '1', '2010-04-18 22:46:00', NULL, '1'),
(405, 95, 102, 2, 'uploads/solicitudinscripcion/1101/doc_dni_per_1101.pdf', NULL, NULL, '1', '2010-04-18 22:46:00', NULL, '1'),
(406, 95, 102, 4, 'uploads/solicitudinscripcion/1101/doc_foto_per_1101.pdf', NULL, NULL, '1', '2010-04-18 22:46:00', NULL, '1'),
(407, 95, 102, 3, 'uploads/solicitudinscripcion/1101/doc_certvota_per_1101.pdf', NULL, NULL, '1', '2010-04-18 22:46:00', NULL, '1'),
(408, 96, 103, 1, 'uploads/solicitudinscripcion/1094/doc_titulo_per_1094.pdf', NULL, NULL, '1', '2010-04-19 01:39:00', NULL, '1'),
(409, 96, 103, 2, 'uploads/solicitudinscripcion/1094/doc_dni_per_1094.pdf', NULL, NULL, '1', '2010-04-19 01:39:00', NULL, '1'),
(410, 96, 103, 4, 'uploads/solicitudinscripcion/1094/doc_foto_per_1094.jpg', NULL, NULL, '1', '2010-04-19 01:39:00', NULL, '1'),
(411, 96, 103, 3, 'uploads/solicitudinscripcion/1094/doc_certvota_per_1094.jpg', NULL, NULL, '1', '2010-04-19 01:39:00', NULL, '1'),
(412, 102, 104, 1, 'uploads/solicitudinscripcion/1109/doc_titulo_per_1109.pdf', NULL, NULL, '1', '2012-04-18 22:46:00', NULL, '1'),
(413, 102, 104, 2, 'uploads/solicitudinscripcion/1109/doc_dni_per_1109.pdf', NULL, NULL, '1', '2012-04-18 22:46:00', NULL, '1'),
(414, 102, 104, 4, 'uploads/solicitudinscripcion/1109/doc_foto_per_1109.pdf', NULL, NULL, '1', '2012-04-18 22:46:00', NULL, '1'),
(415, 102, 104, 3, 'uploads/solicitudinscripcion/1109/doc_certvota_per_1109.pdf', NULL, NULL, '1', '2012-04-18 22:46:00', NULL, '1'),
(416, 98, 105, 1, 'uploads/solicitudinscripcion/1103/doc_titulo_per_1103.pdf', NULL, NULL, '1', '2010-04-19 05:02:00', NULL, '1'),
(417, 98, 105, 2, 'uploads/solicitudinscripcion/1103/doc_dni_per_1103.jpg', NULL, NULL, '1', '2010-04-19 05:02:00', NULL, '1'),
(418, 98, 105, 4, 'uploads/solicitudinscripcion/1103/doc_foto_per_1103.jpg', NULL, NULL, '1', '2010-04-19 05:02:00', NULL, '1'),
(419, 98, 105, 3, 'uploads/solicitudinscripcion/1103/doc_certvota_per_1103.jpg', NULL, NULL, '1', '2010-04-19 05:02:00', NULL, '1'),
(420, 109, 106, 1, 'uploads/solicitudinscripcion/1111/doc_titulo_per_1111.jpg', NULL, NULL, '1', '2014-04-19 04:22:00', NULL, '1'),
(421, 109, 106, 2, 'uploads/solicitudinscripcion/1111/doc_dni_per_1111.jpg', NULL, NULL, '1', '2014-04-19 04:22:00', NULL, '1'),
(422, 109, 106, 4, 'uploads/solicitudinscripcion/1111/doc_foto_per_1111.jpg', NULL, NULL, '1', '2014-04-19 04:22:00', NULL, '1'),
(423, 109, 106, 3, 'uploads/solicitudinscripcion/1111/doc_certvota_per_1111.jpg', NULL, NULL, '1', '2014-04-19 04:22:00', NULL, '1'),
(424, 105, 107, 1, 'uploads/solicitudinscripcion/1112/doc_titulo_per_1112.pdf', NULL, NULL, '1', '2013-04-19 00:45:00', NULL, '1'),
(425, 105, 107, 2, 'uploads/solicitudinscripcion/1112/doc_dni_per_1112.pdf', NULL, NULL, '1', '2013-04-19 00:45:00', NULL, '1'),
(426, 105, 107, 4, 'uploads/solicitudinscripcion/1112/doc_foto_per_1112.png', NULL, NULL, '1', '2013-04-19 00:45:00', NULL, '1'),
(427, 105, 107, 3, 'uploads/solicitudinscripcion/1112/doc_certvota_per_1112.pdf', NULL, NULL, '1', '2013-04-19 00:45:00', NULL, '1'),
(428, 107, 108, 1, 'uploads/solicitudinscripcion/1110/doc_titulo_per_1110.pdf', NULL, NULL, '1', '2013-04-19 04:00:00', NULL, '1'),
(429, 107, 108, 2, 'uploads/solicitudinscripcion/1110/doc_dni_per_1110.pdf', NULL, NULL, '1', '2013-04-19 04:00:00', NULL, '1'),
(430, 107, 108, 4, 'uploads/solicitudinscripcion/1110/doc_foto_per_1110.pdf', NULL, NULL, '1', '2013-04-19 04:00:00', NULL, '1'),
(431, 107, 108, 3, 'uploads/solicitudinscripcion/1110/doc_certvota_per_1110.pdf', NULL, NULL, '1', '2013-04-19 04:00:00', NULL, '1'),
(432, 106, 109, 1, 'uploads/solicitudinscripcion/1114/doc_titulo_per_1114.pdf', NULL, NULL, '1', '2013-04-19 02:19:00', NULL, '1'),
(433, 106, 109, 2, 'uploads/solicitudinscripcion/1114/doc_dni_per_1114.pdf', NULL, NULL, '1', '2013-04-19 02:19:00', NULL, '1'),
(434, 106, 109, 4, 'uploads/solicitudinscripcion/1114/doc_foto_per_1114.pdf', NULL, NULL, '1', '2013-04-19 02:19:00', NULL, '1'),
(435, 106, 109, 3, 'uploads/solicitudinscripcion/1114/doc_certvota_per_1114.pdf', NULL, NULL, '1', '2013-04-19 02:19:00', NULL, '1'),
(436, 108, 110, 1, 'uploads/solicitudinscripcion/1115/doc_titulo_per_1115.pdf', NULL, NULL, '1', '2013-04-19 04:41:00', NULL, '1'),
(437, 108, 110, 2, 'uploads/solicitudinscripcion/1115/doc_dni_per_1115.pdf', NULL, NULL, '1', '2013-04-19 04:41:00', NULL, '1'),
(438, 108, 110, 4, 'uploads/solicitudinscripcion/1115/doc_foto_per_1115.pdf', NULL, NULL, '1', '2013-04-19 04:41:00', NULL, '1'),
(439, 108, 110, 3, 'uploads/solicitudinscripcion/1115/doc_certvota_per_1115.pdf', NULL, NULL, '1', '2013-04-19 04:41:00', NULL, '1'),
(440, 110, 111, 1, 'uploads/solicitudinscripcion/1104/doc_titulo_per_1104.pdf', NULL, NULL, '1', '2014-04-19 05:54:00', NULL, '1'),
(441, 110, 111, 2, 'uploads/solicitudinscripcion/1104/doc_dni_per_1104.pdf', NULL, NULL, '1', '2014-04-19 05:54:00', NULL, '1'),
(442, 110, 111, 4, 'uploads/solicitudinscripcion/1104/doc_foto_per__1104.jpeg', NULL, NULL, '1', '2014-04-19 05:54:00', NULL, '1'),
(443, 110, 111, 3, 'uploads/solicitudinscripcion/1104/doc_certvota_per_1104.pdf', NULL, NULL, '1', '2014-04-19 05:54:00', NULL, '1'),
(444, 103, 112, 1, 'uploads/solicitudinscripcion/1113/doc_titulo_per_1113.pdf', NULL, NULL, '1', '2013-04-18 21:28:00', NULL, '1'),
(445, 103, 112, 2, 'uploads/solicitudinscripcion/1113/doc_dni_per_1113.pdf', NULL, NULL, '1', '2013-04-18 21:28:00', NULL, '1'),
(446, 103, 112, 4, 'uploads/solicitudinscripcion/1113/doc_foto_per_1113.pdf', NULL, NULL, '1', '2013-04-18 21:28:00', NULL, '1'),
(447, 103, 112, 3, 'uploads/solicitudinscripcion/1113/doc_certvota_per_1113.pdf', NULL, NULL, '1', '2013-04-18 21:28:00', NULL, '1'),
(448, 104, 113, 1, 'uploads/solicitudinscripcion/1116/doc_titulo_per_1116.pdf', NULL, NULL, '1', '2013-04-18 22:32:00', NULL, '1'),
(449, 104, 113, 2, 'uploads/solicitudinscripcion/1116/doc_dni_per_1116.pdf', NULL, NULL, '1', '2013-04-18 22:32:00', NULL, '1'),
(450, 104, 113, 4, 'uploads/solicitudinscripcion/1116/doc_foto_per_1116.jpg', NULL, NULL, '1', '2013-04-18 22:32:00', NULL, '1'),
(451, 104, 113, 3, 'uploads/solicitudinscripcion/1116/doc_certvota_per_1116.pdf', NULL, NULL, '1', '2013-04-18 22:32:00', NULL, '1'),
(452, 111, 114, 1, 'uploads/solicitudinscripcion/1108/doc_titulo_per_1108.pdf', NULL, NULL, '1', '2017-04-19 00:07:00', NULL, '1'),
(453, 111, 114, 2, 'uploads/solicitudinscripcion/1108/doc_dni_per_1108.pdf', NULL, NULL, '1', '2017-04-19 00:07:00', NULL, '1'),
(454, 111, 114, 4, 'uploads/solicitudinscripcion/1108/doc_foto_per_1108.jpg', NULL, NULL, '1', '2017-04-19 00:07:00', NULL, '1'),
(455, 111, 114, 3, 'uploads/solicitudinscripcion/1108/doc_certvota_per_1108.pdf', NULL, NULL, '1', '2017-04-19 00:07:00', NULL, '1'),
(456, 113, 115, 1, 'uploads/solicitudinscripcion/1117/doc_titulo_per_1117.pdf', NULL, NULL, '1', '2017-04-19 00:59:00', NULL, '1'),
(457, 113, 115, 2, 'uploads/solicitudinscripcion/1117/doc_dni_per_1117.pdf', NULL, NULL, '1', '2017-04-19 00:59:00', NULL, '1'),
(458, 113, 115, 4, 'uploads/solicitudinscripcion/1117/doc_foto_per_1117.jpg', NULL, NULL, '1', '2017-04-19 00:59:00', NULL, '1'),
(459, 113, 115, 3, 'uploads/solicitudinscripcion/1117/doc_certvota_per_1117.pdf', NULL, NULL, '1', '2017-04-19 00:59:00', NULL, '1'),
(460, 114, 116, 1, 'uploads/solicitudinscripcion/1119/doc_titulo_per_1119.pdf', NULL, NULL, '1', '2017-04-19 05:12:00', NULL, '1'),
(461, 114, 116, 2, 'uploads/solicitudinscripcion/1119/doc_dni_per_1119.pdf', NULL, NULL, '1', '2017-04-19 05:12:00', NULL, '1'),
(462, 114, 116, 4, 'uploads/solicitudinscripcion/1119/doc_foto_per_1119.pdf', NULL, NULL, '1', '2017-04-19 05:12:00', NULL, '1'),
(463, 114, 116, 3, 'uploads/solicitudinscripcion/1119/doc_certvota_per_1119.pdf', NULL, NULL, '1', '2017-04-19 05:12:00', NULL, '1'),
(464, 115, 117, 1, 'uploads/solicitudinscripcion/1120/doc_titulo_per_1120.pdf', NULL, NULL, '1', '2018-04-18 20:21:00', NULL, '1'),
(465, 115, 117, 2, 'uploads/solicitudinscripcion/1120/doc_dni_per_1120.pdf', NULL, NULL, '1', '2018-04-18 20:21:00', NULL, '1'),
(466, 115, 117, 4, 'uploads/solicitudinscripcion/1120/doc_foto_per_1120.pdf', NULL, NULL, '1', '2018-04-18 20:21:00', NULL, '1'),
(467, 115, 117, 3, 'uploads/solicitudinscripcion/1120/doc_certvota_per_1120.pdf', NULL, NULL, '1', '2018-04-18 20:21:00', NULL, '1'),
(468, 116, 118, 1, 'uploads/solicitudinscripcion/1118/doc_titulo_per_1118.pdf', NULL, NULL, '1', '2018-04-19 02:24:00', NULL, '1'),
(469, 116, 118, 2, 'uploads/solicitudinscripcion/1118/doc_dni_per_1118.pdf', NULL, NULL, '1', '2018-04-19 02:24:00', NULL, '1'),
(470, 116, 118, 4, 'uploads/solicitudinscripcion/1118/doc_foto_per_1118.pdf', NULL, NULL, '1', '2018-04-19 02:24:00', NULL, '1'),
(471, 116, 118, 3, 'uploads/solicitudinscripcion/1118/doc_certvota_per_1118.pdf', NULL, NULL, '1', '2018-04-19 02:24:00', NULL, '1'),
(472, 117, 119, 1, 'uploads/solicitudinscripcion/1121/doc_titulo_per_1121.pdf', NULL, NULL, '1', '2018-04-19 03:14:00', NULL, '1'),
(473, 117, 119, 2, 'uploads/solicitudinscripcion/1121/doc_dni_per_1121.pdf', NULL, NULL, '1', '2018-04-19 03:14:00', NULL, '1'),
(474, 117, 119, 4, 'uploads/solicitudinscripcion/1121/doc_foto_per_1121.jpg', NULL, NULL, '1', '2018-04-19 03:14:00', NULL, '1'),
(475, 117, 119, 3, 'uploads/solicitudinscripcion/1121/doc_certvota_per_1121.pdf', NULL, NULL, '1', '2018-04-19 03:14:00', NULL, '1'),
(476, 118, 120, 1, 'uploads/solicitudinscripcion/1122/doc_titulo_per_1122.pdf', NULL, NULL, '1', '2020-04-18 23:45:00', NULL, '1'),
(477, 118, 120, 2, 'uploads/solicitudinscripcion/1122/doc_dni_per_1122.pdf', NULL, NULL, '1', '2020-04-18 23:45:00', NULL, '1'),
(478, 118, 120, 4, 'uploads/solicitudinscripcion/1122/doc_foto_per_1122.jpg', NULL, NULL, '1', '2020-04-18 23:45:00', NULL, '1'),
(479, 151, 121, 1, 'uploads/solicitudinscripcion/1045/doc_titulo_pe_1045.pdf', NULL, NULL, '1', '2012-06-19 00:01:00', NULL, '1'),
(480, 151, 121, 2, 'uploads/solicitudinscripcion/1045/doc_dni_pe_1045.pdf', NULL, NULL, '1', '2012-06-19 00:01:00', NULL, '1'),
(481, 151, 121, 4, 'uploads/solicitudinscripcion/1045/doc_foto_pe_1045.jpg', NULL, NULL, '1', '2012-06-19 00:01:00', NULL, '1'),
(482, 151, 121, 3, 'uploads/solicitudinscripcion/1045/doc_certvota_per_1045.pdf', NULL, NULL, '1', '2012-06-19 00:01:00', NULL, '1'),
(483, 129, 122, 1, 'uploads/solicitudinscripcion/1123/doc_titulo_per_1123.pdf', NULL, NULL, '1', '2012-05-19 02:17:00', NULL, '1'),
(484, 129, 122, 2, 'uploads/solicitudinscripcion/1123/doc_dni_per_1123.pdf', NULL, NULL, '1', '2012-05-19 02:17:00', NULL, '1'),
(485, 129, 122, 4, 'uploads/solicitudinscripcion/1123/doc_foto_per_1123.pdf', NULL, NULL, '1', '2012-05-19 02:17:00', NULL, '1'),
(486, 129, 122, 3, 'uploads/solicitudinscripcion/1123/doc_certvota_per_1123.pdf', NULL, NULL, '1', '2012-05-19 02:17:00', NULL, '1'),
(487, 128, 123, 1, 'uploads/solicitudinscripcion/1124/doc_titulo_per_1124.pdf', NULL, NULL, '1', '2011-05-19 01:33:00', NULL, '1'),
(488, 128, 123, 2, 'uploads/solicitudinscripcion/1124/doc_dni_per_1124.pdf', NULL, NULL, '1', '2011-05-19 01:33:00', NULL, '1'),
(489, 128, 123, 4, 'uploads/solicitudinscripcion/1124/doc_foto_per_1124.pdf', NULL, NULL, '1', '2011-05-19 01:33:00', NULL, '1'),
(490, 128, 123, 3, 'uploads/solicitudinscripcion/1124/doc_certvota_per_1124.pdf', NULL, NULL, '1', '2011-05-19 01:33:00', NULL, '1'),
(491, 121, 124, 1, 'uploads/solicitudinscripcion/1125/doc_titulo_per_1125.pdf', NULL, NULL, '1', '2002-05-18 19:10:00', NULL, '1'),
(492, 121, 124, 2, 'uploads/solicitudinscripcion/1125/doc_dni_per_1125.pdf', NULL, NULL, '1', '2002-05-18 19:10:00', NULL, '1'),
(493, 121, 124, 4, 'uploads/solicitudinscripcion/1125/doc_foto_per_1125.pdf', NULL, NULL, '1', '2002-05-18 19:10:00', NULL, '1'),
(494, 121, 124, 3, 'uploads/solicitudinscripcion/1125/doc_certvota_per_1125.pdf', NULL, NULL, '1', '2002-05-18 19:10:00', NULL, '1'),
(495, 120, 125, 1, 'uploads/solicitudinscripcion/1126/doc_titulo_per_1126.pdf', NULL, NULL, '1', '2028-04-18 21:46:00', NULL, '1'),
(496, 120, 125, 2, 'uploads/solicitudinscripcion/1126/doc_dni_per_1126.pdf', NULL, NULL, '1', '2028-04-18 21:46:00', NULL, '1'),
(497, 120, 125, 4, 'uploads/solicitudinscripcion/1126/doc_foto_per_1126.jpg', NULL, NULL, '1', '2028-04-18 21:46:00', NULL, '1'),
(498, 120, 125, 3, 'uploads/solicitudinscripcion/1126/doc_certvota_per_1126.pdf', NULL, NULL, '1', '2028-04-18 21:46:00', NULL, '1'),
(499, 122, 126, 1, 'uploads/solicitudinscripcion/1127/doc_titulo_per_1127.pdf', NULL, NULL, '1', '2003-05-18 23:36:00', NULL, '1'),
(500, 122, 126, 2, 'uploads/solicitudinscripcion/1127/doc_dni_per_1127.pdf', NULL, NULL, '1', '2003-05-18 23:36:00', NULL, '1'),
(501, 122, 126, 4, 'uploads/solicitudinscripcion/1127/doc_foto_per_1127.pdf', NULL, NULL, '1', '2003-05-18 23:36:00', NULL, '1'),
(502, 122, 126, 3, 'uploads/solicitudinscripcion/1127/doc_certvota_per_1127.pdf', NULL, NULL, '1', '2003-05-18 23:36:00', NULL, '1'),
(503, 123, 127, 1, 'uploads/solicitudinscripcion/1129/doc_titulo_per_1129.pdf', NULL, NULL, '1', '2004-05-18 21:23:00', NULL, '1'),
(504, 123, 127, 2, 'uploads/solicitudinscripcion/1129/doc_dni_per_1129.pdf', NULL, NULL, '1', '2004-05-18 21:23:00', NULL, '1'),
(505, 123, 127, 4, 'uploads/solicitudinscripcion/1129/doc_foto_per_1129.jpg', NULL, NULL, '1', '2004-05-18 21:23:00', NULL, '1'),
(506, 124, 128, 1, 'uploads/solicitudinscripcion/1130/doc_titulo_per_1130.pdf', NULL, NULL, '1', '2004-05-18 21:48:00', NULL, '1'),
(507, 124, 128, 2, 'uploads/solicitudinscripcion/1130/doc_dni_per_1130.pdf', NULL, NULL, '1', '2004-05-18 21:48:00', NULL, '1'),
(508, 124, 128, 4, 'uploads/solicitudinscripcion/1130/doc_foto_per_1130.pdf', NULL, NULL, '1', '2004-05-18 21:48:00', NULL, '1'),
(509, 124, 128, 3, 'uploads/solicitudinscripcion/1130/doc_certvota_per_1130.pdf', NULL, NULL, '1', '2004-05-18 21:48:00', NULL, '1'),
(510, 125, 129, 1, 'uploads/solicitudinscripcion/1131/doc_titulo_per_1131.pdf', NULL, NULL, '1', '2007-05-19 05:02:00', NULL, '1'),
(511, 125, 129, 2, 'uploads/solicitudinscripcion/1131/doc_dni_per_1131.pdf', NULL, NULL, '1', '2007-05-19 05:02:00', NULL, '1'),
(512, 125, 129, 4, 'uploads/solicitudinscripcion/1131/doc_foto_per_1131.pdf', NULL, NULL, '1', '2007-05-19 05:02:00', NULL, '1'),
(513, 126, 130, 1, 'uploads/solicitudinscripcion/1132/doc_titulo_per_1132.pdf', NULL, NULL, '1', '2009-05-18 23:46:00', NULL, '1'),
(514, 126, 130, 2, 'uploads/solicitudinscripcion/1132/doc_dni_per_1132.pdf', NULL, NULL, '1', '2009-05-18 23:46:00', NULL, '1'),
(515, 126, 130, 4, 'uploads/solicitudinscripcion/1132/doc_foto_per_1132.pdf', NULL, NULL, '1', '2009-05-18 23:46:00', NULL, '1'),
(516, 130, 131, 1, 'uploads/solicitudinscripcion/1134/doc_titulo_per_1134.jpg', NULL, NULL, '1', '2015-05-19 02:25:00', NULL, '1'),
(517, 130, 131, 2, 'uploads/solicitudinscripcion/1134/doc_dni_per_1134.jpg', NULL, NULL, '1', '2015-05-19 02:25:00', NULL, '1'),
(518, 130, 131, 4, 'uploads/solicitudinscripcion/1134/doc_foto_per_1134.jpg', NULL, NULL, '1', '2015-05-19 02:25:00', NULL, '1'),
(519, 131, 132, 1, 'uploads/solicitudinscripcion/1135/doc_titulo_per_1135.jpeg', NULL, NULL, '1', '2017-05-18 21:32:00', NULL, '1'),
(520, 131, 132, 2, 'uploads/solicitudinscripcion/1135/doc_dni_per_1135.pdf', NULL, NULL, '1', '2017-05-18 21:32:00', NULL, '1'),
(521, 131, 132, 4, 'uploads/solicitudinscripcion/1135/doc_foto_per_1135.png', NULL, NULL, '1', '2017-05-18 21:32:00', NULL, '1'),
(522, 132, 133, 1, 'uploads/solicitudinscripcion/1136/doc_titulo_per_1136.pdf', NULL, NULL, '1', '2024-05-19 01:17:00', NULL, '1'),
(523, 132, 133, 2, 'uploads/solicitudinscripcion/1136/doc_dni_per_1136.pdf', NULL, NULL, '1', '2024-05-19 01:17:00', NULL, '1'),
(524, 132, 133, 4, 'uploads/solicitudinscripcion/1136/doc_foto_per_1136.png', NULL, NULL, '1', '2024-05-19 01:17:00', NULL, '1'),
(525, 132, 133, 3, 'uploads/solicitudinscripcion/1136/doc_certvota_per_1136.pdf', NULL, NULL, '1', '2024-05-19 01:17:00', NULL, '1'),
(526, 136, 134, 1, 'uploads/solicitudinscripcion/1138/doc_titulo_per_1138.pdf', NULL, NULL, '1', '2031-05-19 00:31:00', NULL, '1'),
(527, 136, 134, 2, 'uploads/solicitudinscripcion/1138/doc_dni_per_1138.pdf', NULL, NULL, '1', '2031-05-19 00:31:00', NULL, '1'),
(528, 136, 134, 4, 'uploads/solicitudinscripcion/1138/doc_foto_per_1138.jpg', NULL, NULL, '1', '2031-05-19 00:31:00', NULL, '1'),
(529, 133, 135, 1, 'uploads/solicitudinscripcion/1139/doc_titulo_per_1139.pdf', NULL, NULL, '1', '2029-05-19 06:05:00', NULL, '1'),
(530, 133, 135, 2, 'uploads/solicitudinscripcion/1139/doc_dni_per_1139.pdf', NULL, NULL, '1', '2029-05-19 06:05:00', NULL, '1'),
(531, 133, 135, 4, 'uploads/solicitudinscripcion/1139/doc_foto_per_1139.jpg', NULL, NULL, '1', '2029-05-19 06:05:00', NULL, '1'),
(532, 134, 136, 1, 'uploads/solicitudinscripcion/1140/doc_titulo_per_1140.pdf', NULL, NULL, '1', '2030-05-18 21:06:00', NULL, '1'),
(533, 134, 136, 2, 'uploads/solicitudinscripcion/1140/doc_dni_per_1140.pdf', NULL, NULL, '1', '2030-05-18 21:06:00', NULL, '1'),
(534, 134, 136, 4, 'uploads/solicitudinscripcion/1140/doc_foto_per_1140.jpg', NULL, NULL, '1', '2030-05-18 21:06:00', NULL, '1'),
(535, 135, 137, 1, 'uploads/solicitudinscripcion/1141/doc_titulo_per_1141.pdf', NULL, NULL, '1', '2031-05-18 20:15:00', NULL, '1'),
(536, 135, 137, 2, 'uploads/solicitudinscripcion/1141/doc_dni_per_1141.pdf', NULL, NULL, '1', '2031-05-18 20:15:00', NULL, '1'),
(537, 135, 137, 4, 'uploads/solicitudinscripcion/1141/doc_foto_per_1141.jpg', NULL, NULL, '1', '2031-05-18 20:15:00', NULL, '1'),
(538, 135, 137, 3, 'uploads/solicitudinscripcion/1141/doc_certvota_per_1141.pdf', NULL, NULL, '1', '2031-05-18 20:15:00', NULL, '1'),
(539, 137, 138, 1, 'uploads/solicitudinscripcion/1143/doc_titulo_per_1143.pdf', NULL, NULL, '1', '2031-05-19 00:59:00', NULL, '1'),
(540, 137, 138, 2, 'uploads/solicitudinscripcion/1143/doc_dni_per_1143.pdf', NULL, NULL, '1', '2031-05-19 00:59:00', NULL, '1'),
(541, 137, 138, 4, 'uploads/solicitudinscripcion/1143/doc_foto_per_1143.jpg', NULL, NULL, '1', '2031-05-19 00:59:00', NULL, '1'),
(542, 138, 139, 1, 'uploads/solicitudinscripcion/1144/doc_titulo_per_1144.pdf', NULL, NULL, '1', '2031-05-19 01:30:00', NULL, '1'),
(543, 138, 139, 2, 'uploads/solicitudinscripcion/1144/doc_dni_per_1144.pdf', NULL, NULL, '1', '2031-05-19 01:30:00', NULL, '1'),
(544, 138, 139, 4, 'uploads/solicitudinscripcion/1144/doc_foto_per_1144.jpg', NULL, NULL, '1', '2031-05-19 01:30:00', NULL, '1'),
(545, 138, 139, 3, 'uploads/solicitudinscripcion/1144/doc_certvota_per_1144.pdf', NULL, NULL, '1', '2031-05-19 01:30:00', NULL, '1'),
(546, 139, 140, 1, 'uploads/solicitudinscripcion/1145/doc_titulo_per_1145.jpg', NULL, NULL, '1', '2001-06-18 22:54:00', NULL, '1'),
(547, 139, 140, 2, 'uploads/solicitudinscripcion/1145/doc_dni_per_1145.jpeg', NULL, NULL, '1', '2001-06-18 22:54:00', NULL, '1'),
(548, 139, 140, 4, 'uploads/solicitudinscripcion/1145/doc_foto_per_1145.jpeg', NULL, NULL, '1', '2001-06-18 22:54:00', NULL, '1'),
(549, 140, 141, 1, 'uploads/solicitudinscripcion/1146/doc_titulo_per_1146.jpeg', NULL, NULL, '1', '2002-06-18 19:24:00', NULL, '1'),
(550, 140, 141, 2, 'uploads/solicitudinscripcion/1146/doc_dni_per_1146.jpeg', NULL, NULL, '1', '2002-06-18 19:24:00', NULL, '1'),
(551, 140, 141, 4, 'uploads/solicitudinscripcion/1146/doc_foto_per_1146.jpg', NULL, NULL, '1', '2002-06-18 19:24:00', NULL, '1'),
(552, 141, 142, 1, 'uploads/solicitudinscripcion/1137/doc_titulo_per_1137.pdf', NULL, NULL, '1', '2002-06-18 21:28:00', NULL, '1'),
(553, 141, 142, 2, 'uploads/solicitudinscripcion/1137/doc_dni_per_1137.pdf', NULL, NULL, '1', '2002-06-18 21:28:00', NULL, '1'),
(554, 141, 142, 4, 'uploads/solicitudinscripcion/1137/doc_foto_per_1137.png', NULL, NULL, '1', '2002-06-18 21:28:00', NULL, '1'),
(555, 142, 143, 1, 'uploads/solicitudinscripcion/1147/doc_titulo_per_1147.jpeg', NULL, NULL, '1', '2004-06-18 21:19:00', NULL, '1'),
(556, 142, 143, 2, 'uploads/solicitudinscripcion/1147/doc_dni_per_1147.jpeg', NULL, NULL, '1', '2004-06-18 21:19:00', NULL, '1'),
(557, 142, 143, 4, 'uploads/solicitudinscripcion/1147/doc_foto_per_1147.jpeg', NULL, NULL, '1', '2004-06-18 21:19:00', NULL, '1'),
(558, 143, 144, 1, 'uploads/solicitudinscripcion/1148/doc_titulo_per_1148.pdf', NULL, NULL, '1', '2004-06-19 04:01:00', NULL, '1'),
(559, 143, 144, 2, 'uploads/solicitudinscripcion/1148/doc_dni_per_1148.pdf', NULL, NULL, '1', '2004-06-19 04:01:00', NULL, '1'),
(560, 143, 144, 4, 'uploads/solicitudinscripcion/1148/doc_foto_per_1148.jpg', NULL, NULL, '1', '2004-06-19 04:01:00', NULL, '1'),
(561, 143, 144, 3, 'uploads/solicitudinscripcion/1148/doc_certvota_per_1148.pdf', NULL, NULL, '1', '2004-06-19 04:01:00', NULL, '1'),
(562, 144, 145, 1, 'uploads/solicitudinscripcion/1149/doc_titulo_per_1149.pdf', NULL, NULL, '1', '2005-06-19 05:55:00', NULL, '1'),
(563, 144, 145, 2, 'uploads/solicitudinscripcion/1149/doc_dni_per_1149.pdf', NULL, NULL, '1', '2005-06-19 05:55:00', NULL, '1'),
(564, 144, 145, 4, 'uploads/solicitudinscripcion/1149/doc_foto_per_1149.jpg', NULL, NULL, '1', '2005-06-19 05:55:00', NULL, '1'),
(565, 146, 146, 1, 'uploads/solicitudinscripcion/1150/doc_titulo_per_1150.jpeg', NULL, NULL, '1', '2008-06-18 21:34:00', NULL, '1'),
(566, 146, 146, 2, 'uploads/solicitudinscripcion/1150/doc_dni_per_1150.jpeg', NULL, NULL, '1', '2008-06-18 21:34:00', NULL, '1'),
(567, 146, 146, 4, 'uploads/solicitudinscripcion/1150/doc_foto_per_1150.jpeg', NULL, NULL, '1', '2008-06-18 21:34:00', NULL, '1'),
(568, 145, 147, 1, 'uploads/solicitudinscripcion/1151/doc_titulo_per_1151.jpg', NULL, NULL, '1', '2008-06-18 19:37:00', NULL, '1'),
(569, 145, 147, 2, 'uploads/solicitudinscripcion/1151/doc_dni_per_1151.jpg', NULL, NULL, '1', '2008-06-18 19:38:00', NULL, '1'),
(570, 145, 147, 4, 'uploads/solicitudinscripcion/1151/doc_foto_per_1151.jpeg', NULL, NULL, '1', '2008-06-18 19:38:00', NULL, '1'),
(571, 145, 147, 3, 'uploads/solicitudinscripcion/1151/doc_certvota_per_1151.jpg', NULL, NULL, '1', '2008-06-18 19:38:00', NULL, '1'),
(572, 147, 148, 1, 'uploads/solicitudinscripcion/1152/doc_titulo_per_1152.jpeg', NULL, NULL, '1', '2009-06-18 19:05:00', NULL, '1'),
(573, 147, 148, 2, 'uploads/solicitudinscripcion/1152/doc_dni_per_1152.jpeg', NULL, NULL, '1', '2009-06-18 19:05:00', NULL, '1'),
(574, 147, 148, 4, 'uploads/solicitudinscripcion/1152/doc_foto_per_1152.jpeg', NULL, NULL, '1', '2009-06-18 19:05:00', NULL, '1'),
(575, 148, 149, 1, 'uploads/solicitudinscripcion/1133/doc_titulo_per_1133.jpg', NULL, NULL, '1', '2009-06-18 20:26:00', NULL, '1'),
(576, 148, 149, 2, 'uploads/solicitudinscripcion/1133/doc_dni_per_1133.pdf', NULL, NULL, '1', '2009-06-18 20:26:00', NULL, '1'),
(577, 148, 149, 4, 'uploads/solicitudinscripcion/1133/doc_foto_per_1133.jpeg', NULL, NULL, '1', '2009-06-18 20:26:00', NULL, '1'),
(578, 149, 150, 1, 'uploads/solicitudinscripcion/1153/doc_titulo_per_1153.jpg', NULL, NULL, '1', '2011-06-18 22:16:00', NULL, '1'),
(579, 149, 150, 2, 'uploads/solicitudinscripcion/1153/doc_dni_per_1153.jpeg', NULL, NULL, '1', '2011-06-18 22:16:00', NULL, '1'),
(580, 149, 150, 4, 'uploads/solicitudinscripcion/1153/doc_foto_per_1153.jpg', NULL, NULL, '1', '2011-06-18 22:16:00', NULL, '1'),
(581, 150, 151, 1, 'uploads/solicitudinscripcion/1154/doc_titulo_per_1154.jpeg', NULL, NULL, '1', '2011-06-19 05:20:00', NULL, '1'),
(582, 150, 151, 2, 'uploads/solicitudinscripcion/1154/doc_dni_per_1154.jpeg', NULL, NULL, '1', '2011-06-19 05:20:00', NULL, '1'),
(583, 150, 151, 4, 'uploads/solicitudinscripcion/1154/doc_foto_per_1154.jpeg', NULL, NULL, '1', '2011-06-19 05:20:00', NULL, '1'),
(584, 158, 152, 1, 'uploads/solicitudinscripcion/1155/doc_titulo_per_1155.jpeg', NULL, NULL, '1', '2002-07-18 18:52:00', NULL, '1'),
(585, 158, 152, 2, 'uploads/solicitudinscripcion/1155/doc_dni_per_1155.jpeg', NULL, NULL, '1', '2002-07-18 18:52:00', NULL, '1'),
(586, 158, 152, 4, 'uploads/solicitudinscripcion/1155/doc_foto_per_1155.jpg', NULL, NULL, '1', '2002-07-18 18:52:00', NULL, '1'),
(587, 152, 153, 1, 'uploads/solicitudinscripcion/1156/doc_titulo_per_1156.pdf', NULL, NULL, '1', '2019-06-19 00:10:00', NULL, '1'),
(588, 152, 153, 2, 'uploads/solicitudinscripcion/1156/doc_dni_per_1156.pdf', NULL, NULL, '1', '2019-06-19 00:10:00', NULL, '1'),
(589, 152, 153, 4, 'uploads/solicitudinscripcion/1156/doc_foto_per_1156.jpg', NULL, NULL, '1', '2019-06-19 00:10:00', NULL, '1'),
(590, 152, 153, 3, 'uploads/solicitudinscripcion/1156/doc_certvota_per_1156.pdf', NULL, NULL, '1', '2019-06-19 00:10:00', NULL, '1'),
(591, 153, 154, 1, 'uploads/solicitudinscripcion/1142/doc_titulo_per_1142.pdf', NULL, NULL, '1', '2021-06-18 23:43:00', NULL, '1'),
(592, 153, 154, 2, 'uploads/solicitudinscripcion/1142/doc_dni_per_1142.jpeg', NULL, NULL, '1', '2021-06-18 23:43:00', NULL, '1'),
(593, 153, 154, 4, 'uploads/solicitudinscripcion/1142/doc_foto_per_1142.jpg', NULL, NULL, '1', '2021-06-18 23:43:00', NULL, '1'),
(594, 156, 155, 1, 'uploads/solicitudinscripcion/1157/doc_titulo_per_1157.pdf', NULL, NULL, '1', '2028-06-18 21:56:00', NULL, '1'),
(595, 156, 155, 2, 'uploads/solicitudinscripcion/1157/doc_dni_per_1157.pdf', NULL, NULL, '1', '2028-06-18 21:56:00', NULL, '1'),
(596, 156, 155, 4, 'uploads/solicitudinscripcion/1157/doc_foto_per_1157.jpeg', NULL, NULL, '1', '2028-06-18 21:56:00', NULL, '1'),
(597, 154, 156, 1, 'uploads/solicitudinscripcion/1158/doc_titulo_per_1158.pdf', NULL, NULL, '1', '2027-06-18 23:00:00', NULL, '1'),
(598, 154, 156, 2, 'uploads/solicitudinscripcion/1158/doc_dni_per_1158.pdf', NULL, NULL, '1', '2027-06-18 23:00:00', NULL, '1'),
(599, 154, 156, 4, 'uploads/solicitudinscripcion/1158/doc_foto_per_1158.jpg', NULL, NULL, '1', '2027-06-18 23:00:00', NULL, '1'),
(600, 154, 156, 3, 'uploads/solicitudinscripcion/1158/doc_certvota_per_1158.pdf', NULL, NULL, '1', '2027-06-18 23:00:00', NULL, '1'),
(601, 157, 157, 1, 'uploads/solicitudinscripcion/1159/doc_titulo_per_1159.pdf', NULL, NULL, '1', '2028-06-19 05:24:00', NULL, '1'),
(602, 157, 157, 2, 'uploads/solicitudinscripcion/1159/doc_dni_per_1159.pdf', NULL, NULL, '1', '2028-06-19 05:24:00', NULL, '1'),
(603, 157, 157, 4, 'uploads/solicitudinscripcion/1159/doc_foto_per_1159.jpg', NULL, NULL, '1', '2028-06-19 05:24:00', NULL, '1'),
(604, 157, 157, 3, 'uploads/solicitudinscripcion/1159/doc_certvota_per_1159.pdf', NULL, NULL, '1', '2028-06-19 05:24:00', NULL, '1'),
(605, 155, 158, 1, 'uploads/solicitudinscripcion/1128/doc_titulo_per_1128.pdf', NULL, NULL, '1', '2028-06-18 21:40:00', NULL, '1'),
(606, 155, 158, 2, 'uploads/solicitudinscripcion/1128/doc_dni_per_1128.pdf', NULL, NULL, '1', '2028-06-18 21:40:00', NULL, '1'),
(607, 155, 158, 4, 'uploads/solicitudinscripcion/1128/doc_foto_per_1128.jpeg', NULL, NULL, '1', '2028-06-18 21:40:00', NULL, '1'),
(608, 159, 159, 1, 'uploads/solicitudinscripcion/1160/doc_titulo_per_1160.pdf', NULL, NULL, '1', '2003-07-18 21:31:00', NULL, '1'),
(609, 159, 159, 2, 'uploads/solicitudinscripcion/1160/doc_dni_per_1160.pdf', NULL, NULL, '1', '2003-07-18 21:31:00', NULL, '1'),
(610, 159, 159, 4, 'uploads/solicitudinscripcion/1160/doc_foto_per_1160.pdf', NULL, NULL, '1', '2003-07-18 21:31:00', NULL, '1'),
(611, 159, 159, 3, 'uploads/solicitudinscripcion/1160/doc_certvota_per_1160.pdf', NULL, NULL, '1', '2003-07-18 21:31:00', NULL, '1'),
(612, 160, 160, 1, 'uploads/solicitudinscripcion/1161/doc_titulo_per_1161.jpg', NULL, NULL, '1', '2010-07-18 20:26:00', NULL, '1'),
(613, 160, 160, 2, 'uploads/solicitudinscripcion/1161/doc_dni_per_1161.pdf', NULL, NULL, '1', '2010-07-18 20:26:00', NULL, '1'),
(614, 160, 160, 4, 'uploads/solicitudinscripcion/1161/doc_foto_per_1161.jpeg', NULL, NULL, '1', '2010-07-18 20:26:00', NULL, '1'),
(615, 161, 161, 1, 'uploads/solicitudinscripcion/1162/doc_titulo_per_1162.pdf', NULL, NULL, '1', '2010-07-18 23:30:00', NULL, '1'),
(616, 161, 161, 2, 'uploads/solicitudinscripcion/1162/doc_dni_per_1162.jpeg', NULL, NULL, '1', '2010-07-18 23:30:00', NULL, '1'),
(617, 161, 161, 4, 'uploads/solicitudinscripcion/1162/doc_foto_per_1162.jpeg', NULL, NULL, '1', '2010-07-18 23:30:00', NULL, '1'),
(618, 162, 162, 1, 'uploads/solicitudinscripcion/1163/doc_titulo_per_1163.png', NULL, NULL, '1', '2012-07-18 23:59:00', NULL, '1'),
(619, 162, 162, 2, 'uploads/solicitudinscripcion/1163/doc_dni_per_1163.png', NULL, NULL, '1', '2012-07-18 23:59:00', NULL, '1'),
(620, 162, 162, 4, 'uploads/solicitudinscripcion/1163/doc_foto_per_1163.jpeg', NULL, NULL, '1', '2012-07-18 23:59:00', NULL, '1'),
(621, 163, 163, 1, 'uploads/solicitudinscripcion/1164/doc_titulo_per_1164.jpeg', NULL, NULL, '1', '2013-07-18 23:46:00', NULL, '1'),
(622, 163, 163, 2, 'uploads/solicitudinscripcion/1164/doc_dni_per_1164.jpeg', NULL, NULL, '1', '2013-07-18 23:46:00', NULL, '1'),
(623, 163, 163, 4, 'uploads/solicitudinscripcion/1164/doc_foto_per_1164.jpeg', NULL, NULL, '1', '2013-07-18 23:46:00', NULL, '1'),
(624, 167, 164, 1, 'uploads/solicitudinscripcion/1165/doc_titulo_per_1165.jpg', NULL, NULL, '1', '2016-07-18 21:44:00', NULL, '1'),
(625, 167, 164, 2, 'uploads/solicitudinscripcion/1165/doc_dni_per_1165.pdf', NULL, NULL, '1', '2016-07-18 21:44:00', NULL, '1'),
(626, 167, 164, 4, 'uploads/solicitudinscripcion/1165/doc_foto_per_1165.png', NULL, NULL, '1', '2016-07-18 21:44:00', NULL, '1'),
(627, 164, 165, 1, 'uploads/solicitudinscripcion/1203/doc_titulo_per_1203.pdf', NULL, NULL, '1', '2014-07-18 23:55:00', NULL, '1'),
(628, 164, 165, 2, 'uploads/solicitudinscripcion/1203/doc_dni_per_1203.pdf', NULL, NULL, '1', '2014-07-18 23:55:00', NULL, '1'),
(629, 164, 165, 4, 'uploads/solicitudinscripcion/1203/doc_foto_per_1203.jpeg', NULL, NULL, '1', '2014-07-18 23:55:00', NULL, '1'),
(630, 165, 166, 1, 'uploads/solicitudinscripcion/1204/doc_titulo_per_1204.jpg', NULL, NULL, '1', '2014-07-19 01:11:00', NULL, '1'),
(631, 165, 166, 2, 'uploads/solicitudinscripcion/1204/doc_dni_per_1204.jpg', NULL, NULL, '1', '2014-07-19 01:11:00', NULL, '1'),
(632, 165, 166, 4, 'uploads/solicitudinscripcion/1204/doc_foto_per_1204.jpg', NULL, NULL, '1', '2014-07-19 01:11:00', NULL, '1'),
(633, 165, 166, 3, 'uploads/solicitudinscripcion/1204/doc_certvota_per_1204.jpg', NULL, NULL, '1', '2014-07-19 01:11:00', NULL, '1'),
(634, 166, 167, 1, 'uploads/solicitudinscripcion/1180/doc_titulo_per_1180.pdf', NULL, NULL, '1', '2014-07-19 02:41:00', NULL, '1'),
(635, 166, 167, 2, 'uploads/solicitudinscripcion/1180/doc_dni_per_1180.pdf', NULL, NULL, '1', '2014-07-19 02:41:00', NULL, '1'),
(636, 166, 167, 4, 'uploads/solicitudinscripcion/1180/doc_foto_per_1180.pdf', NULL, NULL, '1', '2014-07-19 02:41:00', NULL, '1'),
(637, 193, 168, 1, 'uploads/solicitudinscripcion/1200/doc_titulo_per_1200.pdf', NULL, NULL, '1', '2027-07-19 06:20:00', NULL, '1'),
(638, 193, 168, 2, 'uploads/solicitudinscripcion/1200/doc_dni_per_1200.pdf', NULL, NULL, '1', '2027-07-19 06:20:00', NULL, '1'),
(639, 193, 168, 4, 'uploads/solicitudinscripcion/1200/doc_foto_per_1200.pdf', NULL, NULL, '1', '2027-07-19 06:20:00', NULL, '1'),
(640, 193, 168, 5, 'uploads/solicitudinscripcion/1200/doc_beca_per_1200.pdf', NULL, NULL, '1', '2027-07-19 06:20:00', NULL, '1'),
(641, 171, 169, 1, 'uploads/solicitudinscripcion/1197/doc_titulo_per_1197.pdf', NULL, NULL, '1', '2017-07-19 04:33:00', NULL, '1'),
(642, 171, 169, 2, 'uploads/solicitudinscripcion/1197/doc_dni_per_1197.pdf', NULL, NULL, '1', '2017-07-19 04:33:00', NULL, '1'),
(643, 171, 169, 4, 'uploads/solicitudinscripcion/1197/doc_foto_per_1197.jpg', NULL, NULL, '1', '2017-07-19 04:33:00', NULL, '1'),
(644, 171, 169, 5, 'uploads/solicitudinscripcion/1197/doc_beca_per_1197.pdf', NULL, NULL, '1', '2017-07-19 04:33:00', NULL, '1'),
(645, 201, 170, 1, 'uploads/solicitudinscripcion/1187/doc_titulo_per_1187.jpg', NULL, NULL, '1', '2029-07-19 04:47:00', NULL, '1'),
(646, 201, 170, 2, 'uploads/solicitudinscripcion/1187/doc_dni_per_1187.jpg', NULL, NULL, '1', '2029-07-19 04:47:00', NULL, '1'),
(647, 201, 170, 4, 'uploads/solicitudinscripcion/1187/doc_foto_per_1187.png', NULL, NULL, '1', '2029-07-19 04:47:00', NULL, '1'),
(648, 201, 170, 5, 'uploads/solicitudinscripcion/1187/doc_beca_per_1187.pdf', NULL, NULL, '1', '2029-07-19 04:47:00', NULL, '1'),
(649, 168, 171, 1, 'uploads/solicitudinscripcion/1206/doc_titulo_per_1206.jpg', NULL, NULL, '1', '2017-07-18 23:24:00', NULL, '1'),
(650, 168, 171, 2, 'uploads/solicitudinscripcion/1206/doc_dni_per_1206.jpg', NULL, NULL, '1', '2017-07-18 23:24:00', NULL, '1'),
(651, 168, 171, 4, 'uploads/solicitudinscripcion/1206/doc_foto_per_1206.jpeg', NULL, NULL, '1', '2017-07-18 23:24:00', NULL, '1'),
(652, 170, 172, 1, 'uploads/solicitudinscripcion/1177/doc_titulo_per_1177.pdf', NULL, NULL, '1', '2017-07-19 02:07:00', NULL, '1'),
(653, 170, 172, 2, 'uploads/solicitudinscripcion/1177/doc_dni_per_1177.pdf', NULL, NULL, '1', '2017-07-19 02:07:00', NULL, '1'),
(654, 170, 172, 4, 'uploads/solicitudinscripcion/1177/doc_foto_per_1177.pdf', NULL, NULL, '1', '2017-07-19 02:07:00', NULL, '1'),
(655, 170, 172, 5, 'uploads/solicitudinscripcion/1177/doc_beca_per_1177.pdf', NULL, NULL, '1', '2017-07-19 02:07:00', NULL, '1'),
(656, 184, 173, 1, 'uploads/solicitudinscripcion/1202/doc_titulo_per_1202.pdf', NULL, NULL, '1', '2023-07-19 07:23:00', NULL, '1'),
(657, 184, 173, 2, 'uploads/solicitudinscripcion/1202/doc_dni_per_1202.pdf', NULL, NULL, '1', '2023-07-19 07:23:00', NULL, '1'),
(658, 184, 173, 4, 'uploads/solicitudinscripcion/1202/doc_foto_per_1202.jpg', NULL, NULL, '1', '2023-07-19 07:23:00', NULL, '1'),
(659, 184, 173, 5, 'uploads/solicitudinscripcion/1202/doc_beca_per_1202.pdf', NULL, NULL, '1', '2023-07-19 07:23:00', NULL, '1'),
(660, 177, 174, 1, 'uploads/solicitudinscripcion/1168/doc_titulo_per_1168.pdf', NULL, NULL, '1', '2019-07-19 02:02:00', NULL, '1'),
(661, 177, 174, 2, 'uploads/solicitudinscripcion/1168/doc_dni_per_1168.jpg', NULL, NULL, '1', '2019-07-19 02:02:00', NULL, '1'),
(662, 177, 174, 4, 'uploads/solicitudinscripcion/1168/doc_foto_per_1168.jpg', NULL, NULL, '1', '2019-07-19 02:02:00', NULL, '1'),
(663, 177, 174, 5, 'uploads/solicitudinscripcion/1168/doc_beca_per_1168.pdf', NULL, NULL, '1', '2019-07-19 02:02:00', NULL, '1'),
(664, 174, 175, 1, 'uploads/solicitudinscripcion/1173/doc_titulo_per_1173.pdf', NULL, NULL, '1', '2018-07-18 17:46:00', NULL, '1'),
(665, 174, 175, 2, 'uploads/solicitudinscripcion/1173/doc_dni_per_1173.pdf', NULL, NULL, '1', '2018-07-18 17:46:00', NULL, '1'),
(666, 174, 175, 4, 'uploads/solicitudinscripcion/1173/doc_foto_per_1173.pdf', NULL, NULL, '1', '2018-07-18 17:46:00', NULL, '1'),
(667, 174, 175, 5, 'uploads/solicitudinscripcion/1173/doc_beca_per_1173.pdf', NULL, NULL, '1', '2018-07-18 17:46:00', NULL, '1'),
(668, 169, 176, 1, 'uploads/solicitudinscripcion/1205/doc_titulo_per_1205.png', NULL, NULL, '1', '2017-07-19 01:41:00', NULL, '1'),
(669, 169, 176, 2, 'uploads/solicitudinscripcion/1205/doc_dni_per_1205.png', NULL, NULL, '1', '2017-07-19 01:41:00', NULL, '1'),
(670, 169, 176, 4, 'uploads/solicitudinscripcion/1205/doc_foto_per_1205.png', NULL, NULL, '1', '2017-07-19 01:41:00', NULL, '1'),
(671, 173, 177, 1, 'uploads/solicitudinscripcion/1170/doc_titulo_per_1170.pdf', NULL, NULL, '1', '2018-07-18 16:29:00', NULL, '1'),
(672, 173, 177, 2, 'uploads/solicitudinscripcion/1170/doc_dni_per_1170.pdf', NULL, NULL, '1', '2018-07-18 16:29:00', NULL, '1'),
(673, 173, 177, 4, 'uploads/solicitudinscripcion/1170/doc_foto_per_1170.jpg', NULL, NULL, '1', '2018-07-18 16:29:00', NULL, '1'),
(674, 173, 177, 5, 'uploads/solicitudinscripcion/1170/doc_beca_per_1170.pdf', NULL, NULL, '1', '2018-07-18 16:29:00', NULL, '1'),
(675, 172, 178, 1, 'uploads/solicitudinscripcion/1201/doc_titulo_per_1201.pdf', NULL, NULL, '1', '2017-07-19 06:59:00', NULL, '1'),
(676, 172, 178, 2, 'uploads/solicitudinscripcion/1201/doc_dni_per_1201.pdf', NULL, NULL, '1', '2017-07-19 06:59:00', NULL, '1'),
(677, 172, 178, 4, 'uploads/solicitudinscripcion/1201/doc_foto_per_1201.jpg', NULL, NULL, '1', '2017-07-19 06:59:00', NULL, '1'),
(678, 172, 178, 5, 'uploads/solicitudinscripcion/1201/doc_beca_per_1201.pdf', NULL, NULL, '1', '2017-07-19 06:59:00', NULL, '1'),
(679, 175, 179, 1, 'uploads/solicitudinscripcion/1195/doc_titulo_per_1195.pdf', NULL, NULL, '1', '2018-07-19 01:13:00', NULL, '1'),
(680, 175, 179, 2, 'uploads/solicitudinscripcion/1195/doc_dni_per_1195.pdf', NULL, NULL, '1', '2018-07-19 01:13:00', NULL, '1'),
(681, 175, 179, 4, 'uploads/solicitudinscripcion/1195/doc_foto_per_1195.jpg', NULL, NULL, '1', '2018-07-19 01:13:00', NULL, '1'),
(682, 175, 179, 5, 'uploads/solicitudinscripcion/1195/doc_beca_per_1195.pdf', NULL, NULL, '1', '2018-07-19 01:13:00', NULL, '1'),
(683, 192, 180, 1, 'uploads/solicitudinscripcion/1182/doc_titulo_per_1182.jpg', NULL, NULL, '1', '2027-07-19 05:59:00', NULL, '1'),
(684, 192, 180, 2, 'uploads/solicitudinscripcion/1182/doc_dni_per_1182.jpg', NULL, NULL, '1', '2027-07-19 05:59:00', NULL, '1'),
(685, 192, 180, 4, 'uploads/solicitudinscripcion/1182/doc_foto_per_1182.jpg', NULL, NULL, '1', '2027-07-19 05:59:00', NULL, '1'),
(686, 192, 180, 5, 'uploads/solicitudinscripcion/1182/doc_beca_per_1182.pdf', NULL, NULL, '1', '2027-07-19 05:59:00', NULL, '1'),
(687, 176, 181, 1, 'uploads/solicitudinscripcion/1199/doc_titulo_per_1199.pdf', NULL, NULL, '1', '2018-07-19 04:10:00', NULL, '1'),
(688, 176, 181, 2, 'uploads/solicitudinscripcion/1199/doc_dni_per_1199.jpg', NULL, NULL, '1', '2018-07-19 04:10:00', NULL, '1'),
(689, 176, 181, 4, 'uploads/solicitudinscripcion/1199/doc_foto_per_1199.jpg', NULL, NULL, '1', '2018-07-19 04:10:00', NULL, '1'),
(690, 176, 181, 5, 'uploads/solicitudinscripcion/1199/doc_beca_per_1199.pdf', NULL, NULL, '1', '2018-07-19 04:10:00', NULL, '1'),
(691, 182, 182, 1, 'uploads/solicitudinscripcion/1169/doc_titulo_per_1169.pdf', NULL, NULL, '1', '2022-07-18 16:58:00', NULL, '1'),
(692, 182, 182, 2, 'uploads/solicitudinscripcion/1169/doc_dni_per_1169.jpg', NULL, NULL, '1', '2022-07-18 16:58:00', NULL, '1'),
(693, 182, 182, 4, 'uploads/solicitudinscripcion/1169/doc_foto_per_1169.jpg', NULL, NULL, '1', '2022-07-18 16:58:00', NULL, '1'),
(694, 182, 182, 5, 'uploads/solicitudinscripcion/1169/doc_beca_per_1169.jpg', NULL, NULL, '1', '2022-07-18 16:58:00', NULL, '1'),
(695, 179, 183, 1, 'uploads/solicitudinscripcion/1196/doc_titulo_per_1196.pdf', NULL, NULL, '1', '2019-07-19 08:44:00', NULL, '1'),
(696, 179, 183, 2, 'uploads/solicitudinscripcion/1196/doc_dni_per_1196.pdf', NULL, NULL, '1', '2019-07-19 08:44:00', NULL, '1'),
(697, 179, 183, 4, 'uploads/solicitudinscripcion/1196/doc_foto_per_1196.pdf', NULL, NULL, '1', '2019-07-19 08:44:00', NULL, '1'),
(698, 179, 183, 5, 'uploads/solicitudinscripcion/1196/doc_beca_per_1196.pdf', NULL, NULL, '1', '2019-07-19 08:44:00', NULL, '1'),
(699, 178, 184, 1, 'uploads/solicitudinscripcion/1030/doc_titulo_per_1030.jpeg', NULL, NULL, '1', '2019-07-19 02:52:00', NULL, '1'),
(700, 178, 184, 2, 'uploads/solicitudinscripcion/1030/doc_dni_pe_1030.png', NULL, NULL, '1', '2019-07-19 02:52:00', NULL, '1'),
(701, 178, 184, 4, 'uploads/solicitudinscripcion/1030/doc_foto_pe_1030.jpg', NULL, NULL, '1', '2019-07-19 02:52:00', NULL, '1'),
(702, 206, 185, 1, 'uploads/solicitudinscripcion/1183/doc_titulo_per_1183.pdf', NULL, NULL, '1', '2031-07-18 20:54:00', NULL, '1'),
(703, 206, 185, 2, 'uploads/solicitudinscripcion/1183/doc_dni_per_1183.pdf', NULL, NULL, '1', '2031-07-18 20:54:00', NULL, '1'),
(704, 206, 185, 4, 'uploads/solicitudinscripcion/1183/doc_foto_per_1183.pdf', NULL, NULL, '1', '2031-07-18 20:54:00', NULL, '1'),
(705, 206, 185, 5, 'uploads/solicitudinscripcion/1183/doc_beca_per_1183.pdf', NULL, NULL, '1', '2031-07-18 20:54:00', NULL, '1'),
(706, 188, 186, 1, 'uploads/solicitudinscripcion/1198/doc_titulo_per_1198.pdf', NULL, NULL, '1', '2026-07-18 21:19:00', NULL, '1'),
(707, 188, 186, 2, 'uploads/solicitudinscripcion/1198/doc_dni_per_1198.pdf', NULL, NULL, '1', '2026-07-18 21:19:00', NULL, '1'),
(708, 188, 186, 4, 'uploads/solicitudinscripcion/1198/doc_foto_per_1198.jpg', NULL, NULL, '1', '2026-07-18 21:19:00', NULL, '1'),
(709, 188, 186, 5, 'uploads/solicitudinscripcion/1198/doc_beca_per_1198.pdf', NULL, NULL, '1', '2026-07-18 21:19:00', NULL, '1'),
(710, 180, 187, 1, 'uploads/solicitudinscripcion/1178/doc_titulo_per_1178.jpg', NULL, NULL, '1', '2020-07-19 00:27:00', NULL, '1'),
(711, 180, 187, 2, 'uploads/solicitudinscripcion/1178/doc_dni_per_1178.jpg', NULL, NULL, '1', '2020-07-19 00:27:00', NULL, '1'),
(712, 180, 187, 4, 'uploads/solicitudinscripcion/1178/doc_foto_per_1178.jpg', NULL, NULL, '1', '2020-07-19 00:27:00', NULL, '1'),
(713, 180, 187, 5, 'uploads/solicitudinscripcion/1178/doc_beca_per_1178.pdf', NULL, NULL, '1', '2020-07-19 00:27:00', NULL, '1'),
(714, 190, 188, 1, 'uploads/solicitudinscripcion/1188/doc_titulo_per_1188.jpg', NULL, NULL, '1', '2026-07-18 23:28:00', NULL, '1'),
(715, 190, 188, 2, 'uploads/solicitudinscripcion/1188/doc_dni_per_1188.jpg', NULL, NULL, '1', '2026-07-18 23:28:00', NULL, '1'),
(716, 190, 188, 4, 'uploads/solicitudinscripcion/1188/doc_foto_per_1188.jpg', NULL, NULL, '1', '2026-07-18 23:28:00', NULL, '1'),
(717, 190, 188, 5, 'uploads/solicitudinscripcion/1188/doc_beca_per_1188.pdf', NULL, NULL, '1', '2026-07-18 23:28:00', NULL, '1'),
(718, 205, 189, 1, 'uploads/solicitudinscripcion/1207/doc_titulo_per_1207.pdf', NULL, NULL, '1', '2031-07-18 18:10:00', NULL, '1'),
(719, 205, 189, 2, 'uploads/solicitudinscripcion/1207/doc_dni_per_1207.jpg', NULL, NULL, '1', '2031-07-18 18:10:00', NULL, '1'),
(720, 205, 189, 4, 'uploads/solicitudinscripcion/1207/doc_foto_per_1207.pdf', NULL, NULL, '1', '2031-07-18 18:10:00', NULL, '1'),
(721, 205, 189, 5, 'uploads/solicitudinscripcion/1207/doc_beca_per_1207.pdf', NULL, NULL, '1', '2031-07-18 18:10:00', NULL, '1'),
(722, 186, 190, 1, 'uploads/solicitudinscripcion/1171/doc_titulo_per_1171.jpg', NULL, NULL, '1', '2024-07-18 22:25:00', NULL, '1'),
(723, 186, 190, 2, 'uploads/solicitudinscripcion/1171/doc_dni_per_1171.jpg', NULL, NULL, '1', '2024-07-18 22:25:00', NULL, '1'),
(724, 186, 190, 4, 'uploads/solicitudinscripcion/1171/doc_foto_per_1171.jpg', NULL, NULL, '1', '2024-07-18 22:25:00', NULL, '1'),
(725, 186, 190, 5, 'uploads/solicitudinscripcion/1171/doc_beca_per_1171.pdf', NULL, NULL, '1', '2024-07-18 22:25:00', NULL, '1'),
(726, 197, 191, 1, 'uploads/solicitudinscripcion/1174/doc_titulo_per_1174.jpg', NULL, NULL, '1', '2028-07-19 04:26:00', NULL, '1'),
(727, 197, 191, 2, 'uploads/solicitudinscripcion/1174/doc_dni_per_1174.pdf', NULL, NULL, '1', '2028-07-19 04:26:00', NULL, '1'),
(728, 197, 191, 4, 'uploads/solicitudinscripcion/1174/doc_foto_per_1174.jpg', NULL, NULL, '1', '2028-07-19 04:26:00', NULL, '1'),
(729, 197, 191, 5, 'uploads/solicitudinscripcion/1174/doc_beca_per_1174.pdf', NULL, NULL, '1', '2028-07-19 04:26:00', NULL, '1'),
(730, 181, 192, 1, 'uploads/solicitudinscripcion/1208/doc_titulo_per_1208.pdf', NULL, NULL, '1', '2021-07-19 01:47:00', NULL, '1'),
(731, 181, 192, 2, 'uploads/solicitudinscripcion/1208/doc_dni_per_1208.jpg', NULL, NULL, '1', '2021-07-19 01:47:00', NULL, '1'),
(732, 181, 192, 4, 'uploads/solicitudinscripcion/1208/doc_foto_per_1208.jpeg', NULL, NULL, '1', '2021-07-19 01:47:00', NULL, '1'),
(733, 183, 193, 1, 'uploads/solicitudinscripcion/1167/doc_titulo_per_1167.jpg', NULL, NULL, '1', '2022-07-19 06:21:00', NULL, '1'),
(734, 183, 193, 2, 'uploads/solicitudinscripcion/1167/doc_dni_per_1167.png', NULL, NULL, '1', '2022-07-19 06:21:00', NULL, '1'),
(735, 183, 193, 4, 'uploads/solicitudinscripcion/1167/doc_foto_per_1167.png', NULL, NULL, '1', '2022-07-19 06:21:00', NULL, '1'),
(736, 183, 193, 5, 'uploads/solicitudinscripcion/1167/doc_beca_per_1167.pdf', NULL, NULL, '1', '2022-07-19 06:21:00', NULL, '1'),
(737, 198, 194, 1, 'uploads/solicitudinscripcion/1192/doc_titulo_per_1192.pdf', NULL, NULL, '1', '2028-07-19 06:23:00', NULL, '1'),
(738, 198, 194, 2, 'uploads/solicitudinscripcion/1192/doc_dni_per_1192.pdf', NULL, NULL, '1', '2028-07-19 06:23:00', NULL, '1'),
(739, 198, 194, 4, 'uploads/solicitudinscripcion/1192/doc_foto_per_1192.jpg', NULL, NULL, '1', '2028-07-19 06:23:00', NULL, '1'),
(740, 198, 194, 5, 'uploads/solicitudinscripcion/1192/doc_beca_per_1192.pdf', NULL, NULL, '1', '2028-07-19 06:23:00', NULL, '1'),
(741, 185, 195, 1, 'uploads/solicitudinscripcion/1189/doc_titulo_per_1189.jpg', NULL, NULL, '1', '2024-07-18 22:03:00', NULL, '1'),
(742, 185, 195, 2, 'uploads/solicitudinscripcion/1189/doc_dni_per_1189.jpeg', NULL, NULL, '1', '2024-07-18 22:03:00', NULL, '1'),
(743, 185, 195, 4, 'uploads/solicitudinscripcion/1189/doc_foto_per_1189.jpeg', NULL, NULL, '1', '2024-07-18 22:03:00', NULL, '1'),
(744, 185, 195, 5, 'uploads/solicitudinscripcion/1189/doc_beca_per_1189.pdf', NULL, NULL, '1', '2024-07-18 22:03:00', NULL, '1'),
(745, 210, 196, 1, 'uploads/solicitudinscripcion/1166/doc_titulo_per_1166.jpeg', NULL, NULL, '1', '2031-07-18 21:45:00', NULL, '1'),
(746, 210, 196, 2, 'uploads/solicitudinscripcion/1166/doc_dni_per_1166.jpeg', NULL, NULL, '1', '2031-07-18 21:45:00', NULL, '1'),
(747, 210, 196, 4, 'uploads/solicitudinscripcion/1166/doc_foto_per_1166.jpeg', NULL, NULL, '1', '2031-07-18 21:45:00', NULL, '1'),
(748, 210, 196, 5, 'uploads/solicitudinscripcion/1166/doc_beca_per_1166.pdf', NULL, NULL, '1', '2031-07-18 21:45:00', NULL, '1'),
(749, 202, 197, 1, 'uploads/solicitudinscripcion/1181/doc_titulo_per_1181.jpg', NULL, NULL, '1', '2030-07-18 20:58:00', NULL, '1'),
(750, 202, 197, 2, 'uploads/solicitudinscripcion/1181/doc_dni_per_1181.jpg', NULL, NULL, '1', '2030-07-18 20:58:00', NULL, '1'),
(751, 202, 197, 4, 'uploads/solicitudinscripcion/1181/doc_foto_per_1181.jpg', NULL, NULL, '1', '2030-07-18 20:58:00', NULL, '1'),
(752, 202, 197, 5, 'uploads/solicitudinscripcion/1181/doc_beca_per_1181.jpg', NULL, NULL, '1', '2030-07-18 20:58:00', NULL, '1'),
(753, 194, 198, 1, 'uploads/solicitudinscripcion/1194/doc_titulo_per_1194.pdf', NULL, NULL, '1', '2028-07-18 20:28:00', NULL, '1'),
(754, 194, 198, 2, 'uploads/solicitudinscripcion/1194/doc_dni_per_1194.pdf', NULL, NULL, '1', '2028-07-18 20:28:00', NULL, '1'),
(755, 194, 198, 4, 'uploads/solicitudinscripcion/1194/doc_foto_per_1194.jpg', NULL, NULL, '1', '2028-07-18 20:28:00', NULL, '1'),
(756, 194, 198, 5, 'uploads/solicitudinscripcion/1194/doc_beca_per_1194.pdf', NULL, NULL, '1', '2028-07-18 20:28:00', NULL, '1'),
(757, 189, 199, 1, 'uploads/solicitudinscripcion/1191/doc_titulo_per_1191.pdf', NULL, NULL, '1', '2026-07-18 21:26:00', NULL, '1'),
(758, 189, 199, 2, 'uploads/solicitudinscripcion/1191/doc_dni_per_1191.jpg', NULL, NULL, '1', '2026-07-18 21:26:00', NULL, '1'),
(759, 189, 199, 4, 'uploads/solicitudinscripcion/1191/doc_foto_per_1191.jpg', NULL, NULL, '1', '2026-07-18 21:26:00', NULL, '1'),
(760, 189, 199, 5, 'uploads/solicitudinscripcion/1191/doc_beca_per_1191.pdf', NULL, NULL, '1', '2026-07-18 21:26:00', NULL, '1'),
(761, 187, 200, 1, 'uploads/solicitudinscripcion/1209/doc_titulo_per_1209.jpeg', NULL, NULL, '1', '2024-07-19 05:25:00', NULL, '1'),
(762, 187, 200, 2, 'uploads/solicitudinscripcion/1209/doc_dni_per_1209.jpeg', NULL, NULL, '1', '2024-07-19 05:25:00', NULL, '1'),
(763, 187, 200, 4, 'uploads/solicitudinscripcion/1209/doc_foto_per_1209.jpeg', NULL, NULL, '1', '2024-07-19 05:25:00', NULL, '1'),
(764, 191, 201, 1, 'uploads/solicitudinscripcion/1176/doc_titulo_per_1176.pdf', NULL, NULL, '1', '2026-07-19 01:54:00', NULL, '1'),
(765, 191, 201, 2, 'uploads/solicitudinscripcion/1176/doc_dni_per_1176.pdf', NULL, NULL, '1', '2026-07-19 01:54:00', NULL, '1'),
(766, 191, 201, 4, 'uploads/solicitudinscripcion/1176/doc_foto_per_1176.pdf', NULL, NULL, '1', '2026-07-19 01:54:00', NULL, '1'),
(767, 191, 201, 5, 'uploads/solicitudinscripcion/1176/doc_beca_per_1176.pdf', NULL, NULL, '1', '2026-07-19 01:54:00', NULL, '1'),
(768, 199, 202, 1, 'uploads/solicitudinscripcion/1172/doc_titulo_per_1172.jpg', NULL, NULL, '1', '2028-07-19 07:27:00', NULL, '1'),
(769, 199, 202, 2, 'uploads/solicitudinscripcion/1172/doc_dni_per_1172.jpg', NULL, NULL, '1', '2028-07-19 07:27:00', NULL, '1'),
(770, 199, 202, 4, 'uploads/solicitudinscripcion/1172/doc_foto_per_1172.jpg', NULL, NULL, '1', '2028-07-19 07:27:00', NULL, '1'),
(771, 199, 202, 5, 'uploads/solicitudinscripcion/1172/doc_beca_per_1172.jpg', NULL, NULL, '1', '2028-07-19 07:27:00', NULL, '1'),
(772, 195, 203, 1, 'uploads/solicitudinscripcion/1185/doc_titulo_per_1185.pdf', NULL, NULL, '1', '2028-07-18 21:12:00', NULL, '1'),
(773, 195, 203, 2, 'uploads/solicitudinscripcion/1185/doc_dni_per_1185.jpg', NULL, NULL, '1', '2028-07-18 21:12:00', NULL, '1'),
(774, 195, 203, 4, 'uploads/solicitudinscripcion/1185/doc_foto_per_1185.jpg', NULL, NULL, '1', '2028-07-18 21:12:00', NULL, '1'),
(775, 195, 203, 5, 'uploads/solicitudinscripcion/1185/doc_beca_per_1185.pdf', NULL, NULL, '1', '2028-07-18 21:12:00', NULL, '1'),
(776, 196, 204, 1, 'uploads/solicitudinscripcion/1186/doc_titulo_per_1186.pdf', NULL, NULL, '1', '2028-07-19 00:46:00', NULL, '1'),
(777, 196, 204, 2, 'uploads/solicitudinscripcion/1186/doc_dni_per_1186.pdf', NULL, NULL, '1', '2028-07-19 00:46:00', NULL, '1'),
(778, 196, 204, 4, 'uploads/solicitudinscripcion/1186/doc_foto_per_1186.jpeg', NULL, NULL, '1', '2028-07-19 00:46:00', NULL, '1'),
(779, 196, 204, 5, 'uploads/solicitudinscripcion/1186/doc_beca_per_1186.pdf', NULL, NULL, '1', '2028-07-19 00:46:00', NULL, '1');
INSERT INTO `solicitudins_documento` (`sdoc_id`, `sins_id`, `int_id`, `dadj_id`, `sdoc_archivo`, `sdoc_usuario_ingreso`, `sdoc_usuario_modifica`, `sdoc_estado`, `sdoc_fecha_creacion`, `sdoc_fecha_modificacion`, `sdoc_estado_logico`) VALUES
(780, 204, 205, 1, 'uploads/solicitudinscripcion/1190/doc_titulo_per_1190.pdf', NULL, NULL, '1', '2030-07-19 00:41:00', NULL, '1'),
(781, 204, 205, 2, 'uploads/solicitudinscripcion/1190/doc_dni_per_1190.jpeg', NULL, NULL, '1', '2030-07-19 00:41:00', NULL, '1'),
(782, 204, 205, 4, 'uploads/solicitudinscripcion/1190/doc_foto_per_1190.jpeg', NULL, NULL, '1', '2030-07-19 00:41:00', NULL, '1'),
(783, 204, 205, 5, 'uploads/solicitudinscripcion/1190/doc_beca_per_1190.pdf', NULL, NULL, '1', '2030-07-19 00:41:00', NULL, '1'),
(784, 200, 206, 1, 'uploads/solicitudinscripcion/1175/doc_titulo_per_1175.jpg', NULL, NULL, '1', '2029-07-18 22:26:00', NULL, '1'),
(785, 200, 206, 2, 'uploads/solicitudinscripcion/1175/doc_dni_per_1175.jpg', NULL, NULL, '1', '2029-07-18 22:26:00', NULL, '1'),
(786, 200, 206, 4, 'uploads/solicitudinscripcion/1175/doc_foto_per_1175.jpg', NULL, NULL, '1', '2029-07-18 22:26:00', NULL, '1'),
(787, 200, 206, 5, 'uploads/solicitudinscripcion/1175/doc_beca_per_1175.pdf', NULL, NULL, '1', '2029-07-18 22:26:00', NULL, '1'),
(788, 207, 207, 1, 'uploads/solicitudinscripcion/1179/doc_titulo_per_1179.jpeg', NULL, NULL, '1', '2031-07-18 21:21:00', NULL, '1'),
(789, 207, 207, 2, 'uploads/solicitudinscripcion/1179/doc_dni_per_1179.jpeg', NULL, NULL, '1', '2031-07-18 21:21:00', NULL, '1'),
(790, 207, 207, 4, 'uploads/solicitudinscripcion/1179/doc_foto_per_1179.jpeg', NULL, NULL, '1', '2031-07-18 21:21:00', NULL, '1'),
(791, 207, 207, 5, 'uploads/solicitudinscripcion/1179/doc_beca_per_1179.pdf', NULL, NULL, '1', '2031-07-18 21:21:00', NULL, '1'),
(792, 203, 208, 1, 'uploads/solicitudinscripcion/1210/doc_titulo_per_1210.jpeg', NULL, NULL, '1', '2030-07-18 23:32:00', NULL, '1'),
(793, 203, 208, 2, 'uploads/solicitudinscripcion/1210/doc_dni_per_1210.pdf', NULL, NULL, '1', '2030-07-18 23:32:00', NULL, '1'),
(794, 203, 208, 4, 'uploads/solicitudinscripcion/1210/doc_foto_per_1210.png', NULL, NULL, '1', '2030-07-18 23:32:00', NULL, '1'),
(795, 203, 208, 5, 'uploads/solicitudinscripcion/1210/doc_beca_per_1210.pdf', NULL, NULL, '1', '2030-07-18 23:32:00', NULL, '1'),
(796, 209, 209, 1, 'uploads/solicitudinscripcion/1193/doc_titulo_per_1193.jpg', NULL, NULL, '1', '2031-07-18 21:38:00', NULL, '1'),
(797, 209, 209, 2, 'uploads/solicitudinscripcion/1193/doc_dni_per_1193.jpeg', NULL, NULL, '1', '2031-07-18 21:38:00', NULL, '1'),
(798, 209, 209, 4, 'uploads/solicitudinscripcion/1193/doc_foto_per_1193.jpeg', NULL, NULL, '1', '2031-07-18 21:38:00', NULL, '1'),
(799, 209, 209, 5, 'uploads/solicitudinscripcion/1193/doc_beca_per_1193.jpeg', NULL, NULL, '1', '2031-07-18 21:38:00', NULL, '1'),
(800, 211, 210, 1, 'uploads/solicitudinscripcion/1211/doc_titulo_per_1211.jpeg', NULL, NULL, '1', '2008-08-18 21:19:00', NULL, '1'),
(801, 211, 210, 2, 'uploads/solicitudinscripcion/1211/doc_dni_per_1211.pdf', NULL, NULL, '1', '2008-08-18 21:19:00', NULL, '1'),
(802, 211, 210, 4, 'uploads/solicitudinscripcion/1211/doc_foto_per_1211.jpeg', NULL, NULL, '1', '2008-08-18 21:19:00', NULL, '1'),
(803, 211, 210, 3, 'uploads/solicitudinscripcion/1211/doc_certvota_per_1211.jpeg', NULL, NULL, '1', '2008-08-18 21:19:00', NULL, '1'),
(804, 208, 211, 1, 'uploads/solicitudinscripcion/1184/doc_titulo_per_1184.pdf', NULL, NULL, '1', '2031-07-18 21:30:00', NULL, '1'),
(805, 208, 211, 2, 'uploads/solicitudinscripcion/1184/doc_dni_per_1184.pdf', NULL, NULL, '1', '2031-07-18 21:30:00', NULL, '1'),
(806, 208, 211, 4, 'uploads/solicitudinscripcion/1184/doc_foto_per_1184.jpg', NULL, NULL, '1', '2031-07-18 21:30:00', NULL, '1'),
(807, 208, 211, 5, 'uploads/solicitudinscripcion/1184/doc_beca_per_1184.pdf', NULL, NULL, '1', '2031-07-18 21:30:00', NULL, '1'),
(808, 212, 212, 1, 'uploads/solicitudinscripcion/1212/doc_titulo_per_1212.pdf', NULL, NULL, '1', '2006-08-19 02:57:00', NULL, '1'),
(809, 212, 212, 2, 'uploads/solicitudinscripcion/1212/doc_dni_per_1212.pdf', NULL, NULL, '1', '2006-08-19 02:57:00', NULL, '1'),
(810, 212, 212, 4, 'uploads/solicitudinscripcion/1212/doc_foto_per_1212.jpg', NULL, NULL, '1', '2006-08-19 02:57:00', NULL, '1'),
(811, 212, 212, 3, 'uploads/solicitudinscripcion/1212/doc_certvota_per_1212.pdf', NULL, NULL, '1', '2006-08-19 02:57:00', NULL, '1'),
(812, 213, 213, 1, 'uploads/solicitudinscripcion/1213/doc_titulo_per_1213.pdf', NULL, NULL, '1', '2013-08-18 20:04:00', NULL, '1'),
(813, 213, 213, 2, 'uploads/solicitudinscripcion/1213/doc_dni_per_1213.pdf', NULL, NULL, '1', '2013-08-18 20:04:00', NULL, '1'),
(814, 213, 213, 4, 'uploads/solicitudinscripcion/1213/doc_foto_per_1213.jpg', NULL, NULL, '1', '2013-08-18 20:04:00', NULL, '1'),
(815, 213, 213, 3, 'uploads/solicitudinscripcion/1213/doc_certvota_per_1213.pdf', NULL, NULL, '1', '2013-08-18 20:04:00', NULL, '1'),
(816, 214, 214, 1, 'uploads/solicitudinscripcion/1214/doc_titulo_per_1214.pdf', NULL, NULL, '1', '2018-08-10 15:08:36', NULL, '1'),
(817, 214, 214, 2, 'uploads/solicitudinscripcion/1214/doc_dni_per_1214.pdf', NULL, NULL, '1', '2018-08-10 15:08:36', NULL, '1'),
(818, 214, 214, 4, 'uploads/solicitudinscripcion/1214/doc_foto_per_1214.pdf', NULL, NULL, '1', '2018-08-10 15:08:36', NULL, '1'),
(819, 214, 214, 3, 'uploads/solicitudinscripcion/1214/doc_certvota_per_1214.pdf', NULL, NULL, '1', '2018-08-10 15:08:36', NULL, '1'),
(820, 215, 215, 1, 'uploads/solicitudinscripcion/1215/doc_titulo_per_1215.pdf', NULL, NULL, '1', '2018-08-16 19:31:12', NULL, '1'),
(821, 215, 215, 2, 'uploads/solicitudinscripcion/1215/doc_dni_per_1215.pdf', NULL, NULL, '1', '2018-08-16 19:31:12', NULL, '1'),
(822, 215, 215, 4, 'uploads/solicitudinscripcion/1215/doc_foto_per_1215.pdf', NULL, NULL, '1', '2018-08-16 19:31:12', NULL, '1'),
(823, 215, 215, 3, 'uploads/solicitudinscripcion/1215/doc_certvota_per_1215.pdf', NULL, NULL, '1', '2018-08-16 19:31:12', NULL, '1');

-- Modificaciones convenio_empresa

UPDATE `db_captacion`.`convenio_empresa` SET `cemp_estado` = '0', `cemp_estado_logico` = '0' WHERE (`cemp_id` = '1');
UPDATE `db_captacion`.`convenio_empresa` SET `cemp_estado` = '0', `cemp_estado_logico` = '0' WHERE (`cemp_id` = '2');
UPDATE `db_captacion`.`convenio_empresa` SET `cemp_estado` = '0', `cemp_estado_logico` = '0' WHERE (`cemp_id` = '3');
UPDATE `db_captacion`.`convenio_empresa` SET `cemp_estado` = '0', `cemp_estado_logico` = '0' WHERE (`cemp_id` = '4');

UPDATE `db_captacion`.`convenio_empresa` SET `cemp_estado_empresa` = 'I' WHERE (`cemp_id` = '1');
UPDATE `db_captacion`.`convenio_empresa` SET `cemp_estado_empresa` = 'I' WHERE (`cemp_id` = '2');
UPDATE `db_captacion`.`convenio_empresa` SET `cemp_estado_empresa` = 'I' WHERE (`cemp_id` = '3');
UPDATE `db_captacion`.`convenio_empresa` SET `cemp_estado_empresa` = 'I' WHERE (`cemp_id` = '4');


INSERT INTO `db_captacion`.`convenio_empresa` (`cemp_id`, `cemp_nombre`, `cemp_estado_empresa`, `cemp_fecha_inicio`, `cemp_fecha_fin`, `cemp_estado`, `cemp_fecha_creacion`, `cemp_estado_logico`) VALUES ('5', 'DIRECCION DE BIENESTAR Y DESARROLLO HUMANO DE LA ARMADA, DIRBIE', 'A', '2019-05-10 00:00:00', '2024-05-10 23:59:59', '1', '2022-02-08 14:58:00', '1');
INSERT INTO `db_captacion`.`convenio_empresa` (`cemp_id`, `cemp_nombre`, `cemp_estado_empresa`, `cemp_fecha_inicio`, `cemp_fecha_fin`, `cemp_estado`, `cemp_fecha_creacion`, `cemp_estado_logico`) VALUES ('6', 'CLARO - CONVENIO ESPECIFICO', 'A', '2020-04-30 00:00:00', '2022-04-30 23:59:59', '1', '2022-02-08 14:58:00', '1');
INSERT INTO `db_captacion`.`convenio_empresa` (`cemp_id`, `cemp_nombre`, `cemp_estado_empresa`, `cemp_fecha_inicio`, `cemp_fecha_fin`, `cemp_estado`, `cemp_fecha_creacion`, `cemp_estado_logico`) VALUES ('7', 'AMBRANCH FOODS S.A.', 'A', '2020-07-01 00:00:00', '2023-07-01 23:59:59', '1', '2022-02-08 14:58:00', '1');
INSERT INTO `db_captacion`.`convenio_empresa` (`cemp_id`, `cemp_nombre`, `cemp_estado_empresa`, `cemp_fecha_inicio`, `cemp_fecha_fin`, `cemp_estado`, `cemp_fecha_creacion`, `cemp_estado_logico`) VALUES ('8', 'BANCO DE GUAYAQUIL', 'A', '2020-07-31 00:00:00', '2023-07-31 23:59:59', '1', '2022-02-08 14:58:00', '1');
INSERT INTO `db_captacion`.`convenio_empresa` (`cemp_id`, `cemp_nombre`, `cemp_estado_empresa`, `cemp_fecha_inicio`, `cemp_fecha_fin`, `cemp_estado`, `cemp_fecha_creacion`, `cemp_estado_logico`) VALUES ('9', 'CAMARA DE COMERCIO DE SAMBORONDON', 'A', '2020-08-27 00:00:00', '2022-08-27 23:59:59', '1', '2022-02-08 14:58:00', '1');
INSERT INTO `db_captacion`.`convenio_empresa` (`cemp_id`, `cemp_nombre`, `cemp_estado_empresa`, `cemp_fecha_inicio`, `cemp_fecha_fin`, `cemp_estado`, `cemp_fecha_creacion`, `cemp_estado_logico`) VALUES ('10', 'LA FABRIL', 'A', '2020-08-31 00:00:00', '2022-08-31 23:59:59', '1', '2022-02-08 14:58:00', '1');
INSERT INTO `db_captacion`.`convenio_empresa` (`cemp_id`, `cemp_nombre`, `cemp_estado_empresa`, `cemp_fecha_inicio`, `cemp_fecha_fin`, `cemp_estado`, `cemp_fecha_creacion`, `cemp_estado_logico`) VALUES ('11', 'ACADEMIA NAVAL ALMIRANTE ILLINGWORTH S.A. ANAI', 'A', '2021-02-02 00:00:00', '2024-02-02 23:59:59', '1', '2022-02-08 14:58:00', '1');
INSERT INTO `db_captacion`.`convenio_empresa` (`cemp_id`, `cemp_nombre`, `cemp_estado_empresa`, `cemp_fecha_inicio`, `cemp_fecha_fin`, `cemp_estado`, `cemp_fecha_creacion`, `cemp_estado_logico`) VALUES ('12', 'CERVECERIA NACIONAL Y DINADEC S.A.', 'A', '2021-03-02 00:00:00', '2023-03-02 23:59:59', '1', '2022-02-08 14:58:00', '1');
INSERT INTO `db_captacion`.`convenio_empresa` (`cemp_id`, `cemp_nombre`, `cemp_estado_empresa`, `cemp_fecha_inicio`, `cemp_fecha_fin`, `cemp_estado`, `cemp_fecha_creacion`, `cemp_estado_logico`) VALUES ('13', 'BARCELONA SPORTING CLUB', 'A', '2021-06-17 00:00:00', '2023-06-17 23:59:59', '1', '2022-02-08 14:58:00', '1');
INSERT INTO `db_captacion`.`convenio_empresa` (`cemp_id`, `cemp_nombre`, `cemp_estado_empresa`, `cemp_fecha_inicio`, `cemp_fecha_fin`, `cemp_estado`, `cemp_fecha_creacion`, `cemp_estado_logico`) VALUES ('14', 'FUNDACION ENRIQUE "CABALLITO" ZEBALLOS', 'A', '2021-07-03 00:00:00', '2023-02-05 23:59:59', '1', '2022-02-08 14:58:00', '1');
INSERT INTO `db_captacion`.`convenio_empresa` (`cemp_id`, `cemp_nombre`, `cemp_estado_empresa`, `cemp_fecha_inicio`, `cemp_fecha_fin`, `cemp_estado`, `cemp_fecha_creacion`, `cemp_estado_logico`) VALUES ('15', 'SERVICIO INTEGRADO DE SEGURIDAD ECU-911', 'A', '2021-09-29 00:00:00', '2025-09-29 23:59:59', '1', '2022-02-08 14:58:00', '1');
INSERT INTO `db_captacion`.`convenio_empresa` (`cemp_id`, `cemp_nombre`, `cemp_estado_empresa`, `cemp_fecha_inicio`, `cemp_fecha_fin`, `cemp_estado`, `cemp_fecha_creacion`, `cemp_estado_logico`) VALUES ('16', 'UNIDAD EDUCATIVA ISABEL DE GODN ', 'A', '2021-01-15 00:00:00', '2023-01-15 23:59:59', '1', '2022-02-08 14:58:00', '1');
INSERT INTO `db_captacion`.`convenio_empresa` (`cemp_id`, `cemp_nombre`, `cemp_estado_empresa`, `cemp_fecha_inicio`, `cemp_fecha_fin`, `cemp_estado`, `cemp_fecha_creacion`, `cemp_estado_logico`) VALUES ('17', 'SERVICIO NACIONAL DE GESTIN DE RIESGOS Y EMERGENCIAS -SNGRE ', 'A', '2021-09-29 00:00:00', '2023-09-29 23:59:59', '1', '2022-02-08 14:58:00', '1');
INSERT INTO `db_captacion`.`convenio_empresa` (`cemp_id`, `cemp_nombre`, `cemp_estado_empresa`, `cemp_fecha_inicio`, `cemp_fecha_fin`, `cemp_estado`, `cemp_fecha_creacion`, `cemp_estado_logico`) VALUES ('18', 'COLEGIO DE ABOGADOS DEL GUAYAS', 'A', '2022-02-16 00:00:00', '2024-02-16 23:59:59', '1', '2022-02-08 14:58:00', '1');
INSERT INTO `db_captacion`.`convenio_empresa` (`cemp_id`, `cemp_nombre`, `cemp_estado_empresa`, `cemp_fecha_inicio`, `cemp_fecha_fin`, `cemp_estado`, `cemp_fecha_creacion`, `cemp_estado_logico`) VALUES ('19', 'ASOCIACION ECUATORIANA DE COLEGIOS CON BACHILLERATO INTERNACIONAL - ASECCBI', 'A', '2019-09-26 00:00:00', '2024-09-26 23:59:59', '1', '2022-02-08 14:58:00', '1');

-- Modificaciones convenio_empresa_detalle

INSERT INTO `db_captacion`.`convenio_empresa_detalle` (`cede_id`, `cemp_id`, `uaca_id`, `mod_id`, `cede_tipo`, `cede_porcentaje_descuento`, `cede_porcentaje_factor`, `cede_fecha_creacion`, `cede_usuario_creacion`, `cede_estado`, `cede_estado_logico`) VALUES ('1', '5', '1', '2', 'ME', '10', '0', '2022-02-08 16:58:00', '1', '1', '1');
INSERT INTO `db_captacion`.`convenio_empresa_detalle` (`cede_id`, `cemp_id`, `uaca_id`, `mod_id`, `cede_tipo`, `cede_porcentaje_descuento`, `cede_porcentaje_factor`, `cede_fecha_creacion`, `cede_usuario_creacion`, `cede_estado`, `cede_estado_logico`) VALUES ('2', '5', '1', '4', 'ME', '10', '0', '2022-02-08 16:58:00', '1', '1', '1');
INSERT INTO `db_captacion`.`convenio_empresa_detalle` (`cede_id`, `cemp_id`, `uaca_id`, `mod_id`, `cede_tipo`, `cede_porcentaje_descuento`, `cede_porcentaje_factor`, `cede_fecha_creacion`, `cede_usuario_creacion`, `cede_estado`, `cede_estado_logico`) VALUES ('3', '6', '1', '1', 'MA', '56', '56', '2022-02-08 16:58:00', '1', '1', '1');
INSERT INTO `db_captacion`.`convenio_empresa_detalle` (`cede_id`, `cemp_id`, `uaca_id`, `mod_id`, `cede_tipo`, `cede_porcentaje_descuento`, `cede_porcentaje_factor`, `cede_fecha_creacion`, `cede_usuario_creacion`, `cede_estado`, `cede_estado_logico`) VALUES ('4', '6', '1', '2', 'MA', '20', '20', '2022-02-08 16:58:00', '1', '1', '1');
INSERT INTO `db_captacion`.`convenio_empresa_detalle` (`cede_id`, `cemp_id`, `uaca_id`, `mod_id`, `cede_tipo`, `cede_porcentaje_descuento`, `cede_porcentaje_factor`, `cede_fecha_creacion`, `cede_usuario_creacion`, `cede_estado`, `cede_estado_logico`) VALUES ('5', '6', '1', '4', 'MA', '20', '20', '2022-02-08 16:58:00', '1', '1', '1');
INSERT INTO `db_captacion`.`convenio_empresa_detalle` (`cede_id`, `cemp_id`, `uaca_id`, `mod_id`, `cede_tipo`, `cede_porcentaje_descuento`, `cede_porcentaje_factor`, `cede_fecha_creacion`, `cede_usuario_creacion`, `cede_estado`, `cede_estado_logico`) VALUES ('6', '6', '1', '1', 'ME', '10', '0', '2022-02-08 16:58:00', '1', '1', '1');
INSERT INTO `db_captacion`.`convenio_empresa_detalle` (`cede_id`, `cemp_id`, `uaca_id`, `mod_id`, `cede_tipo`, `cede_porcentaje_descuento`, `cede_porcentaje_factor`, `cede_fecha_creacion`, `cede_usuario_creacion`, `cede_estado`, `cede_estado_logico`) VALUES ('7', '6', '1', '2', 'ME', '30', '0', '2022-02-08 16:58:00', '1', '1', '1');
INSERT INTO `db_captacion`.`convenio_empresa_detalle` (`cede_id`, `cemp_id`, `uaca_id`, `mod_id`, `cede_tipo`, `cede_porcentaje_descuento`, `cede_porcentaje_factor`, `cede_fecha_creacion`, `cede_usuario_creacion`, `cede_estado`, `cede_estado_logico`) VALUES ('8', '6', '1', '4', 'ME', '30', '0', '2022-02-08 16:58:00', '1', '1', '1');
INSERT INTO `db_captacion`.`convenio_empresa_detalle` (`cede_id`, `cemp_id`, `uaca_id`, `mod_id`, `cede_tipo`, `cede_porcentaje_descuento`, `cede_porcentaje_factor`, `cede_fecha_creacion`, `cede_usuario_creacion`, `cede_estado`, `cede_estado_logico`) VALUES ('9', '7', '1', '1', 'ME', '5', '0', '2022-02-08 16:58:00', '1', '1', '1');
INSERT INTO `db_captacion`.`convenio_empresa_detalle` (`cede_id`, `cemp_id`, `uaca_id`, `mod_id`, `cede_tipo`, `cede_porcentaje_descuento`, `cede_porcentaje_factor`, `cede_fecha_creacion`, `cede_usuario_creacion`, `cede_estado`, `cede_estado_logico`) VALUES ('10', '7', '1', '2', 'ME', '25', '0', '2022-02-08 16:58:00', '1', '1', '1');
INSERT INTO `db_captacion`.`convenio_empresa_detalle` (`cede_id`, `cemp_id`, `uaca_id`, `mod_id`, `cede_tipo`, `cede_porcentaje_descuento`, `cede_porcentaje_factor`, `cede_fecha_creacion`, `cede_usuario_creacion`, `cede_estado`, `cede_estado_logico`) VALUES ('11', '7', '1', '4', 'ME', '25', '0', '2022-02-08 16:58:00', '1', '1', '1');
INSERT INTO `db_captacion`.`convenio_empresa_detalle` (`cede_id`, `cemp_id`, `uaca_id`, `mod_id`, `cede_tipo`, `cede_porcentaje_descuento`, `cede_porcentaje_factor`, `cede_fecha_creacion`, `cede_usuario_creacion`, `cede_estado`, `cede_estado_logico`) VALUES ('12', '8', '1', '1', 'MA', '56', '56', '2022-02-08 16:58:00', '1', '1', '1');
INSERT INTO `db_captacion`.`convenio_empresa_detalle` (`cede_id`, `cemp_id`, `uaca_id`, `mod_id`, `cede_tipo`, `cede_porcentaje_descuento`, `cede_porcentaje_factor`, `cede_fecha_creacion`, `cede_usuario_creacion`, `cede_estado`, `cede_estado_logico`) VALUES ('13', '8', '1', '2', 'MA', '20', '20', '2022-02-08 16:58:00', '1', '1', '1');
INSERT INTO `db_captacion`.`convenio_empresa_detalle` (`cede_id`, `cemp_id`, `uaca_id`, `mod_id`, `cede_tipo`, `cede_porcentaje_descuento`, `cede_porcentaje_factor`, `cede_fecha_creacion`, `cede_usuario_creacion`, `cede_estado`, `cede_estado_logico`) VALUES ('14', '8', '1', '4', 'MA', '20', '20', '2022-02-08 16:58:00', '1', '1', '1');
INSERT INTO `db_captacion`.`convenio_empresa_detalle` (`cede_id`, `cemp_id`, `uaca_id`, `mod_id`, `cede_tipo`, `cede_porcentaje_descuento`, `cede_porcentaje_factor`, `cede_fecha_creacion`, `cede_usuario_creacion`, `cede_estado`, `cede_estado_logico`) VALUES ('15', '8', '1', '1', 'ME', '10', '0', '2022-02-08 16:58:00', '1', '1', '1');
INSERT INTO `db_captacion`.`convenio_empresa_detalle` (`cede_id`, `cemp_id`, `uaca_id`, `mod_id`, `cede_tipo`, `cede_porcentaje_descuento`, `cede_porcentaje_factor`, `cede_fecha_creacion`, `cede_usuario_creacion`, `cede_estado`, `cede_estado_logico`) VALUES ('16', '8', '1', '2', 'ME', '30', '0', '2022-02-08 16:58:00', '1', '1', '1');
INSERT INTO `db_captacion`.`convenio_empresa_detalle` (`cede_id`, `cemp_id`, `uaca_id`, `mod_id`, `cede_tipo`, `cede_porcentaje_descuento`, `cede_porcentaje_factor`, `cede_fecha_creacion`, `cede_usuario_creacion`, `cede_estado`, `cede_estado_logico`) VALUES ('17', '8', '1', '4', 'ME', '30', '0', '2022-02-08 16:58:00', '1', '1', '1');
INSERT INTO `db_captacion`.`convenio_empresa_detalle` (`cede_id`, `cemp_id`, `uaca_id`, `mod_id`, `cede_tipo`, `cede_porcentaje_descuento`, `cede_porcentaje_factor`, `cede_fecha_creacion`, `cede_usuario_creacion`, `cede_estado`, `cede_estado_logico`) VALUES ('18', '9', '1', '1', 'ME', '5', '0', '2022-02-08 16:58:00', '1', '1', '1');
INSERT INTO `db_captacion`.`convenio_empresa_detalle` (`cede_id`, `cemp_id`, `uaca_id`, `mod_id`, `cede_tipo`, `cede_porcentaje_descuento`, `cede_porcentaje_factor`, `cede_fecha_creacion`, `cede_usuario_creacion`, `cede_estado`, `cede_estado_logico`) VALUES ('19', '9', '1', '2', 'ME', '25', '0', '2022-02-08 16:58:00', '1', '1', '1');
INSERT INTO `db_captacion`.`convenio_empresa_detalle` (`cede_id`, `cemp_id`, `uaca_id`, `mod_id`, `cede_tipo`, `cede_porcentaje_descuento`, `cede_porcentaje_factor`, `cede_fecha_creacion`, `cede_usuario_creacion`, `cede_estado`, `cede_estado_logico`) VALUES ('20', '9', '1', '4', 'ME', '25', '0', '2022-02-08 16:58:00', '1', '1', '1');
INSERT INTO `db_captacion`.`convenio_empresa_detalle` (`cede_id`, `cemp_id`, `uaca_id`, `mod_id`, `cede_tipo`, `cede_porcentaje_descuento`, `cede_porcentaje_factor`, `cede_fecha_creacion`, `cede_usuario_creacion`, `cede_estado`, `cede_estado_logico`) VALUES ('21', '10', '1', '1', 'MA', '56', '56', '2022-02-08 16:58:00', '1', '1', '1');
INSERT INTO `db_captacion`.`convenio_empresa_detalle` (`cede_id`, `cemp_id`, `uaca_id`, `mod_id`, `cede_tipo`, `cede_porcentaje_descuento`, `cede_porcentaje_factor`, `cede_fecha_creacion`, `cede_usuario_creacion`, `cede_estado`, `cede_estado_logico`) VALUES ('22', '10', '1', '2', 'MA', '20', '20', '2022-02-08 16:58:00', '1', '1', '1');
INSERT INTO `db_captacion`.`convenio_empresa_detalle` (`cede_id`, `cemp_id`, `uaca_id`, `mod_id`, `cede_tipo`, `cede_porcentaje_descuento`, `cede_porcentaje_factor`, `cede_fecha_creacion`, `cede_usuario_creacion`, `cede_estado`, `cede_estado_logico`) VALUES ('23', '10', '1', '4', 'MA', '20', '20', '2022-02-08 16:58:00', '1', '1', '1');
INSERT INTO `db_captacion`.`convenio_empresa_detalle` (`cede_id`, `cemp_id`, `uaca_id`, `mod_id`, `cede_tipo`, `cede_porcentaje_descuento`, `cede_porcentaje_factor`, `cede_fecha_creacion`, `cede_usuario_creacion`, `cede_estado`, `cede_estado_logico`) VALUES ('24', '10', '1', '1', 'ME', '10', '0', '2022-02-08 16:58:00', '1', '1', '1');
INSERT INTO `db_captacion`.`convenio_empresa_detalle` (`cede_id`, `cemp_id`, `uaca_id`, `mod_id`, `cede_tipo`, `cede_porcentaje_descuento`, `cede_porcentaje_factor`, `cede_fecha_creacion`, `cede_usuario_creacion`, `cede_estado`, `cede_estado_logico`) VALUES ('25', '10', '1', '2', 'ME', '30', '0', '2022-02-08 16:58:00', '1', '1', '1');
INSERT INTO `db_captacion`.`convenio_empresa_detalle` (`cede_id`, `cemp_id`, `uaca_id`, `mod_id`, `cede_tipo`, `cede_porcentaje_descuento`, `cede_porcentaje_factor`, `cede_fecha_creacion`, `cede_usuario_creacion`, `cede_estado`, `cede_estado_logico`) VALUES ('26', '10', '1', '4', 'ME', '30', '0', '2022-02-08 16:58:00', '1', '1', '1');
INSERT INTO `db_captacion`.`convenio_empresa_detalle` (`cede_id`, `cemp_id`, `uaca_id`, `mod_id`, `cede_tipo`, `cede_porcentaje_descuento`, `cede_porcentaje_factor`, `cede_fecha_creacion`, `cede_usuario_creacion`, `cede_estado`, `cede_estado_logico`) VALUES ('27', '11', '1', '1', 'ME', '5', '0', '2022-02-08 16:58:00', '1', '1', '1');
INSERT INTO `db_captacion`.`convenio_empresa_detalle` (`cede_id`, `cemp_id`, `uaca_id`, `mod_id`, `cede_tipo`, `cede_porcentaje_descuento`, `cede_porcentaje_factor`, `cede_fecha_creacion`, `cede_usuario_creacion`, `cede_estado`, `cede_estado_logico`) VALUES ('28', '11', '1', '2', 'ME', '25', '0', '2022-02-08 16:58:00', '1', '1', '1');
INSERT INTO `db_captacion`.`convenio_empresa_detalle` (`cede_id`, `cemp_id`, `uaca_id`, `mod_id`, `cede_tipo`, `cede_porcentaje_descuento`, `cede_porcentaje_factor`, `cede_fecha_creacion`, `cede_usuario_creacion`, `cede_estado`, `cede_estado_logico`) VALUES ('29', '11', '1', '4', 'ME', '25', '0', '2022-02-08 16:58:00', '1', '1', '1');
INSERT INTO `db_captacion`.`convenio_empresa_detalle` (`cede_id`, `cemp_id`, `uaca_id`, `mod_id`, `cede_tipo`, `cede_porcentaje_descuento`, `cede_porcentaje_factor`, `cede_fecha_creacion`, `cede_usuario_creacion`, `cede_estado`, `cede_estado_logico`) VALUES ('30', '12', '1', '1', 'ME', '5', '0', '2022-02-08 16:58:00', '1', '1', '1');
INSERT INTO `db_captacion`.`convenio_empresa_detalle` (`cede_id`, `cemp_id`, `uaca_id`, `mod_id`, `cede_tipo`, `cede_porcentaje_descuento`, `cede_porcentaje_factor`, `cede_fecha_creacion`, `cede_usuario_creacion`, `cede_estado`, `cede_estado_logico`) VALUES ('31', '12', '1', '2', 'ME', '25', '0', '2022-02-08 16:58:00', '1', '1', '1');
INSERT INTO `db_captacion`.`convenio_empresa_detalle` (`cede_id`, `cemp_id`, `uaca_id`, `mod_id`, `cede_tipo`, `cede_porcentaje_descuento`, `cede_porcentaje_factor`, `cede_fecha_creacion`, `cede_usuario_creacion`, `cede_estado`, `cede_estado_logico`) VALUES ('32', '12', '1', '4', 'ME', '25', '0', '2022-02-08 16:58:00', '1', '1', '1');
INSERT INTO `db_captacion`.`convenio_empresa_detalle` (`cede_id`, `cemp_id`, `uaca_id`, `mod_id`, `cede_tipo`, `cede_porcentaje_descuento`, `cede_porcentaje_factor`, `cede_fecha_creacion`, `cede_usuario_creacion`, `cede_estado`, `cede_estado_logico`) VALUES ('33', '13', '1', '1', 'ME', '5', '0', '2022-02-08 16:58:00', '1', '1', '1');
INSERT INTO `db_captacion`.`convenio_empresa_detalle` (`cede_id`, `cemp_id`, `uaca_id`, `mod_id`, `cede_tipo`, `cede_porcentaje_descuento`, `cede_porcentaje_factor`, `cede_fecha_creacion`, `cede_usuario_creacion`, `cede_estado`, `cede_estado_logico`) VALUES ('34', '13', '1', '2', 'ME', '15', '0', '2022-02-08 16:58:00', '1', '1', '1');
INSERT INTO `db_captacion`.`convenio_empresa_detalle` (`cede_id`, `cemp_id`, `uaca_id`, `mod_id`, `cede_tipo`, `cede_porcentaje_descuento`, `cede_porcentaje_factor`, `cede_fecha_creacion`, `cede_usuario_creacion`, `cede_estado`, `cede_estado_logico`) VALUES ('35', '13', '1', '4', 'ME', '10', '0', '2022-02-08 16:58:00', '1', '1', '1');
INSERT INTO `db_captacion`.`convenio_empresa_detalle` (`cede_id`, `cemp_id`, `uaca_id`, `mod_id`, `cede_tipo`, `cede_porcentaje_descuento`, `cede_porcentaje_factor`, `cede_fecha_creacion`, `cede_usuario_creacion`, `cede_estado`, `cede_estado_logico`) VALUES ('36', '14', '1', '1', 'ME', '15', '0', '2022-02-08 16:58:00', '1', '1', '1');
INSERT INTO `db_captacion`.`convenio_empresa_detalle` (`cede_id`, `cemp_id`, `uaca_id`, `mod_id`, `cede_tipo`, `cede_porcentaje_descuento`, `cede_porcentaje_factor`, `cede_fecha_creacion`, `cede_usuario_creacion`, `cede_estado`, `cede_estado_logico`) VALUES ('37', '15', '1', '1', 'ME', '5', '0', '2022-02-08 16:58:00', '1', '1', '1');
INSERT INTO `db_captacion`.`convenio_empresa_detalle` (`cede_id`, `cemp_id`, `uaca_id`, `mod_id`, `cede_tipo`, `cede_porcentaje_descuento`, `cede_porcentaje_factor`, `cede_fecha_creacion`, `cede_usuario_creacion`, `cede_estado`, `cede_estado_logico`) VALUES ('38', '15', '1', '2', 'ME', '15', '0', '2022-02-08 16:58:00', '1', '1', '1');
INSERT INTO `db_captacion`.`convenio_empresa_detalle` (`cede_id`, `cemp_id`, `uaca_id`, `mod_id`, `cede_tipo`, `cede_porcentaje_descuento`, `cede_porcentaje_factor`, `cede_fecha_creacion`, `cede_usuario_creacion`, `cede_estado`, `cede_estado_logico`) VALUES ('39', '15', '1', '4', 'ME', '10', '0', '2022-02-08 16:58:00', '1', '1', '1');
INSERT INTO `db_captacion`.`convenio_empresa_detalle` (`cede_id`, `cemp_id`, `uaca_id`, `mod_id`, `cede_tipo`, `cede_porcentaje_descuento`, `cede_porcentaje_factor`, `cede_fecha_creacion`, `cede_usuario_creacion`, `cede_estado`, `cede_estado_logico`) VALUES ('40', '16', '1', '1', 'ME', '5', '0', '2022-02-08 16:58:00', '1', '1', '1');
INSERT INTO `db_captacion`.`convenio_empresa_detalle` (`cede_id`, `cemp_id`, `uaca_id`, `mod_id`, `cede_tipo`, `cede_porcentaje_descuento`, `cede_porcentaje_factor`, `cede_fecha_creacion`, `cede_usuario_creacion`, `cede_estado`, `cede_estado_logico`) VALUES ('41', '16', '1', '2', 'ME', '25', '0', '2022-02-08 16:58:00', '1', '1', '1');
INSERT INTO `db_captacion`.`convenio_empresa_detalle` (`cede_id`, `cemp_id`, `uaca_id`, `mod_id`, `cede_tipo`, `cede_porcentaje_descuento`, `cede_porcentaje_factor`, `cede_fecha_creacion`, `cede_usuario_creacion`, `cede_estado`, `cede_estado_logico`) VALUES ('42', '16', '1', '4', 'ME', '25', '0', '2022-02-08 16:58:00', '1', '1', '1');
INSERT INTO `db_captacion`.`convenio_empresa_detalle` (`cede_id`, `cemp_id`, `uaca_id`, `mod_id`, `cede_tipo`, `cede_porcentaje_descuento`, `cede_porcentaje_factor`, `cede_fecha_creacion`, `cede_usuario_creacion`, `cede_estado`, `cede_estado_logico`) VALUES ('43', '17', '1', '1', 'ME', '5', '0', '2022-02-08 16:58:00', '1', '1', '1');
INSERT INTO `db_captacion`.`convenio_empresa_detalle` (`cede_id`, `cemp_id`, `uaca_id`, `mod_id`, `cede_tipo`, `cede_porcentaje_descuento`, `cede_porcentaje_factor`, `cede_fecha_creacion`, `cede_usuario_creacion`, `cede_estado`, `cede_estado_logico`) VALUES ('44', '17', '1', '2', 'ME', '15', '0', '2022-02-08 16:58:00', '1', '1', '1');
INSERT INTO `db_captacion`.`convenio_empresa_detalle` (`cede_id`, `cemp_id`, `uaca_id`, `mod_id`, `cede_tipo`, `cede_porcentaje_descuento`, `cede_porcentaje_factor`, `cede_fecha_creacion`, `cede_usuario_creacion`, `cede_estado`, `cede_estado_logico`) VALUES ('45', '17', '1', '4', 'ME', '10', '0', '2022-02-08 16:58:00', '1', '1', '1');
INSERT INTO `db_captacion`.`convenio_empresa_detalle` (`cede_id`, `cemp_id`, `uaca_id`, `mod_id`, `cede_tipo`, `cede_porcentaje_descuento`, `cede_porcentaje_factor`, `cede_fecha_creacion`, `cede_usuario_creacion`, `cede_estado`, `cede_estado_logico`) VALUES ('46', '18', '1', '1', 'ME', '5', '0', '2022-02-08 16:58:00', '1', '1', '1');
INSERT INTO `db_captacion`.`convenio_empresa_detalle` (`cede_id`, `cemp_id`, `uaca_id`, `mod_id`, `cede_tipo`, `cede_porcentaje_descuento`, `cede_porcentaje_factor`, `cede_fecha_creacion`, `cede_usuario_creacion`, `cede_estado`, `cede_estado_logico`) VALUES ('47', '18', '1', '2', 'ME', '25', '0', '2022-02-08 16:58:00', '1', '1', '1');
INSERT INTO `db_captacion`.`convenio_empresa_detalle` (`cede_id`, `cemp_id`, `uaca_id`, `mod_id`, `cede_tipo`, `cede_porcentaje_descuento`, `cede_porcentaje_factor`, `cede_fecha_creacion`, `cede_usuario_creacion`, `cede_estado`, `cede_estado_logico`) VALUES ('48', '18', '1', '4', 'ME', '10', '0', '2022-02-08 16:58:00', '1', '1', '1');
INSERT INTO `db_captacion`.`convenio_empresa_detalle` (`cede_id`, `cemp_id`, `uaca_id`, `mod_id`, `cede_tipo`, `cede_porcentaje_descuento`, `cede_porcentaje_factor`, `cede_fecha_creacion`, `cede_usuario_creacion`, `cede_estado`, `cede_estado_logico`) VALUES ('49', '5', '2', '1', 'ME', '10', '0', '2022-02-08 16:58:00', '1', '1', '1');
INSERT INTO `db_captacion`.`convenio_empresa_detalle` (`cede_id`, `cemp_id`, `uaca_id`, `mod_id`, `cede_tipo`, `cede_porcentaje_descuento`, `cede_porcentaje_factor`, `cede_fecha_creacion`, `cede_usuario_creacion`, `cede_estado`, `cede_estado_logico`) VALUES ('50', '5', '2', '2', 'ME', '10', '0', '2022-02-08 16:58:00', '1', '1', '1');
INSERT INTO `db_captacion`.`convenio_empresa_detalle` (`cede_id`, `cemp_id`, `uaca_id`, `mod_id`, `cede_tipo`, `cede_porcentaje_descuento`, `cede_porcentaje_factor`, `cede_fecha_creacion`, `cede_usuario_creacion`, `cede_estado`, `cede_estado_logico`) VALUES ('51', '5', '2', '3', 'ME', '10', '0', '2022-02-08 16:58:00', '1', '1', '1');
INSERT INTO `db_captacion`.`convenio_empresa_detalle` (`cede_id`, `cemp_id`, `uaca_id`, `mod_id`, `cede_tipo`, `cede_porcentaje_descuento`, `cede_porcentaje_factor`, `cede_fecha_creacion`, `cede_usuario_creacion`, `cede_estado`, `cede_estado_logico`) VALUES ('52', '6', '2', '1', 'ME', '5', '0', '2022-02-08 16:58:00', '1', '1', '1');
INSERT INTO `db_captacion`.`convenio_empresa_detalle` (`cede_id`, `cemp_id`, `uaca_id`, `mod_id`, `cede_tipo`, `cede_porcentaje_descuento`, `cede_porcentaje_factor`, `cede_fecha_creacion`, `cede_usuario_creacion`, `cede_estado`, `cede_estado_logico`) VALUES ('53', '6', '2', '2', 'ME', '10', '0', '2022-02-08 16:58:00', '1', '1', '1');
INSERT INTO `db_captacion`.`convenio_empresa_detalle` (`cede_id`, `cemp_id`, `uaca_id`, `mod_id`, `cede_tipo`, `cede_porcentaje_descuento`, `cede_porcentaje_factor`, `cede_fecha_creacion`, `cede_usuario_creacion`, `cede_estado`, `cede_estado_logico`) VALUES ('54', '6', '2', '3', 'ME', '10', '0', '2022-02-08 16:58:00', '1', '1', '1');
INSERT INTO `db_captacion`.`convenio_empresa_detalle` (`cede_id`, `cemp_id`, `uaca_id`, `mod_id`, `cede_tipo`, `cede_porcentaje_descuento`, `cede_porcentaje_factor`, `cede_fecha_creacion`, `cede_usuario_creacion`, `cede_estado`, `cede_estado_logico`) VALUES ('55', '7', '2', '1', 'ME', '5', '0', '2022-02-08 16:58:00', '1', '1', '1');
INSERT INTO `db_captacion`.`convenio_empresa_detalle` (`cede_id`, `cemp_id`, `uaca_id`, `mod_id`, `cede_tipo`, `cede_porcentaje_descuento`, `cede_porcentaje_factor`, `cede_fecha_creacion`, `cede_usuario_creacion`, `cede_estado`, `cede_estado_logico`) VALUES ('56', '7', '2', '3', 'ME', '10', '0', '2022-02-08 16:58:00', '1', '1', '1');
INSERT INTO `db_captacion`.`convenio_empresa_detalle` (`cede_id`, `cemp_id`, `uaca_id`, `mod_id`, `cede_tipo`, `cede_porcentaje_descuento`, `cede_porcentaje_factor`, `cede_fecha_creacion`, `cede_usuario_creacion`, `cede_estado`, `cede_estado_logico`) VALUES ('57', '8', '2', '1', 'ME', '5', '0', '2022-02-08 16:58:00', '1', '1', '1');
INSERT INTO `db_captacion`.`convenio_empresa_detalle` (`cede_id`, `cemp_id`, `uaca_id`, `mod_id`, `cede_tipo`, `cede_porcentaje_descuento`, `cede_porcentaje_factor`, `cede_fecha_creacion`, `cede_usuario_creacion`, `cede_estado`, `cede_estado_logico`) VALUES ('58', '8', '2', '2', 'ME', '10', '0', '2022-02-08 16:58:00', '1', '1', '1');
INSERT INTO `db_captacion`.`convenio_empresa_detalle` (`cede_id`, `cemp_id`, `uaca_id`, `mod_id`, `cede_tipo`, `cede_porcentaje_descuento`, `cede_porcentaje_factor`, `cede_fecha_creacion`, `cede_usuario_creacion`, `cede_estado`, `cede_estado_logico`) VALUES ('59', '8', '2', '3', 'ME', '10', '0', '2022-02-08 16:58:00', '1', '1', '1');
INSERT INTO `db_captacion`.`convenio_empresa_detalle` (`cede_id`, `cemp_id`, `uaca_id`, `mod_id`, `cede_tipo`, `cede_porcentaje_descuento`, `cede_porcentaje_factor`, `cede_fecha_creacion`, `cede_usuario_creacion`, `cede_estado`, `cede_estado_logico`) VALUES ('60', '9', '2', '1', 'ME', '5', '0', '2022-02-08 16:58:00', '1', '1', '1');
INSERT INTO `db_captacion`.`convenio_empresa_detalle` (`cede_id`, `cemp_id`, `uaca_id`, `mod_id`, `cede_tipo`, `cede_porcentaje_descuento`, `cede_porcentaje_factor`, `cede_fecha_creacion`, `cede_usuario_creacion`, `cede_estado`, `cede_estado_logico`) VALUES ('61', '9', '2', '2', 'ME', '10', '0', '2022-02-08 16:58:00', '1', '1', '1');
INSERT INTO `db_captacion`.`convenio_empresa_detalle` (`cede_id`, `cemp_id`, `uaca_id`, `mod_id`, `cede_tipo`, `cede_porcentaje_descuento`, `cede_porcentaje_factor`, `cede_fecha_creacion`, `cede_usuario_creacion`, `cede_estado`, `cede_estado_logico`) VALUES ('62', '9', '2', '3', 'ME', '10', '0', '2022-02-08 16:58:00', '1', '1', '1');
INSERT INTO `db_captacion`.`convenio_empresa_detalle` (`cede_id`, `cemp_id`, `uaca_id`, `mod_id`, `cede_tipo`, `cede_porcentaje_descuento`, `cede_porcentaje_factor`, `cede_fecha_creacion`, `cede_usuario_creacion`, `cede_estado`, `cede_estado_logico`) VALUES ('63', '10', '2', '1', 'ME', '5', '0', '2022-02-08 16:58:00', '1', '1', '1');
INSERT INTO `db_captacion`.`convenio_empresa_detalle` (`cede_id`, `cemp_id`, `uaca_id`, `mod_id`, `cede_tipo`, `cede_porcentaje_descuento`, `cede_porcentaje_factor`, `cede_fecha_creacion`, `cede_usuario_creacion`, `cede_estado`, `cede_estado_logico`) VALUES ('64', '10', '2', '2', 'ME', '10', '0', '2022-02-08 16:58:00', '1', '1', '1');
INSERT INTO `db_captacion`.`convenio_empresa_detalle` (`cede_id`, `cemp_id`, `uaca_id`, `mod_id`, `cede_tipo`, `cede_porcentaje_descuento`, `cede_porcentaje_factor`, `cede_fecha_creacion`, `cede_usuario_creacion`, `cede_estado`, `cede_estado_logico`) VALUES ('65', '10', '2', '3', 'ME', '10', '0', '2022-02-08 16:58:00', '1', '1', '1');
INSERT INTO `db_captacion`.`convenio_empresa_detalle` (`cede_id`, `cemp_id`, `uaca_id`, `mod_id`, `cede_tipo`, `cede_porcentaje_descuento`, `cede_porcentaje_factor`, `cede_fecha_creacion`, `cede_usuario_creacion`, `cede_estado`, `cede_estado_logico`) VALUES ('66', '11', '2', '1', 'ME', '5', '0', '2022-02-08 16:58:00', '1', '1', '1');
INSERT INTO `db_captacion`.`convenio_empresa_detalle` (`cede_id`, `cemp_id`, `uaca_id`, `mod_id`, `cede_tipo`, `cede_porcentaje_descuento`, `cede_porcentaje_factor`, `cede_fecha_creacion`, `cede_usuario_creacion`, `cede_estado`, `cede_estado_logico`) VALUES ('67', '11', '2', '3', 'ME', '10', '0', '2022-02-08 16:58:00', '1', '1', '1');
INSERT INTO `db_captacion`.`convenio_empresa_detalle` (`cede_id`, `cemp_id`, `uaca_id`, `mod_id`, `cede_tipo`, `cede_porcentaje_descuento`, `cede_porcentaje_factor`, `cede_fecha_creacion`, `cede_usuario_creacion`, `cede_estado`, `cede_estado_logico`) VALUES ('68', '12', '2', '1', 'ME', '5', '0', '2022-02-08 16:58:00', '1', '1', '1');
INSERT INTO `db_captacion`.`convenio_empresa_detalle` (`cede_id`, `cemp_id`, `uaca_id`, `mod_id`, `cede_tipo`, `cede_porcentaje_descuento`, `cede_porcentaje_factor`, `cede_fecha_creacion`, `cede_usuario_creacion`, `cede_estado`, `cede_estado_logico`) VALUES ('69', '12', '2', '3', 'ME', '10', '0', '2022-02-08 16:58:00', '1', '1', '1');
INSERT INTO `db_captacion`.`convenio_empresa_detalle` (`cede_id`, `cemp_id`, `uaca_id`, `mod_id`, `cede_tipo`, `cede_porcentaje_descuento`, `cede_porcentaje_factor`, `cede_fecha_creacion`, `cede_usuario_creacion`, `cede_estado`, `cede_estado_logico`) VALUES ('70', '13', '2', '1', 'ME', '5', '0', '2022-02-08 16:58:00', '1', '1', '1');
INSERT INTO `db_captacion`.`convenio_empresa_detalle` (`cede_id`, `cemp_id`, `uaca_id`, `mod_id`, `cede_tipo`, `cede_porcentaje_descuento`, `cede_porcentaje_factor`, `cede_fecha_creacion`, `cede_usuario_creacion`, `cede_estado`, `cede_estado_logico`) VALUES ('71', '13', '2', '2', 'ME', '10', '0', '2022-02-08 16:58:00', '1', '1', '1');
INSERT INTO `db_captacion`.`convenio_empresa_detalle` (`cede_id`, `cemp_id`, `uaca_id`, `mod_id`, `cede_tipo`, `cede_porcentaje_descuento`, `cede_porcentaje_factor`, `cede_fecha_creacion`, `cede_usuario_creacion`, `cede_estado`, `cede_estado_logico`) VALUES ('72', '14', '2', '1', 'ME', '5', '0', '2022-02-08 16:58:00', '1', '1', '1');
INSERT INTO `db_captacion`.`convenio_empresa_detalle` (`cede_id`, `cemp_id`, `uaca_id`, `mod_id`, `cede_tipo`, `cede_porcentaje_descuento`, `cede_porcentaje_factor`, `cede_fecha_creacion`, `cede_usuario_creacion`, `cede_estado`, `cede_estado_logico`) VALUES ('73', '14', '2', '2', 'ME', '10', '0', '2022-02-08 16:58:00', '1', '1', '1');
INSERT INTO `db_captacion`.`convenio_empresa_detalle` (`cede_id`, `cemp_id`, `uaca_id`, `mod_id`, `cede_tipo`, `cede_porcentaje_descuento`, `cede_porcentaje_factor`, `cede_fecha_creacion`, `cede_usuario_creacion`, `cede_estado`, `cede_estado_logico`) VALUES ('74', '15', '2', '1', 'ME', '5', '0', '2022-02-08 16:58:00', '1', '1', '1');
INSERT INTO `db_captacion`.`convenio_empresa_detalle` (`cede_id`, `cemp_id`, `uaca_id`, `mod_id`, `cede_tipo`, `cede_porcentaje_descuento`, `cede_porcentaje_factor`, `cede_fecha_creacion`, `cede_usuario_creacion`, `cede_estado`, `cede_estado_logico`) VALUES ('75', '15', '2', '2', 'ME', '10', '0', '2022-02-08 16:58:00', '1', '1', '1');
INSERT INTO `db_captacion`.`convenio_empresa_detalle` (`cede_id`, `cemp_id`, `uaca_id`, `mod_id`, `cede_tipo`, `cede_porcentaje_descuento`, `cede_porcentaje_factor`, `cede_fecha_creacion`, `cede_usuario_creacion`, `cede_estado`, `cede_estado_logico`) VALUES ('76', '16', '2', '1', 'ME', '5', '0', '2022-02-08 16:58:00', '1', '1', '1');
INSERT INTO `db_captacion`.`convenio_empresa_detalle` (`cede_id`, `cemp_id`, `uaca_id`, `mod_id`, `cede_tipo`, `cede_porcentaje_descuento`, `cede_porcentaje_factor`, `cede_fecha_creacion`, `cede_usuario_creacion`, `cede_estado`, `cede_estado_logico`) VALUES ('77', '16', '2', '3', 'ME', '10', '0', '2022-02-08 16:58:00', '1', '1', '1');
INSERT INTO `db_captacion`.`convenio_empresa_detalle` (`cede_id`, `cemp_id`, `uaca_id`, `mod_id`, `cede_tipo`, `cede_porcentaje_descuento`, `cede_porcentaje_factor`, `cede_fecha_creacion`, `cede_usuario_creacion`, `cede_estado`, `cede_estado_logico`) VALUES ('78', '17', '2', '1', 'ME', '5', '0', '2022-02-08 16:58:00', '1', '1', '1');
INSERT INTO `db_captacion`.`convenio_empresa_detalle` (`cede_id`, `cemp_id`, `uaca_id`, `mod_id`, `cede_tipo`, `cede_porcentaje_descuento`, `cede_porcentaje_factor`, `cede_fecha_creacion`, `cede_usuario_creacion`, `cede_estado`, `cede_estado_logico`) VALUES ('79', '17', '2', '2', 'ME', '10', '0', '2022-02-08 16:58:00', '1', '1', '1');
INSERT INTO `db_captacion`.`convenio_empresa_detalle` (`cede_id`, `cemp_id`, `uaca_id`, `mod_id`, `cede_tipo`, `cede_porcentaje_descuento`, `cede_porcentaje_factor`, `cede_fecha_creacion`, `cede_usuario_creacion`, `cede_estado`, `cede_estado_logico`) VALUES ('80', '18', '2', '1', 'ME', '5', '0', '2022-02-08 16:58:00', '1', '1', '1');
INSERT INTO `db_captacion`.`convenio_empresa_detalle` (`cede_id`, `cemp_id`, `uaca_id`, `mod_id`, `cede_tipo`, `cede_porcentaje_descuento`, `cede_porcentaje_factor`, `cede_fecha_creacion`, `cede_usuario_creacion`, `cede_estado`, `cede_estado_logico`) VALUES ('81', '18', '2', '3', 'ME', '10', '0', '2022-02-08 16:58:00', '1', '1', '1');

