--
-- Base de datos: `db_documental`
--
USE `db_documental`;

INSERT INTO `departamento` (`dep_id`,`dep_nombre`,`dep_cod`,`dep_estado`,`dep_estado_logico`) VALUES
(1,'Administrativo','ADM','1','1'),
(2,'Admisiones','ADS','1','1'),
(3,'Archivo','ARC','1','1'),
(4,'Bienestar universitario','BIU','1','1'),
(5,'Centro de Documentación e Investigación Empresarial','CENDIE','1','1'),
(6,'Centro de Idiomas','CEI','1','1'),
(7,'Colecturía','COL','1','1'),
(8,'Contabilidad','CON','1','1'),
(9,'Desarrollo','DES','1','1'),
(10,'Investigación','INV','1','1'),
(11,'Medico','MED','1','1'),
(12,'Financiero','FIN','1','1'),
(13,'Grado Presencial, Semipresencial y A Distancia','GRPSD','1','1'),
(14,'Grado Online','ONL','1','1'),
(15,'Planificación','PLA','1','1'),
(16,'Posgrado','POS','1','1'),
(17,'Procesos','PRO','1','1'),
(18,'Producción','PRD','1','1'),
(19,'Rectorado','REC','1','1'),
(20,'Relaciones internacionales','REI','1','1'),
(21,'Secretaria General','SEG','1','1'),
(22,'Seguridad','SGD','1','1'),
(23,'Servicios generales','SEV','1','1'),
(24,'Sistemas','SIS','1','1'),
(25,'Talento humano','TAH','1','1'),
(26,'Vinculación sociedad','VS','1','1'),
(27,'Vicerrectorado','VIC','1','1');

INSERT INTO `clase` (`cla_id`, `cla_nombre`, `cla_cod`, `cla_estado`,`cla_estado_logico`) VALUES
(1, 'Gestión Estratégica Desarrollo Institucional','A','1','1'),
(2, 'Gestión de la Imagen Institucional','B','1','1'),
(3, 'Gestión del Soporte Académico y Estudiantil','C','1','1'),
(4, 'Secretaría General Administración General y Organización','D','1','1'),
(5, 'Gestión de la Docencia','E','1','1'),
(6, 'Gestión de la Investigación','F','1','1'),
(7, 'Gestión de Vinculación con la Sociedad','G','1','1'),
(8, 'Gestión de Bienestar Universitario','H','1','1'),
(9, 'Gestión de Representación y Relaciones Públicas','I','1','1'),
(10, 'Gestión del Talento Humano','J','1','1'),
(11, 'Gestión de los Recursos Económicos','K','1','1'),
(12, 'Gestión de la Información y de las Comunicaciones','L','1','1'),
(13, 'Gestión Administrativa','M','1','1'),
(14, 'Seguridad del Entorno Universitario','N','1','1'),
(15, 'Gestión Documental y Archivo','O','1','1');

INSERT INTO `serie` (`ser_id`,`cla_id`,`ser_nombre`,`ser_cod`,`ser_estado`,`ser_estado_logico`) VALUES
(1,1,'Planificación Estratégica','001',1,1),
(2,1,'Internacionalización','002',1,1),
(3,1,'Gestión de convenios nacionales','003',1,1),
(4,1,'Evaluación Institucional','004',1,1),
(5,1,'Aseguramiento de la calidad','005',1,1),
(6,2,'Gestión de la Comunicación','001',1,1),
(7,3,'Seguimiento del Desempeño Académico','001',1,1),
(8,3,'Atención de certificados grado','002',1,1),
(9,3,'Atención de certificados posgrado','003',1,1),
(10,3,'Gestion de la homologacion','004',1,1),
(11,3,'Gestion de la captacion','005',1,1),
(12,3,'Gestión de admisión','006',1,1),
(13,3,'Gestión de retiros de los Aspirantes','007',1,1),
(14,4,'Graduación UTEG','001',1,1),
(15,4,'Gestión de normativa universitaria','002',1,1),
(16,4,'Gestión de instancias institucionales','003',1,1),
(17,4,'Gestión de las designaciones universitarias','004',1,1),
(18,4,'Gestión de los convenios universitarios','005',1,1),
(19,4,'Gestión de registro de Promotores y Patrocinadores','006',1,1),
(20,4,'Gestión de los Expedientes disciplinarios','007',1,1),
(21,4,'Gestión de las comunicaciones institucionales','008',1,1),
(22,4,'Gestión de Creación de la Universidad','009',1,1),
(23,4,'Gestión de documentos de máximas autoridades','010',1,1),
(24,4,'Rectorado','011',1,1),
(25,4,'Vicerrectorado Académico','012',1,1),
(26,5,'Gestión de la Docencia Grado (Presencial, Semipresencial, A distancia)','001',1,1),
(27,5,'Gestión de la Docencia Grado Online','002',1,1),
(28,5,'Gestión de la Docencia de Posgrado','003',1,1),
(29,5,'Gestión de la Docencia en Centro de idiomas','004',1,1),
(30,5,'Evaluación integral de personal académico','005',1,1),
(31,6,'Gestión del conocimiento','001',1,1),
(32,6,'Producción científica','002',1,1),
(33,7,'Planificación de Vinculación con la Sociedad','001',1,1),
(34,7,'Financiamiento de Vinculación con la Sociedad','002',1,1),
(35,7,'Ejecución de Vinculación con la Sociedad','003',1,1),
(36,7,'Monitoreo y evaluación de Vinculación con la Sociedad','004',1,1),
(37,7,'Prácticas pre-profesionales','005',1,1),
(38,8,'Gestión de los servicios de Bienestar Universitario','001',1,1),
(39,8,'Gestión de Biblioteca','002',1,1),
(40,8,'Gestión de Dispensario Médico','003',1,1),
(41,8,'Gestión de Igualdad de oportunidades','004',1,1),
(42,9,'Gestión de incentivos para colaboradores','001',1,1),
(43,9,'Reclutamiento y selección de personal académico','002',1,1),
(44,9,'Capacitación de personal académico','003',1,1),
(45,9,'Gestión del Escalafón del Profesor e Investigador','004',1,1),
(46,9,'Reclutamiento y selección de personal administrativo','005',1,1),
(47,9,'Capacitación de personal administrativo','006',1,1),
(48,9,'Evaluación de personal administrativo','007',1,1),
(49,10,'Gestión de Colecturía','001',1,1),
(50,10,'Gestión de Tesorería','002',1,1),
(51,10,'Gestión Contable y tributaria','003',1,1),
(52,11,'Gestión de desarrollo de sistemas','001',1,1),
(53,11,'Gestión de infraestructura tecnológica','002',1,1),
(54,12,'Gestión de los servicios de administración','001',1,1),
(55,13,'Gestión del acceso al entorno universitario','001',1,1),
(56,14,'Gestión Documental y Archivo','001',1,1);

INSERT INTO `subserie` (`sub_id`,`ser_id`,`sub_cod`,`sub_cod_total`,`sub_nombre`,`sub_estado`,`sub_estado_logico`) VALUES
(1,1,'001','A-001-001','Planificación Estratégica de Desarrollo Institucional (Elaboración del PEDI)',1,1),
(2,1,'002','A-001-002','Elaboración de la Matriz FODA',1,1),
(3,1,'003','A-001-003','Diagnóstico Institucional',1,1),
(4,1,'004','A-001-004','Elaboración de los Elementos Orientadores',1,1),
(5,1,'005','A-001-005','Elaboración del Plan Operativo Anual por Áreas',1,1),
(6,1,'006','A-001-006','Control Trimestral del POA',1,1),
(7,1,'007','A-001-007','Generación de Informe Trimestral del POA (Autoridades)',1,1),
(8,1,'008','A-001-008','Generación de Informe Anual del POA',1,1),
(9,1,'009','A-001-009','Generación de Informe de Cumplimiento Anual del PEDI',1,1),
(10,2,'001','A-002-001','Proceso de Intercambio Estudiantil Inbound - Fase Aceptación (Previa al Viaje)',1,1),
(11,2,'002','A-002-002','Proceso de Intercambio Estudiantil Inbound. Fase Intermedia y Final',1,1),
(12,2,'003','A-002-003','Proceso de Intercambio Estudiantil Outbound - Fase Aceptación (Previa al Viaje)',1,1),
(13,2,'004','A-002-004','Intercambio Estudiantil Outbound - Fase Intermedia y Final',1,1),
(14,2,'005','A-002-005','Establecimiento de Convenios con Universidades e Instituciones Internacionales',1,1),
(15,2,'006','A-002-006','Estudios Outbound_Maestría de Burdeos: Fase Previa al Viaje',1,1),
(16,2,'007','A-002-007','Difusión de Becas a Estudiantes y Docentes UTEG (Por Parte de otras Instituciones)',1,1),
(17,3,'001','A-003-001','Establecimiento de Convenios entre Universidades, Institucionales y Empresas Nacionales',1,1),
(18,4,'001','A-004-001','Autoevaluación institucional',1,1),
(19,4,'002','A-004-002','Control de Evidencias',1,1),
(20,4,'003','A-004-003','Elaboración de plan de mejoras',1,1),
(21,5,'001','A-005-001','Gestion de los procesos institucionales',1,1),
(22,5,'002','A-005-002','Gestion de la calidad institucional',1,1),
(23,5,'003','A-005-003','Mejora institucional',1,1),
(24,6,'001','B-001-001','Gestión de los recursos audiovisuales',1,1),
(25,7,'001','C-001-001','Seguimiento del Desempeño Académico de los Estudiantes Modalidad Presencial',1,1),
(26,7,'002','C-001-002','Seguimiento del Desempeño Académico de los Estudiantes Modalidad SemiPresencial',1,1),
(27,7,'003','C-001-003','Seguimiento del Desempeño Académico de los Estudiantes Modalidad a Distancia',1,1),
(28,7,'004','C-001-004','Seguimiento del Desempeño Académico de los Estudiantes Modalidad Online',1,1),
(29,7,'005','C-001-005','Seguimiento del Desempeño Académico de los Estudiantes Posgrado Modalidad Semi',1,1),
(30,7,'006','C-001-006','Seguimiento del Desempeño Académico de los Estudiantes Posgrado Modalidad Pre',1,1),
(31,7,'007','C-001-007','Seguimiento del Desempeño Académico de los Estudiantes Posgrado Modalidad Online',1,1),
(32,8,'001','C-002-001','Emisión de los certificados estudiantiles',1,1),
(33,9,'001','C-003-001','Emisión de Certificado para Solicitar Crédito Educativo Facultad de Estudios de Posgrados',1,1),
(34,10,'001','C-004-001','Gestion de homologacion grado',1,1),
(35,10,'002','C-004-002','Gestion de homologacion posgrado',1,1),
(36,11,'001','C-005-001','Gestion de la captación grado',1,1),
(37,11,'002','C-005-002','Gestion de la captación posgrado',1,1),
(38,12,'001','C-006-001','Inscripción y registro de grado',1,1),
(39,12,'002','C-006-002','Inscripción y registro de posgrado',1,1),
(40,13,'001','C-007-001','Gestión de retiros de los Aspirantes',1,1),
(41,14,'001','D-001-001','Gestión de Graduados',1,1),
(42,14,'002','D-001-002','Expedientes de graduados',1,1),
(43,14,'003','D-001-003','Gestión de Libros de Actas de Grado',1,1),
(44,14,'004','D-001-004','Gestión de Libros de Actas de Refrendación',1,1),
(45,15,'001','D-002-001','Gestión de Sistemas, Reglamentos, Manuales, Políticas e Instructivos',1,1),
(46,16,'001','D-003-001','Gestión de instancias institucionales (Consejo Universitario)',1,1),
(47,16,'002','D-003-002','Gestión de instancias institucionales (Comité Académico)',1,1),
(48,16,'003','D-003-003','Gestión de instancias institucionales (Comité de Investigación)',1,1),
(49,16,'004','D-003-004','Gestión de instancias institucionales(Comité Administrativo)',1,1),
(50,16,'005','D-003-005','Gestión de instancias institucionales (Comité de Becas)',1,1),
(51,16,'006','D-003-006','Gestión de instancias institucionales (Comité de Evaluación Interna)',1,1),
(52,17,'001','D-004-001','Designaciones de Autoridades y Directivos',1,1),
(53,18,'001','D-005-001','Gestión de los Convenios',1,1),
(54,19,'001','D-006-001','Gestión de registro de Promotores y Patrocinadores',1,1),
(55,20,'001','D-007-001','Gestión de los Expedientes disciplinarios de alumnos',1,1),
(56,21,'001','D-008-001','Gestión de los documentos enviados y recibidos',1,1),
(57,22,'001','D-009-001','Gestión de Creación de la Universidad',1,1),
(58,23,'001','D-010-001','Gestión de documentos de máximas autoridades',1,1),
(59,24,'001','D-011-001','Emisión de Designaciones de personal',1,1),
(60,24,'002','D-011-002','Elaboración de oficios',1,1),
(61,24,'003','D-011-003','Actas de Organos Colegiados',1,1),
(62,24,'004','D-011-004','Organización de graduación',1,1),
(63,25,'001','D-012-001','Emisión de Designaciones de personal',1,1),
(64,25,'002','D-012-002','Elaboración de oficios',1,1),
(65,25,'003','D-012-003','Actas de Organos Colegiados',1,1),
(66,25,'004','D-012-004','Organización de graduación',1,1),
(67,26,'001','E-001-001','Formulación, reformulación y aprobación de oferta académica',1,1),
(68,26,'002','E-001-002','Gestión de los syllabus',1,1),
(69,26,'003','E-001-003','Labor Tutorial del personal académico en las carreras de grado',1,1),
(70,26,'004','E-001-004','Tutoría de trabajo de titulación',1,1),
(71,26,'005','E-001-005','Definición de temas de trabajos de titulación de Grado',1,1),
(72,26,'006','E-001-006','Aseguramiento de la calidad de las carreras de Grado',1,1),
(73,26,'007','E-001-007','Gestión académica',1,1),
(74,26,'008','E-001-008','Trayectoria académica del estudiante',1,1),
(75,27,'001','E-002-001','Formulación, reformulación y aprobación de oferta académica',1,1),
(76,27,'002','E-002-002','Gestión de los syllabus',1,1),
(77,27,'003','E-002-003','Labor Tutorial del personal académico en las carreras de grado',1,1),
(78,27,'004','E-002-004','Tutoría de trabajo de titulación',1,1),
(79,27,'005','E-002-005','Definición de temas de trabajos de titulación de Grado',1,1),
(80,27,'006','E-002-006','Aseguramiento de la calidad de las carreras de Grado',1,1),
(81,27,'007','E-002-007','Gestión académica',1,1),
(82,27,'008','E-002-008','Trayectoria académica del estudiante',1,1),
(83,28,'001','E-003-001','Creación de Programas Posgrados',1,1),
(84,28,'002','E-003-002','Elaboración de Cronograma de Clases de Posgrados',1,1),
(85,28,'003','E-003-003','Expediente de Actas de Notas Facultad de Estudios de Posgrados',1,1),
(86,28,'004','E-003-004','Definición y Selección de Temas de Trabajos de Titulación de Posgrado',1,1),
(87,28,'005','E-003-005','Expediente de Profesores Facultad de Estudios Posgrados',1,1),
(88,28,'006','E-003-006','Expediente de Estudiantes Admitidos a la Facultad de Estudios de Posgrados',1,1),
(89,28,'007','E-003-007','Presentación de Trabajo de Titulación Facultad de Estudios de Posgrados',1,1),
(90,28,'008','E-003-008','Aseguramiento de la Calidad de los programas de Posgrado',1,1),
(91,28,'009','E-003-009','Proceso de Labor Tutorial del Personal Académico en los Programas de Posgrados',1,1),
(92,29,'001','E-004-001','Gestión de cursos de idiomas',1,1),
(93,29,'002','E-004-002','Elaboración de cronograma de clases Centro de Idiomas',1,1),
(94,29,'003','E-004-003','Expediente de evaluaciones y acta de notas Centro de Idiomas',1,1),
(95,29,'004','E-004-004','Expediente de Profesores Centro de Idiomas',1,1),
(96,29,'005','E-004-005','Expediente de Estudiantes Centro de Idiomas',1,1),
(97,29,'006','E-004-006','Evaluación de cursos de Idiomas',1,1),
(98,30,'001','E-001-001','Proceso de Evaluación Integral de Profesores',1,1),
(99,31,'001','F-001-001','Aseguramiento de la Calidad de las Tesis de Grado y Posgrado',1,1),
(100,31,'002','F-001-002','Lanzamiento de Proyectos de Investigación con Financiamiento',1,1),
(101,31,'003','F-001-003','Seguimiento de los Proyectos de Investigación',1,1),
(102,32,'001','F-002-001','Producción Científica',1,1),
(103,32,'002','F-002-002','Registro Final de Producción Científica',1,1),
(104,33,'001','G-001-001','Planificación de Programas y Proyectos de Vinculacion con la Sociedad',1,1),
(105,34,'002','G-002-002','Financiamiento de los Proyectos de Vinculación con la Sociedad',1,1),
(106,35,'003','G-003-003','Ejecución del Plan de Vinculación con la Sociedad',1,1),
(107,36,'004','G-004-004','Monitoreo y Evaluación del Impacto de los Proyectos de Vinculación con la Sociedad',1,1),
(108,37,'005','G-005-005','Proceso para la Realización de Prácticas Preprofesionales y/o Pasantías',1,1),
(109,38,'001','H-001-001','Bolsa de trabajo',1,1),
(110,38,'002','H-001-002','Pensión diferenciada',1,1),
(111,38,'003','H-001-003','Atención a requerimientos estudiantiles',1,1),
(112,38,'004','H-001-004','Buzón UTEG',1,1),
(113,38,'005','H-001-005','Difusión de servicios de bienestar',1,1),
(114,38,'006','H-001-006','Gestión de la aplicación del proceso de beca',1,1),
(115,39,'001','H-002-001','Verificación del Inventario del Acervo Bibliográfico',1,1),
(116,39,'002','H-002-002','Control de Préstamos de Libros',1,1),
(117,39,'003','H-002-003','Ingreso de Adquisiciones de Libros Físicos en Acervo Bibliográfico',1,1),
(118,39,'004','H-002-004','Utilización de Biblioteca Física',1,1),
(119,39,'005','H-002-005','Utilización de Biblioteca Virtual',1,1),
(120,39,'006','H-002-006','Gestión de Catálogo de Libros por Carrera, por Programa y Línea de Investigación',1,1),
(121,39,'007','H-002-007','Entrega de Credenciales a Estudiantes y Colaboradores',1,1),
(122,39,'008','H-002-008','Elaboración de certificados de no adeudar libros',1,1),
(123,39,'009','H-002-009','Uso de Espacios de Sala de Lectura',1,1),
(124,39,'010','H-002-010','Gestión de las Tesis Uteg',1,1),
(125,39,'011','H-002-011','Donación de Libros a UTEG',1,1),
(126,39,'012','H-002-012','Donación de Revistas a UTEG',1,1),
(127,39,'013','H-002-013','Gestión de CRAI UTEG',1,1),
(128,39,'014','H-002-014','Descartes de Libros UTEG',1,1),
(129,39,'015','H-002-015','Gestión de los informes de los servicios de Bibliotecas',1,1),
(130,40,'001','H-003-001','Gestión del Dispensario Médico',1,1),
(131,40,'002','H-003-002','Elaboración de Fichas Médicas',1,1),
(132,40,'003','H-003-003','Atencion medica a la comunidad universitaria',1,1),
(133,40,'004','H-003-004','Realizacion de charlas',1,1),
(134,40,'005','H-003-005','Manejo de botiquines',1,1),
(135,41,'001','H-004-001','Gestión de igualdad de oportunidades',1,1),
(136,42,'001','J-001-001','Gestion de incentivos',1,1),
(137,43,'001','J-002-001','Contratación de Personal Académico',1,1),
(138,43,'002','J-002-002','Selección del Personal Académico',1,1),
(139,44,'001','J-003-001','Capacitación de Profesores',1,1),
(140,45,'001','J-004-001','Proceso de Categorización y Recategorización en el Escalafón del Profesor e Investigador',1,1),
(141,46,'001','J-005-001','Selección del Personal Administrativo',1,1),
(142,46,'002','J-005-002','Contratación de Personal Administrativo',1,1),
(143,47,'001','J-006-001','Capacitación de Personal Administrativo',1,1),
(144,48,'001','J-007-001','Evaluación de Personal Administrativo',1,1),
(145,49,'001','K-001-001','Gestión de Recaudación',1,1),
(146,49,'002','K-001-002','Gestión de Compromisos de pago',1,1),
(147,49,'003','K-001-003','Gestión de Estados de cuenta estudiantiles',1,1),
(148,50,'001','K-002-001','Gestión de pagos',1,1),
(149,50,'002','K-002-002','Gestión de cobranzas',1,1),
(150,51,'001','K-003-001','Conciliación bancaria',1,1),
(151,51,'002','K-003-002','Contabilización de consumos con tarjeta de crédito',1,1),
(152,51,'003','K-003-003','Gestión de fondos de reposición',1,1),
(153,51,'004','K-003-004','Gestión de requerimientos de los Entes de Control',1,1),
(154,51,'005','K-003-005','Gestión de provisiones',1,1),
(155,52,'001','L-001-001','Analisis de requerimientos',1,1),
(156,52,'002','L-001-002','Desarrollo e implementación',1,1),
(157,52,'003','L-001-003','Implantación y puesta a producción',1,1),
(158,52,'004','L-001-004','Mejora continua de proyectos',1,1),
(159,53,'001','L-002-001','Administración de servidores',1,1),
(160,53,'002','L-002-002','Control de direcciones ip',1,1),
(161,53,'003','L-002-003','Control de equipos para uso académico',1,1),
(162,53,'004','L-002-004','Control de equipos para uso administrativo',1,1),
(163,53,'005','L-002-005','Sistema de mensajería',1,1),
(164,53,'006','L-002-006','Control de activos de tecnología',1,1),
(165,53,'007','L-002-007','Soporte usuarios',1,1),
(166,53,'008','L-002-008','Generación de credenciales',1,1),
(167,54,'001','M-001-001','Gestión de los activos fijos',1,1),
(168,54,'002','M-001-002','Gestión de caja chica',1,1),
(169,54,'003','M-001-003','Gestión de limpieza',1,1),
(170,54,'004','M-001-004','Gestión de mantenimiento de infraestructura física',1,1),
(171,54,'005','M-001-005','Requerimiento de suministros de oficina',1,1),
(172,54,'006','M-001-006','Administración del centro de copiado',1,1),
(173,54,'007','M-001-007','Gestión de transporte',1,1),
(174,55,'001','N-001-001','Gestión de bitácoras',1,1),
(175,55,'002','N-001-002','Monitoreo de consola de seguridad',1,1),
(176,56,'001','O-001-001','Proceso de Producción Documental',1,1),
(177,56,'002','O-001-002','Registro Documental',1,1),
(178,56,'003','O-001-003','Recepción y Registro de Documentos y Correspondencia Externa',1,1),
(179,56,'004','O-001-004','Proceso de Trámite Documental',1,1),
(180,56,'005','O-001-005','Despacho de la Correspondencia',1,1),
(181,56,'006','O-001-006','Identificación Documental',1,1),
(182,56,'007','O-001-007','Clasificación Documental',1,1),
(183,56,'008','O-001-008','Conformación de Expedientes',1,1),
(184,56,'009','O-001-009','Ordenamiento Documental',1,1),
(185,56,'010','O-001-010','Expurgo Documental',1,1),
(186,56,'011','O-001-011','Descripción Documental',1,1),
(187,56,'012','O-001-012','Evaluación, Valoración y Eliminación Documental',1,1),
(188,56,'013','O-001-013','Retención Documental',1,1),
(189,56,'014','O-001-014','Preservación Documental',1,1);