--
-- Base de datos: `db_externo`
--
USE `db_externo`;
INSERT INTO db_externo.`interes` (`int_id`,`int_descripcion`, `int_nombre`,`int_estado`,`int_estado_logico`) VALUES
(1,'Tecnología','Tecnología','1','1'),
(2,'Negocios','Negocios','1','1'),
(3,'Educación','Educación','1','1'),
(4,'Banca','Banca','1','1'),
(5,'Seguridad Laboral','Seguridad Laboral','1','1'),
(6,'Viajar','Viajar','1','1');

 INSERT INTO db_externo.`evento` (`eve_id`,`eve_nombres`, `eve_fecha_inicio`,`eve_fecha_fin`,`eve_estado`,`eve_estado_logico`) VALUES
 ('1','Feria Ecuador','2019-09-24 00:00:00','2021-12-31 23:59:59','1','1');


INSERT INTO db_externo.`ocupacion` (`ocu_id`,`ocu_nombre`, `ocu_descripcion`,`ocu_estado`,`ocu_estado_logico`) VALUES
(1, 'Actor/Actriz', 'Actor/Actriz', '1','1'),
(2,'Administrador(a)', 'Administrador(a)','1','1'),
(3,'Albañil', 'Albañil','1','1'),
(4,'Analista de Sistemas', 'Analista de Sistemas','1','1'),
(5,'Bailarin(a)', 'Bailarin(a)','1','1'),
(6,'Bibliotecario(a)', 'Bibliotecario(a)','1','1'),
(7,'Bodeguero(a)/Almacenista', 'Bodeguero(a)/Almacenista','1','1'),
(8,'Servidor(a) Público', 'Servidor(a) Público','1','1'),
(9,'Cajero(a)', 'Cajero(a)', '1','1'),
(10,'Campesino(a)', 'Campesino(a)','1','1'),
(11,'Carpintero(a)/Ebanista', 'Carpintero(a)/Ebanista', '1','1'),
(12,'Chofer', 'Chofer', '1','1'),
(13,'Cocinero(a)', 'Cocinero(a)','1','1'),
(14,'Consultor(a) Financiero(a)', 'Consultor(a) Financiero(a)','1','1'),
(15,'Contador(a)', 'Contador(a)','1','1'),
(16,'Dentista', 'Dentista', '1','1'),
(17,'Diseñador(a)', 'Diseñador(a)','1','1'),
(18,'Director(a)', 'Director(a)','1','1'),
(19,'Doctor(a)','Doctor(a)', '1','1'),
(20,'Docente Primaria', 'Docente Primaria','1','1'),
(21,'Docente Secundaria', 'Docente Secundaria', '1','1'),
(22,'Docencia Universitaria', 'Docencia Universitaria', '1','1'),
(23,'Gerente', 'Gerente', '1','1'),
(24,'Electricista', 'Electricista', '1','1'),
(25,'Empleado(a) en General', 'Empleado(a) en General', '1','1'),
(26,'Empresario(a)', 'Empresario(a)', '1','1'),
(27,'Encuestador(a)', 'Encuestador(a)', '1','1'),
(28,'Enfermero(a)/Aux/Paramédico', 'Enfermero(a)/Aux/Paramédico', '1','1'),
(29,'Entrenador(a)', 'Entrenador(a)', '1','1'),
(30,'Estudiante', 'Estudiante', '1','1'),
(31,'Fotógrafo(a)', 'Fotógrafo(a)', '1','1'),
(32,'Gestor(a) Jurídico', 'Gestor(a) Jurídico', '1','1'),
(33,'Jardinero(a)', 'Jardinero(a)', '1','1'),
(34,'Mecánico(a)/Tornero(a)', 'Mecánico(a)/Tornero(a)', '1','1'),
(35,'Mesero(a)', 'Mesero(a)', '1','1'),
(36,'Militar', 'Militar', '1','1'),
(37,'Modelo', 'Modelo', '1','1'),
(38,'Modisto(a)/Sastre', 'Modisto(a)/Sastre', '1','1'),
(39,'Músico', 'Músico', '1','1'),
(40,'Nutríologo(a)', 'Nutríologo(a)', '1','1'),
(41,'Panadero(a)', 'Panadero(a)', '1','1'),
(42,'Peluquero(a)/Estilista', 'Peluquero(a)/Estilista', '1','1'),
(43,'Periodista', 'Periodista', '1','1'),
(44,'Piloto(a) Aéreo', 'Piloto(a) Aéreo', '1','1'),
(45,'Pintor(a)', 'Pintor(a)', '1','1'),
(46,'Policía', 'Policía', '1','1'),
(47,'Plomero(a)/Fontanero(a)', 'Plomero(a)/Fontanero(a)', '1','1'),
(48,'Profesor(a)', 'Profesor(a)', '1','1'),
(49,'Programador(a)', 'Programador(a)', '1','1'),
(50,'Secretario(a)', 'Secretario(a)', '1','1'),
(51,'Sobrecargo/Azafata', 'Sobrecargo/Azafata', '1','1'),
(52,'Técnico(a)', 'Técnico(a)', '1','1'),
(53,'Topógrafo(a)', 'Topógrafo(a)', '1','1'),
(54,'Trabajador(a) Social', 'Trabajador(a) Social', '1','1'),
(55,'Traductor(a)/Intérprete', 'Traductor(a)/Intérprete', '1','1'),
(56,'Vigilante/Personal de Seguridad', 'Vigilante/Personal de Seguridad', '1','1'),
(57,'Otra', 'Otra', '1','1');

INSERT INTO `persona_externa` (`pext_id`, `pext_nombres`, `pext_apellidos`, `pext_identificacion`, `pext_tipo_dni`, `pext_correo`, `pext_celular`, `pext_telefono`, `pext_genero`, `pext_fecha_nacimiento`, `nins_id`, `pro_id`, `can_id`, `eve_id`, `ocu_id`, `pext_fecha_registro`, `pext_estado`, `pext_fecha_creacion`, `pext_estado_logico`) VALUES
(1, 'Maryuri Elizabeth', 'Nagua García', '0702421041', 'CED', 'maryuri.nagua03@gmail.com', '0997114708', '072634215', 1, '1973-12-03', 4, 7, 60, 1, null, '2019-08-29 20:30:00', 1, '2019-08-29 20:30:00', 1),
(2, 'Juan Alberto', 'Ramos Peredo', '0910695006', 'CED', 'juanr.70@gmail.com', '0991109522', null, 2, '1970-12-12', 5, 10, 87, 1, null, '2019-08-29 20:30:00', 1, '2019-08-29 20:30:00', 1),
(3, 'Lizeth Gabriela', 'Peñaloza Espinoza', '0705071991', 'CED', 'diogoyliz@hotmail.com', '0990250839', '072800376', 1, '1987-08-27', 4, 1, 3, 1, null, '2019-08-29 20:30:00', 1, '2019-08-29 20:30:00', 1),
(4, 'Joaho Platini ', 'Litardo Sevilla ', '1205608076', 'CED', 'platinilitardose@gmail.com', '0939621139', '052971123', 2, '2019-06-17', 4, 13, 135, 1, null, '2019-08-29 20:30:00', 1, '2019-08-29 20:30:00', 1),
(5, 'Germania ', 'Alberca Tacuri', '1102106497', 'CED', 'agermasol@yahoo.com', '0983382354', '072710134', 1, '1963-11-06', 4, 12, 114, 1, null, '2019-08-29 20:30:00', 1, '2019-08-29 20:30:00', 1),
(6, 'Luzmila Albertina', 'Lozano Salinas', '1102141593', 'CED', 'luz_lozano@rocketmail.com', '0996931957', '2587571', 1, '1962-12-03', 5, 12, 114, 1, null, '2019-08-29 20:30:00', 1, '2019-08-29 20:30:00', 1),
(7, 'Vilma Soledad', 'Flores Pérez', '1102393681', 'CED', 'vilmaflores_96@hotmail.es', '0996893378', '2103281', 1, '1963-12-15', 5, 12, 114, 1, null, '2019-08-29 20:30:00', 1, '2019-08-29 20:30:00', 1),
(8, 'Lenin Rafael ', 'Morales Guerrero', '0705109411', 'CED', 'lenin-1987jm@hotmail.com', '0980900541', '2910963', 2, '1987-02-23', 4, 7, 53, 1, null, '2019-08-29 20:30:00', 1, '2019-08-29 20:30:00', 1),
(9, 'Sandra Karina', 'Gaona Castillo', '1104910862', 'CED', 'sandryg_28@hotmail.com', '0968015938', '3025528', 1, '1990-05-28', 4, 12, 109, 1, null, '2019-08-29 20:30:00', 1, '2019-08-29 20:30:00', 1),
(10, 'Jefferson Alexander ', 'Loor Ramirez', '1206701623', 'CED', 'yeto_lr@hotmail.com', '0990865692', null, 2, '2019-09-19', 4, 13, 135, 1, null, '2019-08-29 20:30:00', 1, '2019-08-29 20:30:00', 1),
(11, 'Jose Vinicio', 'Cuenca Armijos', '0703612382', 'CED', 'viniciocuenca123@gmail.com', '0959192585', '2794953', 2, '1977-03-06', 4, 7, 60, 1, null, '2019-08-29 20:30:00', 1, '2019-08-29 20:30:00', 1),
(12, 'Luis Roberto', 'Gomez Sanchez', '0703273888', 'CED', 'rogom76@gmail.com', '0996430527', '072950498', 2, '1976-09-01', 4, 7, 57, 1, null, '2019-08-29 20:30:00', 1, '2019-08-29 20:30:00', 1),
(13, 'Silvio Wilfrido', 'Castro Dávila', '0705110310', 'CED', 'wilfri_castro@hotmail.com', '0991931156', '072995927', 2, '1985-11-12', 4, 7, 58, 1, null, '2019-08-29 20:30:00', 1, '2019-08-29 20:30:00', 1),
(14, 'Victoria Del Cisne', 'León Landivar ', '0706377785', 'CED', 'victoriadelcisneleonlandivar@gmail.com', '0979920226', null, 1, '2019-05-02', 4, 7, 60, 1, null, '2019-08-29 20:30:00', 1, '2019-08-29 20:30:00', 1),
(15, 'Liliana Del Cisne', 'Sánchez Ramírez ', '1722362454', 'CED', 'lisara_88@hotmail.com', '0969730498', null, 1, '1988-03-18', 4, 7, 60, 1, null, '2019-08-29 20:30:00', 1, '2019-08-29 20:30:00', 1),
(16, 'Nelly Alexandra', 'Martínez Miranda ', '0704741529', 'CED', 'nellycita_1985@hotmail.com', '0999476945', null, 1, '1985-05-23', 4, 7, 60, 1, null, '2019-08-29 20:30:00', 1, '2019-08-29 20:30:00', 1),
(17, 'Luz Beerseba', 'Carrión Ludeña', '0703455378', 'CED', 'beersebacarr@hotmail.com', '0999980796', '2943078', 1, '1976-05-22', 4, 7, 65, 1, null, '2019-08-29 20:30:00', 1, '2019-08-29 20:30:00', 1),
(18, 'Juana Emperatriz', 'Ordóñez Vasquez', '1102114657', 'CED', 'juanitaeov1962@hotmail.com', '0969504066', '2103207', 1, '1962-11-14', 5, 12, 114, 1, null, '2019-08-29 20:30:00', 1, '2019-08-29 20:30:00', 1),
(19, 'Silvia Jackeline', 'Silva Palacios ', '1103325930', 'CED', 'jackita.sil10@gmail.com', '0987832502', '072589951', 1, '1977-11-21', 4, 12, 114, 1, null, '2019-08-29 20:30:00', 1, '2019-08-29 20:30:00', 1),
(20, 'Angelica Maria', 'Narvaez Figueroa', '1104597768', 'CED', 'lindangel88@hotmail.es', '0993007333', '072102605', 1, '1988-02-21', 4, 12, 114, 1, null, '2019-08-29 20:30:00', 1, '2019-08-29 20:30:00', 1),
(21, 'Francisco Orlando', 'Torres Romero', '0702089806', 'CED', 'escomile@hotmail.com', '0986463816', '2791352', 2, '1966-05-18', 4, 7, 60, 1, null, '2019-08-29 20:30:00', 1, '2019-08-29 20:30:00', 1),
(22, 'Andrea Elizabeth', 'Cruz Sarango', '0704190578', 'CED', 'andreacruzsarango@gmail.com', '0991286503', '2791352', 1, '1985-11-04', 4, 7, 60, 1, null, '2019-08-29 20:30:00', 1, '2019-08-29 20:30:00', 1),
(23, 'Magali Del Rosario ', 'Siavichay Patiño ', '0703056838', 'CED', 'magsiapa@gmail.com', '0979451204', '072936045', 1, '1975-03-21', 4, 7, 60, 1, null, '2019-08-29 20:30:00', 1, '2019-08-29 20:30:00', 1),
(24, 'Luis Fernando ', 'Pintado Ontaneda ', '1104560170', 'CED', 'luis_fernando.1985@hotmail.com', '0939818256', '072713312', 2, '1985-11-25', 4, 12, 114, 1, null, '2019-08-29 20:30:00', 1, '2019-08-29 20:30:00', 1),
(25, 'Karla Lissette', 'Pacheco Zambrano', '0705210151', 'CED', 'k_rlidaneth@hotmail.com', '0968433012', null, 1, '1991-05-01', 4, 10, 78, 1, null, '2019-08-29 20:30:00', 1, '2019-08-29 20:30:00', 1),
(26, 'Lorena Janeth Del Cisne ', 'Ovaco Carrion ', '1102411616', 'CED', 'lovacocarrion@gmail.com', '0982475718', '2577119', 1, '1965-08-10', 4, 12, 114, 1, null, '2019-08-30 18:25:00', 1, '2019-08-30 18:25:00', 1),
(27, 'Aracely Del Pilar', 'Caraguay Gonzalez', '0704145911', 'CED', 'aracelydelpilar@live.com', '0983339717', '2923917', 1, '1981-11-01', 4, 7, 60, 1, null, '2019-08-30 18:25:00', 1, '2019-08-30 18:25:00', 1),
(28, 'Nelson Alfredo', 'Arias Guaycha', '0704975952', 'CED', 'pro_nel_arias444@hotmail.com', '0985300003', '072795850', 2, '1986-08-10', 1, 7, 60, 1, null, '2019-08-30 18:25:00', 1, '2019-08-30 18:25:00', 1),
(29, 'Franco Antonio', 'Loja Japón', '1103298020', 'CED', 'franco-loja1@hotmail.com', '0991574631', '072545817', 2, '1972-04-18', 4, 12, 114, 1, null, '2019-08-30 18:25:00', 1, '2019-08-30 18:25:00', 1),
(30, 'Silvia Maritza', 'Garcia Jaramillo', '0702494873', 'CED', 'silvia_140765@hotmail.com', '0985851470', '2155100', 1, '1965-07-14', 2, 7, 65, 1, null, '2019-08-30 18:25:00', 1, '2019-08-30 18:25:00', 1),
(31, 'Gabriela Patricia', 'Duran Delgado', '0603504697', 'CED', 'gabyduran2108@gmail.com', '0958704407', null, 1, '1984-03-22', 4, 13, 131, 1, null, '2019-08-30 18:25:00', 1, '2019-08-30 18:25:00', 1),
(32, 'Angelica María', 'Montero Mestanza', '1205892589', 'CED', 'angytunegrita_82_120@outlook.es', '0994339154', null, 1, '2019-09-02', 4, 13, 135, 1, null, '2019-08-30 18:25:00', 1, '2019-08-30 18:25:00', 1),
(33, 'Maria Cecilia', 'Saltos Cabrera', '1205358060', 'CED', 'bellag048@gmail.com', '0982282109', null, 1, '1986-04-11', 4, 13, 131, 1, null, '2019-08-30 18:25:00', 1, '2019-08-30 18:25:00', 1),
(34, 'Cecibel Cecilia', 'Cartuche Valarezo', '0704106848', 'CED', 'cecycart-81@hotmail.com', '0959254820', '2943139', 1, '1981-05-13', 4, 7, 65, 1, null, '2019-08-30 18:25:00', 1, '2019-08-30 18:25:00', 1),
(35, 'Luz Carmen', 'Mato Jaramillo', '0705385805', 'CED', 'luzmatojaramillo@gmail.com', '0992589257', '072511265', 1, '1989-08-09', 4, 7, 58, 1, null, '2019-08-30 18:25:00', 1, '2019-08-30 18:25:00', 1),
(36, 'Denise Rinela', 'Gonzalez Guerrero', '0704351998', 'CED', 'denise_gonzalez22@hotmail.com', '0967963822', '2944910', 1, '1983-08-11', 4, 7, 65, 1, null, '2019-08-30 18:25:00', 1, '2019-08-30 18:25:00', 1),
(37, 'José Luis', 'Rodríguez Tenesaca', '0704908995', 'CED', 'profjr8@gmail.com', '0984453369', '072967592', 2, '1986-11-28', 4, 7, 60, 1, null, '2019-08-30 18:25:00', 1, '2019-08-30 18:25:00', 1),
(38, 'Diego Fernando', 'Ramon Guartatanga', '0705482487', 'CED', 'diego_ram89@hotmail.com', '0980388036', '072798098', 2, '1989-09-25', 4, 7, 62, 1, null, '2019-08-30 18:25:00', 1, '2019-08-30 18:25:00', 1),
(39, 'Yuddy Alexandra', 'Cuenca Tinoco', '0703658898', 'CED', 'yucuti@hotmail.com', '0989707753', '072977797', 1, '1981-05-29', 4, 7, 63, 1, null, '2019-08-30 18:25:00', 1, '2019-08-30 18:25:00', 1),
(40, 'Mirian Jessenia ', 'Alcivar Casis ', '1200643151', 'CED', 'jesseniaalcivar@yahoo.es', '0968813509', null, 1, '1978-04-19', 4, 13, 125, 1, null, '2019-08-31 18:25:00', 1, '2019-08-31 18:25:00', 1),
(41, 'Silvio Rolando', 'Gonzalez Enclada', '0704023514', 'CED', 'silviorolando79@gmail.com', '0989505636', '072154112', 2, '1979-09-08', 4, 7, 65, 1, null, '2019-08-31 18:25:00', 1, '2019-08-31 18:25:00', 1),
(42, 'Maritza Janneth', 'Roldán Ramón', '0702798208', 'CED', 'maryjannethr@hotmail.es', '0985152249', '0985152249', 1, '1973-09-25', 4, 7, 62, 1, null, '2019-08-31 18:25:00', 1, '2019-08-31 18:25:00', 1),
(43, 'José Raúl ', 'Cofre Medina', '0702797549', 'CED', 'raulcofremedina@gmail.com', '0999198336', '2962657', 2, '1972-09-01', 4, 7, 60, 1, null, '2019-08-31 18:25:00', 1, '2019-08-31 18:25:00', 1),
(44, 'Jane Maria', 'Fuentes Corrales', '0702689720', 'CED', 'janemarfuentes72@hotmail.com', '0984939636', '072922686', 1, '1972-01-25', 4, 13, 132, 1, null, '2019-08-31 18:25:00', 1, '2019-08-31 18:25:00', 1),
(45, 'Nancy Janeth', 'Requelme Jiron', '0703791392', 'CED', 'nancy_j123@hotmail.com', '0990679342', '072510147', 1, '1978-05-02', 4, 7, 58, 1, null, '2019-08-31 18:25:00', 1, '2019-08-31 18:25:00', 1),
(46, 'Ana Maricela', 'Quispe Neira', '0703426098', 'CED', 'anam.quispe76@hotmail.com', '0986360178', '2932847', 1, '1976-12-05', 4, 7, 60, 1, null, '2019-08-31 18:25:00', 1, '2019-08-31 18:25:00', 1),
(47, 'Edwin Reinaldo', 'Cabrera Torres', '1105071870', 'CED', 'edwin_cabrera_777@hotmail.com', '0986069818', '072695637', 2, '1990-01-06', 4, 12, 115, 1, null, '2019-09-01 22:15:00', 1, '2019-09-01 22:15:00', 1),
(48, 'Jhonny Alberto', 'Avila Silva', '0704120930', 'CED', 'jhonnyblack7381@hotmail.es', '0985705237', '2946005', 2, '1981-03-07', 4, 7, 65, 1, null, '2019-09-01 22:15:00', 1, '2019-09-01 22:15:00', 1),
(49, 'Nataly Patricia', 'López Jimenez', '0704356392', 'CED', 'lsnatalypatricia@hotmail.com', '0990695170', '0990695170', 1, '1984-01-11', 4, 7, 60, 1, null, '2019-09-01 22:15:00', 1, '2019-09-01 22:15:00', 1),
(50, 'Gustavo Gabriel', 'Vaca Suárez', '1002920633', 'CED', 'gabrielvaca@live.com', '0992934310', '0961330570', 2, '1990-02-01', 4, 11, 104, 1, null, '2019-09-02 22:00:00', 1, '2019-09-02 22:00:00', 1),
(51, 'Bryan', 'Juma', '1004254072', 'CED', 'brya-juma.serrano9805@hotmail.com', '0985405218', null, 2, '1998-05-09', 3, 11, 106, 1, null, '2019-09-02 22:00:00', 1, '2019-09-02 22:00:00', 1),
(52, 'Diana Lizbeth', 'Toaquiza Tene', '0704654615', 'CED', 'dilitote@hotmail.com', '0997352913', '072995718', 1, '1983-11-04', 4, 7, 58, 1, null, '2019-09-02 22:00:00', 1, '2019-09-02 22:00:00', 1),
(53, 'Edwin Shtarlin ', 'Carrion Montero', '0703294462', 'CED', 'shtarlincarrion1976@gmail.com', '0939814827', null, 2, '1976-02-05', 4, 7, 60, 1, null, '2019-09-02 22:00:00', 1, '2019-09-02 22:00:00', 1),
(54, 'Yolby Maria', 'Crespo Blacio ', '0704200732', 'CED', 'yolbi.crespoblacio@gmail.com', '0986898962', '2982439', 1, '1980-08-04', 4, 7, 60, 1, null, '2019-09-02 22:00:00', 1, '2019-09-02 22:00:00', 1),
(55, 'Marjorie Alexandra', 'Chunga Preciado', '0702567868', 'CED', 'marjorie.chunga7@hotmail.com', '0979454844', null, 1, '1974-08-01', 4, 7, 60, 1, null, '2019-09-02 22:00:00', 1, '2019-09-02 22:00:00', 1),
(56, 'Juana Isabel', 'Aguilar Caicedo', '0704965649', 'CED', 'juanaaguilar2112@hotmail.com', '0968471024', '000000', 1, '1987-12-21', 4, 7, 58, 1, null, '2019-09-02 22:00:00', 1, '2019-09-02 22:00:00', 1),
(57, 'Eudolina Maria', 'Cardenas Correa', '0702348889', 'CED', 'eudocardenas28@gmail.com', '0981591107', '2080003', 1, '1965-08-02', 4, 7, 60, 1, null, '2019-09-02 22:00:00', 1, '2019-09-02 22:00:00', 1),
(58, 'Jessica Fabiola', 'González Paredes', '0704297548', 'CED', 'jessicafabiolagonzalezparedes@gmail.com', '0985994889', null, 1, '1985-10-29', 4, 7, 60, 1, null, '2019-09-02 22:00:00', 1, '2019-09-02 22:00:00', 1),
(59, 'Johanna  Alexandra', 'Abad Ayavaca', '1103873145', 'CED', 'joisabad.3@gmail.com', '0967882159', '076061807', 1, '1981-02-27', 4, 12, 114, 1, null, '2019-09-02 22:00:00', 1, '2019-09-02 22:00:00', 1),
(60, 'Freddy Fabian', 'Machuca Benites', '0702912973', 'CED', 'jp_donma@hotmail.com', '0984833634', '02999999', 2, '1984-05-29', 4, 7, 60, 1, null, '2019-09-03 22:25:00', 1, '2019-09-03 22:25:00', 1),
(61, 'Lisseth Estefanía', 'Macas Salinas', '0750490674', 'CED', 'lissmacas11@gmail.com', '0959748031', '131081', 1, '1996-10-11', 4, 7, 60, 1, null, '2019-09-03 22:25:00', 1, '2019-09-03 22:25:00', 1),
(62, 'Martha Elena', 'Matamoros Riofrio', '0702007097', 'CED', 'martha196419elena@hotmail.com', '0992607935', null, 1, '1964-10-19', 4, 7, 60, 1, null, '2019-09-03 22:25:00', 1, '2019-09-03 22:25:00', 1),
(63, 'Cecilia Del Carmen', 'Cuenca Cuenca', '0704792084', 'CED', 'cecilia_cuenca04@hotmail.com', '0991290932', null, 1, '1984-07-17', 4, 7, 60, 1, null, '2019-09-03 22:25:00', 1, '2019-09-03 22:25:00', 1),
(64, 'Digna Sarita', 'Bueno Fares', '0702129701', 'CED', 'saribf28@hotmial.com', '0984327176', '6369013', 1, '1966-08-29', 4, 7, 60, 1, null, '2019-09-03 22:25:00', 1, '2019-09-03 22:25:00', 1),
(65, 'Albertina Rosario', 'Macas Cuenca', '0702102823', 'CED', 'rosariomacas@yahoo.com', '0999878337', '072944340', 1, '1966-10-23', 4, 7, 65, 1, null, '2019-09-03 22:25:00', 1, '2019-09-03 22:25:00', 1),
(66, 'Liliana Beatriz ', 'Alava Loor ', '1306862044', 'CED', 'lilibeth2672@hotmail.com', '0961164292', '072944904', 1, '1972-06-26', 4, 7, 60, 1, null, '2019-09-03 22:25:00', 1, '2019-09-03 22:25:00', 1),
(67, 'Cindy Janneth', 'Espinoza Balcázar ', '0706056330', 'CED', 'cindyjanneth91@hotmail.com', '0989727594', null, 1, '1991-10-03', 4, 7, 58, 1, null, '2019-09-03 22:25:00', 1, '2019-09-03 22:25:00', 1),
(68, 'Paul Alejandro', 'Romero  Benitez', '0704910348', 'CED', 'paul_alejandro_86@hotmail.com', '0993661268', '072929978', 2, '1986-08-23', 4, 7, 60, 1, null, '2019-09-03 22:25:00', 1, '2019-09-03 22:25:00', 1),
(69, 'Mae Yovi', 'Acuña Del Castillo', '0702851593', 'CED', 'maeyovi@yahoo.com', '0982019893', null, 1, '1973-05-17', 4, 7, 60, 1, null, '2019-09-03 22:25:00', 1, '2019-09-03 22:25:00', 1),
(70, 'Gisella De Jesús ', 'Verá Coronel ', '0915309140', 'CED', 'giselavera1972@hotmail.com', '0999658447', null, 1, '1972-11-17', 4, 7, 60, 1, null, '2019-09-03 22:25:00', 1, '2019-09-03 22:25:00', 1),
(71, 'Sandra Del Pilar', 'García Gutiérrez', '0704011675', 'CED', 'sandragarciaguti@yahoo.es', '0985139755', '0963095897', 1, '1981-07-05', 4, 7, 60, 1, null, '2019-09-03 22:25:00', 1, '2019-09-03 22:25:00', 1),
(72, 'Lissette Karla', 'Correa Cruz ', '0705361244', 'CED', 'karlita1989com@hotmail.com', '0960954179', '07290980', 1, '1989-04-25', 4, 7, 60, 1, null, '2019-09-03 22:25:00', 1, '2019-09-03 22:25:00', 1),
(73, 'Silvia Del  Carmen', 'Guayllas  Armijos', '1102653423', 'CED', 'sgsilviaka@gmail.com', '0984702908', '2585873', 1, '2019-09-01', 5, 12, 114, 1, null, '2019-09-03 22:25:00', 1, '2019-09-03 22:25:00', 1),
(74, 'Maria Del Cisne', 'Castillo Mancilla', '0704199447', 'CED', 'castillo_maria84@hotmail.com', '0961514673', '072130146', 1, '2019-09-11', 4, 7, 60, 1, null, '2019-09-03 22:25:00', 1, '2019-09-03 22:25:00', 1),
(75, 'Irina Alexandra', 'Gómez Curizaca', '0704373216', 'CED', 'irinagomez5@outlook.es', '0992940307', '072924341', 1, '1984-07-07', 4, 7, 60, 1, null, '2019-09-03 22:25:00', 1, '2019-09-03 22:25:00', 1),
(76, 'Javier Naufredo', 'Suarez Armijos', '0105818264', 'CED', 'javiersuarez55@hotmail.com', '0969904530', '0969904530', 2, '1988-03-29', 4, 7, 62, 1, null, '2019-09-04 18:30:00', 1, '2019-09-04 18:30:00', 1),
(77, 'Leidi Karina ', 'Tocto Torres', '0705827046', 'CED', 'ferandrade.28@hotmail.com', '0985414354', '2508058', 1, '1989-12-28', 4, 7, 62, 1, null, '2019-09-04 18:30:00', 1, '2019-09-04 18:30:00', 1),
(78, 'Nelly Azucena', 'Espinoza Yanez', '0705327617', 'CED', 'nellyespinoza_87@hotmail.com', '0985206467', '072508058', 1, '1987-03-29', 4, 7, 62, 1, null, '2019-09-04 18:30:00', 1, '2019-09-04 18:30:00', 1),
(79, 'Cinthia Tatiana', 'Ordoñez Castro', '1104709454', 'CED', 'cin_taty09@hotmail.com', '0969407607', null, 1, '1988-05-17', 4, 12, 114, 1, null, '2019-09-04 18:30:00', 1, '2019-09-04 18:30:00', 1),
(80, 'Elizabeth Augusta', 'Velepucha Ruiz', '1102042940', 'CED', 'elizabethvelepucha@yahoo.es', '0979190434', '2103987', 1, '1960-05-05', 4, 12, 114, 1, null, '2019-09-04 18:30:00', 1, '2019-09-04 18:30:00', 1),
(81, 'Lata Delgado ', 'Mariuxi Alexandra', '0706256666', 'CED', 'mariuxita-lata@hotmail.com', '0993727965', '2508083', 1, '1991-04-12', 4, 7, 62, 1, null, '2019-09-04 18:30:00', 1, '2019-09-04 18:30:00', 1),
(82, 'Ana Del Rocio', 'Sagal Narvaez', '0704473065', 'CED', 'anysagal170684@gmail.com', '0990860867', '072924457', 1, '1984-06-16', 4, 7, 60, 1, null, '2019-09-04 18:30:00', 1, '2019-09-04 18:30:00', 1),
(83, 'Tania Lissett', 'Illescas Pacheco', '0704951441', 'CED', 'liss_2005_16@hotmail.com', '0988623309', null, 1, '2019-09-17', 4, 7, 60, 1, null, '2019-09-04 18:30:00', 1, '2019-09-04 18:30:00', 1),
(84, 'Marieliza Del Carmen', 'Enriquez Cortez ', '0704439975', 'CED', 'marielizaenriquezcortez@hotmail.com', '0985562883', null, 1, '1983-03-16', 4, 7, 60, 1, null, '2019-09-04 18:30:00', 1, '2019-09-04 18:30:00', 1),
(85, 'Nancy Rocio', 'Reyes Marquez', '0703268417', 'CED', 'nancy_reyes@hotmail.com', '0997336201', '072162250', 1, '1975-04-19', 4, 7, 62, 1, null, '2019-09-04 18:30:00', 1, '2019-09-04 18:30:00', 1),
(86, 'Dorys Andrea ', 'Apolo Montero', '0702555640', 'CED', 'daapolo_montero@hotmail.com', '0998666617', '2980217', 1, '1982-09-03', 4, 7, 60, 1, null, '2019-09-05 22:15:00', 1, '2019-09-05 22:15:00', 1),
(87, 'Maria Magdalena', 'Perez Granda', '1708353733', 'CED', 'mariperezg87@gmail.com', '0960787751', '072117002', 1, '1966-07-23', 1, 24, 213, 1, null, '2019-09-05 22:15:00', 1, '2019-09-05 22:15:00', 1),
(88, 'Douglas Moisés ', 'Ruíz Cárdenas ', '0704705078', 'CED', 'dmrc2010@live.com', '0982906909', '0982906909', 2, '1984-05-01', 4, 7, 60, 1, null, '2019-09-05 22:15:00', 1, '2019-09-05 22:15:00', 1),
(89, 'Grace Yadira', 'Aguilar Solano', '0704526326', 'CED', 'grace_aguilar83@hotmail.com', '0994325737', '072989002', 1, '1983-10-02', 4, 7, 62, 1, null, '2019-09-07 22:37:00', 1, '2019-09-07 22:37:00', 1),
(90, 'Gerson Washington', 'Granda Herrera', '0702598756', 'CED', 'gergranda@gmail.com', '0982086594', '076005358', 2, '1972-01-08', 5, 7, 60, 1, null, '2019-09-07 22:37:00', 1, '2019-09-07 22:37:00', 1),
(91, 'Mariana Rocío ', 'Zhigue Salazar ', '0703984153', 'CED', 'maryzhigue1@gmail.com', '0983313626', '2793884', 1, '1979-11-21', 4, 7, 60, 1, null, '2019-09-07 22:37:00', 1, '2019-09-07 22:37:00', 1),
(92, 'Wilmer Patricio', 'Jaramillo Tobo', '0703445247', 'CED', 'wlmerp@hotmail.es', '0993504461', '2989002', 2, '1977-04-08', 4, 7, 62, 1, null, '2019-09-07 22:37:00', 1, '2019-09-07 22:37:00', 1),
(93, 'Edis Atilio ', 'Robles Granda', '0703605220', 'CED', 'edisarog@gmail.com', '0980607654', '072711048', 1, '1976-08-11', 4, 12, 114, 1, null, '2019-09-08 20:45:00', 1, '2019-09-08 20:45:00', 1),
(94, 'Janneth Elizabeth', 'Correa González', '0702226606', 'CED', 'jaeli.correa@gmail.com', '0982296974', null, 1, '1966-12-19', 5, 7, 65, 1, null, '2019-09-08 20:45:00', 1, '2019-09-08 20:45:00', 1),
(95, 'Catalina Ivonne ', 'Rivadeneira Peñaherrera ', '2000027371', 'CED', 'tia_catty@yahoo.com', '0984202321', null, 1, '1971-10-27', 4, 9, 76, 1, null, '2019-09-08 20:45:00', 1, '2019-09-08 20:45:00', 1),
(96, 'Rosa María ', 'Reyes Pesantez ', '0705446854', 'CED', 'rous_nena20@hotmail.com', '0992245014', '0992245014', 1, '1990-02-10', 4, 7, 65, 1, null, '2019-09-08 20:45:00', 1, '2019-09-08 20:45:00', 1),
(97, 'Paola Alexandra', 'Castro Armijo', '0950423947', 'CED', 'paolacastroar@gmail.com', '0990804361', '2175910', 1, '1989-07-11', 3, 10, 87, 1, null, '2019-09-08 20:45:00', 1, '2019-09-08 20:45:00', 1),
(98, 'Angela Del Pilar', 'Santisteban Murillo', '1202460018', 'CED', 'monita_pilarsant@hotmail.com', '0989872756', '042632276', 1, '1978-08-19', 4, 10, 87, 1, null, '2019-09-08 20:45:00', 1, '2019-09-08 20:45:00', 1),
(99, 'Lourdes Mireya ', 'Aguaisa Caimiñagua', '2000052213', 'CED', 'lomireya_1979@yahoo.es', '0983365546', '052532014', 1, '1979-01-14', 4, 9, 76, 1, null, '2019-09-08 20:45:00', 1, '2019-09-08 20:45:00', 1),
(100, 'Efigenia Delrocío', 'Altamirano Morales', '0603862582', 'CED', 'rossy-a@hotmail.es', '0990491035', '05532206', 1, '2019-12-10', 4, 9, 76, 1, null, '2019-09-08 20:45:00', 1, '2019-09-08 20:45:00', 1),
(101, 'Merci Rosio', 'Gaona Imaicela', '2000052130', 'CED', 'Merygaona_2000@hotmail.es', '0996382719', '052532056', 1, '1981-01-27', 4, 9, 76, 1, null, '2019-09-08 20:45:00', 1, '2019-09-08 20:45:00', 1),
(102, 'Hilda Sonia', 'Calderón Chele', '1307793776', 'CED', 'misonia1973@gmail.com', '0988267436', '052526824', 1, '1973-04-03', 4, 9, 76, 1, null, '2019-09-08 20:45:00', 1, '2019-09-08 20:45:00', 1),
(103, 'María Fernanda', 'Solorzano Rubio ', '2000066486', 'CED', 'fersolgal@hotmail.com', '0979549024', '053013378', 1, '1985-05-10', 4, 9, 76, 1, null, '2019-09-08 20:45:00', 1, '2019-09-08 20:45:00', 1),
(104, 'Glenda Monserrate', 'Vera Mero', '2000088357', 'CED', 'glenda_vm88@hotmail.com', '0997431756', '052532186', 1, '1988-02-17', 4, 9, 76, 1, null, '2019-09-08 20:45:00', 1, '2019-09-08 20:45:00', 1),
(105, 'Maria Celeste', 'Cajape', '0923622583', 'CED', 'mrycelst_2483@hotmail.com', '0982067504', null, 1, '1983-12-24', 4, 9, 76, 1, null, '2019-09-08 20:45:00', 1, '2019-09-08 20:45:00', 1),
(106, 'Jorge David ', 'Zavala Robalino', '2000097432', 'CED', 'jordaza29@hotmail.com', '0996312009', '052524049', 1, '1992-02-29', 1, 9, 76, 1, null, '2019-09-08 20:45:00', 1, '2019-09-08 20:45:00', 1),
(107, 'Zobeida Esmeralda', 'Muñoz Pinyui', '0917055048', 'CED', 'zobeida009glp@outlook.es', '0991599962', '052526678', 1, '1976-02-11', 4, 9, 76, 1, null, '2019-09-08 20:45:00', 1, '2019-09-08 20:45:00', 1),
(108, 'Zoila Mercedes ', 'Jerez Guaman ', '2000071270', 'CED', 'zmercyjerez@gmail.com', '0986706456', '052524497', 1, '1983-04-03', 4, 9, 76, 1, null, '2019-09-08 20:45:00', 1, '2019-09-08 20:45:00', 1),
(109, 'Liliana Patricia', 'Lanche Cabrera', '1105048597', 'CED', 'lila_la_9@hotmail.com', '0958763549', null, 1, '1991-08-11', 4, 9, 76, 1, null, '2019-09-08 20:45:00', 1, '2019-09-08 20:45:00', 1),
(110, 'Edin Aureliano', 'Gaona Imaicela', '1104548720', 'CED', 'egaona_@hotmail.com', '0958763549', null, 2, '1985-08-01', 4, 9, 76, 1, null, '2019-09-08 20:45:00', 1, '2019-09-08 20:45:00', 1),
(111, 'Deicy Carmen', 'Chamba Herrera', '0704283332', 'CED', 'deycar_2856@hotmail.com', '0991695986', '072978264', 1, '1981-06-19', 4, 7, 63, 1, null, '2019-09-08 20:45:00', 1, '2019-09-08 20:45:00', 1),
(112, 'Nelly Isabel', 'Morales Cevallos', '1308617297', 'CED', 'nellymor@hotmail.es', '0992297096', null, 1, '1976-09-14', 4, 14, 152, 1, null, '2019-09-09 22:35:00', 1, '2019-09-09 22:35:00', 1),
(113, 'Paul Antonio', 'Burbano Rivas', '0923619399', 'CED', 'pburbanorivas@hotmail.com', '0992379479', null, 2, '1986-01-25', 4, 13, 131, 1, null, '2019-09-09 22:35:00', 1, '2019-09-09 22:35:00', 1),
(114, 'Martha Verónica ', 'Arechua Suárez ', '1203859663', 'CED', 'veronica_arechua@hotmail.com', '0994245036', '052763774', 1, '1976-05-07', 4, 10, 84, 1, null, '2019-09-10 18:50:00', 1, '2019-09-10 18:50:00', 1),
(115, 'Dolores Irlanda', 'Jacome Coboa', '0102465457', 'CED', 'irlanda_166@hotmail.com', '0939304327', '2200079', 1, '1966-04-01', 4, 12, 121, 1, null, '2019-09-10 18:50:00', 1, '2019-09-10 18:50:00', 1),
(116, 'Grecia Magali', 'Correa Troya', '2000054391', 'CED', 'grecia0814@hotmail.com.ar', '0985758909', '2524545', 1, '1980-08-14', 4, 9, 76, 1, null, '2019-09-11 18:15:00', 1, '2019-09-11 18:15:00', 1),
(117, 'Patricio Arcangel', 'Palma Escala', '0907938427', 'CED', 'patripalma62@gmail.com', '0984383971', null, 2, '1962-03-17', 4, 10, 87, 1, null, '2019-09-14 17:00:00', 1, '2019-09-14 17:00:00', 1),
(118, 'Marcos Gustavo', 'Valdivieso Infante', '0909515314', 'CED', 'gvaldi@hotmail.es', '0988892211', '042388065', 2, '1969-01-10', 4, 10, 87, 1, null, '2019-09-14 17:00:00', 1, '2019-09-14 17:00:00', 1),
(119, 'Norma Raquel', 'Aguirre Loaiza', '0918161894', 'CED', 'aguirrenraquel@hotmail.com', '0962734182', null, 1, '1977-02-10', 4, 10, 87, 1, null, '2019-09-14 17:00:00', 1, '2019-09-14 17:00:00', 1),
(120, 'Eleana Shirley', 'Castro Mendieta', '0917493744', 'CED', 'lanashi2001@gmail.com', '0983038788', null, 1, '1978-10-06', 4, 10, 87, 1, null, '2019-09-14 17:00:00', 1, '2019-09-14 17:00:00', 1),
(121, 'Susana Del Cisne', 'Acaro Cevallos', '1104395569', 'CED', 'sucis1622@gmail.com', '0969918000', '2108032', 1, '1985-07-16', 5, 12, 114, 1, null, '2019-09-14 17:00:00', 1, '2019-09-14 17:00:00', 1),
(122, 'Karina Elizabeth', 'Alejandro Solis', '0919451237', 'CED', 'keas1982@hotmail.com', '0993027515', null, 1, '1982-03-02', 4, 10, 87, 1, null, '2019-09-14 17:00:00', 1, '2019-09-14 17:00:00', 1),
(123, 'Mirna Jeannet', 'Lindao Alejandro', '0918158742', 'CED', 'mirnalindao78@gmail.com', '0980737252', null, 1, '1978-04-10', 4, 10, 87, 1, null, '2019-09-14 17:00:00', 1, '2019-09-14 17:00:00', 1),
(124, 'Rosa Amelia', 'Guerra Guzman', '0918261231', 'CED', 'rosamelia.rg@gmail.com', '098079633', null, 1, '1980-02-29', 4, 10, 87, 1, null, '2019-09-14 17:00:00', 1, '2019-09-14 17:00:00', 1),
(125, 'Clara Paulina', 'Freire Arrata', '0915498505', 'CED', 'paulina-27@hotmail.com', '0999257766', null, 1, '1975-12-19', 4, 10, 87, 1, null, '2019-09-14 17:00:00', 1, '2019-09-14 17:00:00', 1),
(126, 'Ruth Beatriz ', 'Gordillo Sanchez', '1103535777', 'CED', 'bachigor@hotmail.com', '0987881488', null, 1, '1976-11-01', 4, 12, 114, 1, null, '2019-09-14 17:00:00', 1, '2019-09-14 17:00:00', 1),
(127, 'Adriana Marisela', 'Santana Murillo', '1207233345', 'CED', 'adri-sant06@hotmail.com', '0996899939', null, 1, '1993-01-18', 4, 10, 87, 1, null, '2019-09-14 17:00:00', 1, '2019-09-14 17:00:00', 1),
(128, 'Marina Del Rocio', 'Sandoval Maridueña', '0906336466', 'CED', 'marinasandoval@hotmail.com', '0999490817', null, 1, '1959-12-26', 4, 10, 87, 1, null, '2019-09-14 17:00:00', 1, '2019-09-14 17:00:00', 1),
(129, 'Mishell', 'Fonseca Lecaro', '0924381197', 'CED', 'mishellfonseca93@gmail.com', '0988708183', null, 1, '1993-08-05', 4, 10, 87, 1, null, '2019-09-14 17:00:00', 1, '2019-09-14 17:00:00', 1),
(130, 'Jesús Abraham', 'Pachay Cedillo', '1312845116', 'CED', 'abrahampa1995@gmail.com', '0982356937', null, 2, '1995-03-19', 4, 19, 189, 1, null, '2019-09-15 13:49:00', 1, '2019-09-15 13:49:00', 1),
(131, 'Roberto Carlos', 'Llerena Caizaluisa', '1713026985', 'CED', 'llerena1981@hotmail.com', '0992538782', '023122214', 2, '1981-06-29', 4, 19, 189, 1, null, '2019-09-16 16:14:00', 1, '2019-09-16 16:14:00', 1),
(132, 'Aracely Magaly', 'Zavala Miranda', '1315287084', 'CED', 'aracelyzavala70@hotmail.com', '0985813020', null, 1, '1991-08-13', 3, 10, 87, 1, null, '2019-09-17 20:55:00', 1, '2019-09-17 20:55:00', 1),
(133, 'Lennin Stalin', 'Orrala Godoy', '0912294048', 'CED', 'leninorrala10@gmail.com', '0979477293', '045024032', 2, '1969-07-26', 4, 10, 87, 1, null, '2019-09-17 20:55:00', 1, '2019-09-17 20:55:00', 1),
(134, 'Maria Fernanda', 'Viera Arreaga', '0923658074', 'CED', 'mviera91@hotmail.com', '0968898925', '045103414', 1, '1991-03-05', 4, 10, 87, 1, null, '2019-09-17 20:55:00', 1, '2019-09-17 20:55:00', 1),
(135, 'Enrique', 'Altamirano', '1712085891', 'CED', 'info@kikealtamirano.com', '0999474276', '0999474276', 2, '1981-10-21', 5, 19, 189, 1, null, '2019-09-18 18:05:00', 1, '2019-09-18 18:05:00', 1),
(136, 'Walter German', 'Criollo Portilla', '0914625983', 'CED', 'walterjeffry2014@gmail.com', '0998080082', '046005009', 2, '1971-11-01', 4, 10, 87, 1, null, '2019-09-18 18:05:00', 1, '2019-09-18 18:05:00', 1),
(137, 'Liliana Magaly', 'Solano Olmedo', '0703933077', 'CED', 'mag_sol@hotmail.es', '0989807178', '2995638', 1, '1981-11-29', 4, 7, 58, 1, null, '2019-09-18 18:05:00', 1, '2019-09-18 18:05:00', 1),
(138, 'Andrés', 'Gonzabay', '0924928559', 'CED', 'andres_jgd@hotmail.com', '0996084439', '0996084439', 2, '1986-11-18', 5, 10, 87, 1, null, '2019-09-20 17:47:00', 1, '2019-09-20 17:47:00', 1),
(139, 'Luis Fabián ', 'Chumo Veliz ', '0919750232', 'CED', 'lf.chve@gmail.com', '0978636689', null, 2, '1984-07-27', 3, 10, 87, 1, null, '2019-09-20 17:47:00', 1, '2019-09-20 17:47:00', 1),
(140, 'Alexandra Isabel', 'Contento Chamba', '1103093942', 'CED', 'c-ha-na@hotmail.com', '0960886218', null, 1, '1977-08-15', 4, 12, 115, 1, null, '2019-09-20 17:47:00', 1, '2019-09-20 17:47:00', 1),
(141, 'Talia De Jesus ', 'Valdiviezo Cevallos', '1102677455', 'CED', 'amog19622014@gmail.com', '0984734830', '2613576', 1, '1968-12-25', 4, 12, 114, 1, null, '2019-09-21 13:00:00', 1, '2019-09-21 13:00:00', 1),
(142, 'Angel Modesto', 'Ordoñez Gonzalez', '1102070644', 'CED', 'amog1962@hotmail.com', '0986245611', '2613576', 2, '1962-08-20', 5, 12, 114, 1, null, '2019-09-21 13:00:00', 1, '2019-09-21 13:00:00', 1),
(143, 'Lizbeth', 'Castro', '0923567887', 'CED', 'lizbethcastro102504@gmail.com', '0969062282', '042785247', 1, '1986-03-04', 4, 20, 192, 1, null, '2019-09-21 13:00:00', 1, '2019-09-21 13:00:00', 1),
(144, 'Jhanndry Francisco', 'Guevara Guevara', '1900487156', 'CED', 'jhafra90@gmail.com', '0990602425', '072308141', 2, '1990-10-08', 4, 12, 114, 1, null, '2019-09-21 13:00:00', 1, '2019-09-21 13:00:00', 1),
(145, 'John Fernando', 'Granados Romero', '1204249625', 'CED', 'jgranados23@gmail.com', '0981491787', '0981491787', 2, '1979-03-23', 5, 10, 87, 1, null, '2019-09-22 14:58:00', 1, '2019-09-22 14:58:00', 1),
(146, 'Erika Geanella', 'Duma Gallegos', '0705846228', 'CED', 'erika_duma@hotmail.com', '0997381543', null, 1, '1989-12-23', 4, 7, 60, 1, null, '2019-09-22 14:58:00', 1, '2019-09-22 14:58:00', 1),
(147, 'Diana Gabriela', 'Navarrete Nacipucha', '0923122485', 'CED', 'dianynavarrete@gmail.com', '0986334930', '2890428', 1, '1989-07-11', 4, 10, 87, 1, null, '2019-09-23 18:56:00', 1, '2019-09-23 18:56:00', 1),
(148, 'Jennifer Paola', 'Bonilla Hermenegildo', '0923744686', 'CED', 'jenny_boni83@hotmail.com', '0961062437', '6005813', 1, '1983-04-30', 4, 10, 87, 1, null, '2019-09-23 18:56:00', 1, '2019-09-23 18:56:00', 1),
(149, 'Vicenta Marisol', 'Zamora Veloz', '0910155191', 'CED', 'marisolzamora-03@hotmail.com', '0988459284', '042470773', 1, '1963-03-26', 4, 10, 87, 1, null, '2019-09-24 21:23:00', 1, '2019-09-24 21:23:00', 1),
(150, 'Laurita  Beatriz', 'Almeida Espinoza', '1205184334', 'CED', 'lauritazj@hotmail.com', '0988888078', null, 1, '1981-06-09', 4, 13, 135, 1, null, '2019-09-24 21:23:00', 1, '2019-09-24 21:23:00', 1),
(151, 'María Tatiana ', 'Vega Atocha', '0705065860', 'CED', 'taty_1986_02@hotmail.es', '0968045194', '510366', 1, '1986-05-02', 4, 7, 58, 1, null, '2019-09-24 21:23:00', 1, '2019-09-24 21:23:00', 1),
(152, 'Jessenia Cecibel', 'Ortiz Santos', '0703356105', 'CED', 'yessi6908@gmail.com', '0992502231', '2345263', 1, '2019-02-22', 4, 19, 189, 1, null, '2019-09-24 21:23:00', 1, '2019-09-24 21:23:00', 1),
(153, 'Dunia Elizabeth ', 'Loayza Loayza ', '0703411801', 'CED', 'due-jos38@hotmail.com', '0939312152', '072976731', 1, '1987-04-20', 4, 7, 63, 1, null, '2019-09-24 21:23:00', 1, '2019-09-24 21:23:00', 1),
(154, 'Alex Javier', 'Perez Arica', '0704824010', 'CED', 'alex-vip-89@hotmail.com', '0986421042', '2982400', 2, '1989-10-31', 4, 7, 60, 1, null, '2019-09-24 21:23:00', 1, '2019-09-24 21:23:00', 1),
(155, 'Maritza Jaqueline', 'Bustos Henríquez', '0704972827', 'CED', 'jaccar_8612@hotmail.com', '0994557585', '072924309', 1, '1986-06-24', 4, 7, 60, 1, null, '2019-09-24 21:23:00', 1, '2019-09-24 21:23:00', 1),
(156, 'Jenny Maria', 'Feijoo Valarezo', '0704507854', 'CED', 'jennyfeijoo1986@hotmail.com', '0959752697', null, 1, '1981-10-10', 4, 7, 60, 1, null, '2019-09-24 21:23:00', 1, '2019-09-24 21:23:00', 1),
(157, 'Rosa Elizabeth', 'Bacilio Zambrano', '0704296011', 'CED', 'bellatita@hotmail.com', '0967178668', '072924348', 1, '1984-08-30', 4, 7, 60, 1, null, '2019-09-24 21:23:00', 1, '2019-09-24 21:23:00', 1),
(158, 'Luz Germania ', 'Calderon Cordova', '0703743526', 'CED', 'calgema@hotmail.com', '0990196169', null, 1, '1979-05-02', 4, 7, 57, 1, null, '2019-09-24 21:23:00', 1, '2019-09-24 21:23:00', 1),
(159, 'Brenda Solange', 'Zumba Vásquez', '0705333870', 'CED', 'bren-zu@hotmail.com', '0979384170', '072952904', 1, '1990-01-27', 4, 7, 57, 1, null, '2019-09-24 21:23:00', 1, '2019-09-24 21:23:00', 1),
(160, 'Eudosia Ximena ', 'Silva Ramos ', '0705199669', 'CED', 'xime.silvar_2010@hotmail.com', '0980465047', null, 1, '1988-11-01', 4, 7, 65, 1, null, '2019-09-24 21:23:00', 1, '2019-09-24 21:23:00', 1),
(161, 'Marcia Dolores', 'Nagua Sandoval', '0703101345', 'CED', 'marcianagua02@hotmail.com', '0994784483', '072795311', 1, '1974-05-02', 4, 7, 60, 1, null, '2019-09-24 21:23:00', 1, '2019-09-24 21:23:00', 1),
(162, 'Diana Janeth', 'Aguiar Verdezoto', '1205912783', 'CED', 'djav_100@hotmail.com', '0993542800', '032644005', 1, '1985-10-10', 4, 2, 16, 1, null, '2019-09-24 21:23:00', 1, '2019-09-24 21:23:00', 1),
(163, 'Andrés Patricio', 'Sarango Salvay', '1104387525', 'CED', 'andressarango00@hotmail.com', '0991428675', '072110650', 2, '1984-09-23', 4, 12, 114, 1, null, '2019-09-24 21:23:00', 1, '2019-09-24 21:23:00', 1),
(164, 'Viviana Del Rosio', 'Santander Angel', '0704643395', 'CED', 'vivi_santander417@hotmail.com', '0997137602', null, 1, '1982-11-04', 4, 7, 57, 1, null, '2019-09-24 21:23:00', 1, '2019-09-24 21:23:00', 1),
(165, 'Mercy Karina', 'Macas Calle', '0704264183', 'CED', 'mckar@hotmail.com', '0997898903', null, 1, '1984-06-30', 1, 7, 58, 1, null, '2019-09-24 21:23:00', 1, '2019-09-24 21:23:00', 1),
(166, 'Viviana Del Rosio ', 'Santander Angel', '0704643295', 'CED', 'vivi_santander417@hotmail.com', '0997137602', null, 1, '1982-11-04', 4, 7, 57, 1, null, '2019-09-24 21:23:00', 1, '2019-09-24 21:23:00', 1),
(167, 'Arturo ', 'Alejandro', '0925802530', 'CED', 'arturop@outlook.com', '0984445144', null, 2, '1989-10-25', 4, 19, 189, 1, null, '2019-09-24 21:23:00', 1, '2019-09-24 21:23:00', 1),
(168, 'Diamali Maricela ', 'Villavicencio Castillo ', '1104282916', 'CED', 'flaquita198918@hotmail.com', '0988092991', '0988092991', 1, '1989-12-18', 4, 12, 114, 1, null, '2019-09-24 21:23:00', 1, '2019-09-24 21:23:00', 1),
(169, 'Carmen Paola ', 'Castillo Vega ', '1104932478', 'CED', 'paocastillo91@hotmail.com', '0988254569', '2588808', 1, '1991-07-20', 4, 12, 114, 1, null, '2019-09-24 21:23:00', 1, '2019-09-24 21:23:00', 1),
(170, 'Anyeline Natalia', 'Gonzalez Segarra', '0703853820', 'CED', 'anyelinegs@hotmail.com', '0983120478', null, 1, '1979-12-22', 4, 7, 60, 1, null, '2019-09-24 21:23:00', 1, '2019-09-24 21:23:00', 1),
(171, 'Liliana Del Cisne', 'Cumbicus Acaro', '1104243157', 'CED', 'lilitacisne@hotmail.com', '0986229923', '072560266', 1, '2019-09-30', 4, 12, 114, 1, null, '2019-09-24 21:23:00', 1, '2019-09-24 21:23:00', 1),
(172, 'Rosa Alexandra ', 'Malla Carpio ', '0706317567', 'CED', 'roxa_girl3@hotmail.com', '0987749301', null, 1, '1992-01-12', 4, 7, 62, 1, null, '2019-09-24 21:23:00', 1, '2019-09-24 21:23:00', 1),
(173, 'Wilmer Geovanny', 'Quinde Castillo', '0703278200', 'CED', 'quincham25@hotmai.com', '0969835771', '2982500', 2, '1977-08-11', 4, 7, 60, 1, null, '2019-09-24 21:23:00', 1, '2019-09-24 21:23:00', 1),
(174, 'Maria Cecilia', 'Chamaidan Romero', '0703774034', 'CED', 'marceci1919@gmail.com', '0969432514', '2982500', 1, '1979-11-14', 4, 7, 60, 1, null, '2019-09-24 21:23:00', 1, '2019-09-24 21:23:00', 1),
(175, 'Ana Bertha ', 'Paz Ocampos ', '1900149376', 'CED', 'anaberthapaz@gmail.com', '0967076589', '580207', 1, '1958-03-19', 4, 12, 114, 1, null, '2019-09-24 21:23:00', 1, '2019-09-24 21:23:00', 1),
(176, 'Jhenny Elizabeth', 'Jaramillo Castillo', '1103641104', 'CED', 'jheliza2010@hotmail.es', '0986965664', '072587926', 1, '1979-10-01', 4, 12, 114, 1, null, '2019-09-24 21:23:00', 1, '2019-09-24 21:23:00', 1),
(177, 'Maryuri Elizabeth', 'Román  Sarango', '0704977784', 'CED', 'maryuri_roman@hotmail.com', '0985159702', '076003502', 1, '1987-01-03', 4, 7, 60, 1, null, '2019-09-24 21:23:00', 1, '2019-09-24 21:23:00', 1),
(178, 'Jorge Alberto', 'Guaranda Romero', '0703163790', 'CED', 'jorge.guaranda.romero@hotmail.com', '0980914967', null, 2, '1975-10-25', 4, 7, 60, 1, null, '2019-09-24 21:23:00', 1, '2019-09-24 21:23:00', 1),
(179, 'Cruz Enita', 'Salmerón Delgado', '0914856844', 'CED', 'enitasalmequilibrio@gmail.com', '0959912593', '052773504', 1, '1971-05-03', 4, 13, 131, 1, null, '2019-09-24 21:23:00', 1, '2019-09-24 21:23:00', 1),
(180, 'Mary Adelina', 'Aspiazu Moran', '1202845960', 'CED', 'maryadelina_191971@outlook.com', '0993268148', null, 1, '1971-04-19', 4, 13, 131, 1, null, '2019-09-24 21:23:00', 1, '2019-09-24 21:23:00', 1),
(181, 'Carlos Alberto', 'Plua Panta', '1200635678', 'CED', 'carlos.plua@hotmail.com', '0990625544', '052775607', 2, '1976-04-29', 4, 13, 131, 1, null, '2019-09-24 21:23:00', 1, '2019-09-24 21:23:00', 1),
(182, 'Glenda Casilda', 'Naranjo Hidalgo', '1103033609', 'CED', 'glencasil@yahoo.com', '0998231439', null, 2, '1973-08-02', 4, 12, 114, 1, null, '2019-09-24 21:23:00', 1, '2019-09-24 21:23:00', 1),
(183, 'Narcisa Beatriz ', 'Azuero Azuero', '1104322449', 'CED', 'nachita_fresa@yahoo.es', '0994245006', null, 1, '1983-08-14', 4, 12, 114, 1, null, '2019-09-24 21:23:00', 1, '2019-09-24 21:23:00', 1),
(184, 'Servilio Meliton', 'Castillo Gordillo', '1104405376', 'CED', 'servilio31@gmail.com', '0991128892', '2110383', 2, '1989-05-31', 4, 12, 114, 1, null, '2019-09-24 21:23:00', 1, '2019-09-24 21:23:00', 1),
(185, 'Maria Lorena', 'Macas Flores', '1103659536', 'CED', 'ma_lore1108@hotmail.com', '0959723986', '072555332', 1, '1980-08-11', 4, 12, 109, 1, null, '2019-09-24 21:23:00', 1, '2019-09-24 21:23:00', 1),
(186, 'Kenya Jazmany', 'Tinoco González', '0704145234', 'CED', 'biokenya@hotmail.com', '0985290650', '2937044', 1, '1982-04-26', 4, 7, 60, 1, null, '2019-09-24 21:23:00', 1, '2019-09-24 21:23:00', 1),
(187, 'Nuvia Edith', 'Salinas Merino', '1103313829', 'CED', 'nuviasalinas@hotmail.com', '0959992272', '072677271', 1, '1974-08-15', 4, 12, 109, 1, null, '2019-09-24 21:23:00', 1, '2019-09-24 21:23:00', 1),
(188, 'Veronica Alexandra', 'Jaramillo Galarza', '0703106484', 'CED', 'vero.alexis@hotmail.es', '0985394834', '072922818', 1, '1975-11-10', 4, 7, 60, 1, null, '2019-09-24 21:23:00', 1, '2019-09-24 21:23:00', 1),
(189, 'Manuel De Jesús', 'Black Ocampo', '0701806135', 'CED', 'm.j.blackocampo@hotmail.com', '0984941390', null, 2, '1963-11-14', 4, 7, 62, 1, null, '2019-09-24 21:23:00', 1, '2019-09-24 21:23:00', 1),
(190, 'Amparito Del Rocío', 'Sarango Sarango', '1103287155', 'CED', 'amparitosarango@hotmail.com', '0988329664', '2560984', 1, '1974-04-25', 4, 12, 114, 1, null, '2019-09-24 21:23:00', 1, '2019-09-24 21:23:00', 1),
(191, 'Juan  Carlos ', 'Guaillas  García ', '1104487796', 'CED', 'www.jclicen@gmail.com', '0969390155', null, 2, '1987-04-24', 4, 12, 114, 1, null, '2019-09-24 21:23:00', 1, '2019-09-24 21:23:00', 1),
(192, 'Víctor Alexander', 'Cajilima Vega', '1104079742', 'CED', 'alex_13748@yahoo.es', '0995696413', '072110503', 2, '1984-06-29', 4, 12, 114, 1, null, '2019-09-24 21:23:00', 1, '2019-09-24 21:23:00', 1),
(193, 'Luis Demetrio', 'Aguilar Roman', '0703215400', 'CED', 'Ldaguilaroman@hotmail.com', '0967357223', '073084832', 2, '1974-12-27', 4, 7, 63, 1, null, '2019-09-24 21:23:00', 1, '2019-09-24 21:23:00', 1),
(194, 'Gabriela Del Carmen ', 'Benites Sigcho', '0705109270', 'CED', 'gabydamita@hotmail.com', '0994133470', '072168037', 1, '1987-06-13', 5, 7, 60, 1, null, '2019-09-24 21:23:00', 1, '2019-09-24 21:23:00', 1),
(195, 'Juan Pablo', 'Castillo Roa', '1104681208', 'CED', 'j.pcro1@hotmail.com', '0997113972', '588499', 2, '1990-11-26', 4, 12, 114, 1, null, '2019-09-24 21:23:00', 1, '2019-09-24 21:23:00', 1),
(196, 'Darwin Enrique', 'Fajardo Toro', '0703618561', 'CED', 'darfa_mat@hotmail.com', '0990128099', null, 2, '1978-07-13', 4, 7, 65, 1, null, '2019-09-25 21:19:00', 1, '2019-09-25 21:19:00', 1),
(197, 'Rosa Elizabeth', 'Sarango Sarango', '1104051576', 'CED', 'elisarango2009@yahoo.es', '0994112904', '2560984', 1, '1979-12-17', 4, 12, 114, 1, null, '2019-09-25 21:19:00', 1, '2019-09-25 21:19:00', 1),
(198, 'Lisbeth Gabriela', 'Rojas Lopez', '1723407951', 'CED', 'lisbeth2015@hotmail.com', '0996620093', null, 1, '1989-08-25', 4, 19, 189, 1, null, '2019-09-25 21:19:00', 1, '2019-09-25 21:19:00', 1),
(199, 'Adolfo', 'Serrano', '0702060922', 'CED', 'adolfoserrano@hotmail.com', '0995580125', '0995580125', 2, '1981-08-31', 4, 7, 60, 1, null, '2019-09-25 21:19:00', 1, '2019-09-25 21:19:00', 1),
(200, 'Erika Paola', 'Almeida Briones ', '0919091454', 'CED', 'erikaalmeidabriones@gmail.com', '0986942193', '0997452841', 1, '2019-08-05', 1, 10, 87, 1, null, '2019-09-25 21:19:00', 1, '2019-09-25 21:19:00', 1),
(201, 'Monica Alexandra', 'Aguilar Caicedo', '0705806099', 'CED', 'aguilarmonica1989@gmail.com', '0993272146', '0993272146', 1, '1989-10-12', 4, 7, 60, 1, null, '2019-09-25 21:19:00', 1, '2019-09-25 21:19:00', 1),
(202, 'Alba De Las Mercedes', 'Leon Villon', '0702914409', 'CED', 'sada_gl@hotmail.com', '0998636610', null, 1, '1973-12-25', 4, 7, 60, 1, null, '2019-09-25 21:19:00', 1, '2019-09-25 21:19:00', 1),
(203, 'Ángel Aparicio', 'Lindao Yagual', '0909723447', 'CED', 'angel_lindao6881@hotmail.com', '0990939336', '042764307', 2, '1968-08-27', 4, 10, 96, 1, null, '2019-09-27 20:25:00', 1, '2019-09-27 20:25:00', 1),
(204, 'Luis Santiago', 'Cruz Alejandro', '0922252879', 'CED', 'santiagocruz23@hotmail.com', '0981561453', '042764307', 2, '1982-10-23', 4, 10, 96, 1, null, '2019-09-27 20:25:00', 1, '2019-09-27 20:25:00', 1),
(205, 'Rocío Del Carmen', 'Rodríguez Rueda ', '1102735659', 'CED', 'rocio-rodriguez1970@hotmail.com', '0994374417', '0994374417', 1, '1970-06-05', 1, 12, 114, 1, null, '2019-09-28 19:20:00', 1, '2019-09-28 19:20:00', 1),
(206, 'Natalhy Lisbeth', 'Merchán Ponce', '1314054055', 'CED', 'natalhymerchan@gmail.com', '0993123892', null, 1, '1993-09-14', 4, 14, 149, 1, null, '2019-09-29 19:43:00', 1, '2019-09-29 19:43:00', 1),
(207, 'Hernan Fernando', 'Velasco Gomez', '0705094910', 'CED', 'fervego.1990@gmail.com', '0998444874', null, 2, '1990-03-01', 4, 7, 60, 1, null, '2019-09-30 10:08:00', 1, '2019-09-30 10:08:00', 1),
(208, 'Byron Eduardo ', 'Yagual Alejandro ', '0918296286', 'CED', 'edu_7900@hotmail.com', '0988571784', null, 2, '1981-10-29', 4, 10, 96, 1, null, '2019-09-30 10:08:00', 1, '2019-09-30 10:08:00', 1),
(209, 'Alvaro Francisco', 'Del Rosario Guiracocha', '0915178552', 'CED', 'alvaro3125@gmail.com', '0939334790', '0939334790', 2, '1976-05-31', 4, 10, 87, 1, null, '2019-09-30 19:08:00', 1, '2019-09-30 19:08:00', 1),
(210, 'Betty Alexandra', 'Nagua Sandoval', '0704918556', 'CED', 'alexandranagua@hotmail.es', '0979980246', null, 1, '1985-02-25', 4, 7, 62, 1, null, '2019-09-30 19:23:00', 1, '2019-09-30 19:23:00', 1),
(211, 'Wilson Daniel', 'Sánchez Santos', '0909058729', 'CED', 'wilsanchezsantos@outlook.com', '0969678157', '043185143', 2, '1976-04-19', 4, 10, 96, 1, '20', '2019-10-01 17:39:00', 1, '2019-10-01 17:39:00', 1),
(212, 'Jessenia Rosana', 'Sánchez Gallo', '0920685658', 'CED', 'jesseniasanchez484@hotmail.com', '0968143017', '2761624', 1, '1983-03-05', 4, 10, 96, 1, '20', '2019-10-02 10:18:00', 1, '2019-10-02 10:18:00', 1),
(213, 'Janet Marycela', 'Rodríguez Benavides', '0919457127', 'CED', 'jamary_09@hotmail.com', '0999129338', '043855867', 1, '1983-07-09', 4, 10, 87, 1, '21', '2019-10-03 9:10:00', 1, '2019-10-03 9:10:00', 1),
(214, 'Grecia Magali', 'Correa Troya', '2000054391', 'CED', 'greecia0814@hotmail.com.ar', '0985758909', '052524545', 1, '1980-08-14', 4, 9, 76, 1, '21', '2019-10-03 10:59:00', 1, '2019-10-03 10:59:00', 1),
(215, 'Jessica Karina', 'León García', '0914844832', 'CED', 'jessilega@live.com', '0958872524', '42229815', 1, '1973-05-25', 4, 10, 87, 1, '57', '2019-10-04 12:05:00', 1, '2019-10-04 12:05:00', 1),
(216, 'Kathy Maribel', 'Imbaquingo Andrango', '1724612260', 'CED', 'kmia1629@gmail.com', '0961003790', null, 1, '1990-08-29', 3, 19, 184, 1, '2', '2019-10-04 19:28:00', 1, '2019-10-04 19:28:00', 1),
(217, 'Luis Francisco', 'Gallardo Noboa', '1714475504', 'CED', 'francisco_gallardo76@yahoo.com', '0984501501', null, 2, '1976-12-23', 3, 19, 189, 1, '57', '2019-10-05 7:12:00', 1, '2019-10-05 7:12:00', 1),
(218, 'Jenny Luisa', 'Idrobo Recalde', '1103021422', 'CED', 'jennyluiza@hotmail.com', '0999888850', null, 1, '1971-05-08', 3, 12, 114, 1, '20', '2019-10-07 11:12:00', 1, '2019-10-07 11:12:00', 1),
(219, 'Angel Orlando', 'Díaz Pincay', '0929453934', 'CED', 'ang_nk77@hotmail.com', '0991055835', null, 2, '1991-03-21', 3, 10, 87, 1, '57', '2019-10-07 15:11:00', 1, '2019-10-07 15:11:00', 1),
(220, 'Karla del Rocío', 'Moreno Alvarez', '0923324008', 'CED', 'kascris84@hotmail.com', '0989126144', null, 1, '1984-08-07', 3, 10, 87, 1, '57', '2019-10-07 15:16:00', 1, '2019-10-07 15:16:00', 1),
(221, 'Yucssiang Viviana', 'Anchundia Vergara', '1205818709', 'CED', 'adrianyuvi@hotmail.com', '0968639033', '2790155', 1, '1985-03-31', 3, 13, 136, 1, '20', '2019-10-07 16:16:00', 1, '2019-10-07 16:16:00', 1),
(222, 'Paola', 'Berrezueta Mosquera', '0704911676', 'CED', 'paoberrezueta2017@gmail.com', '0997741932', '2951160', 1, '1986-11-13', 3, 7, 57, 1, '57', '2019-10-09 20:14:00', 1, '2019-10-09 20:14:00', 1),
(223, 'Iván Jhesmany', 'Rodríguez Hinojosa', '1721455473', 'CED', 'ivanjhesmany@hotmail.com', '0993741162', null, 2, '1989-03-13', 3, 21, 196, 1, '21', '2019-10-10 12:29:00', 1, '2019-10-10 12:29:00', 1),
(224, 'Segundo juan', 'Baltazar Baltazar', '1801370766', 'CED', 'baltazarsegundo@hotmail.com', '0993449434', '0', 2, '2019-10-06', 4, 23, 204, 1, '21', '2019-10-10 15:09:00', 1, '2019-10-10 15:09:00', 1),
(225, 'Alexandra', 'Criollo', '1716511199', 'CED', 'alex.eliza.criollo@gmail.com', '0995231510', '22552033', 1, '1982-06-07', 3, 19, 189, 1, '23', '2019-10-11 10:03:00', 1, '2019-10-11 10:03:00', 1),
(226, 'William Jhon', 'Olmedo Noriega', '0910493071', 'CED', 'willomed@gmail.com', '0989573246', null, 2, '1967-03-15', 4, 10, 87, 1, '21', '2019-10-11 19:28:00', 1, '2019-10-11 19:28:00', 1),
(227, 'Danny Geovanny', 'Tituana Armijos', '0923743876', 'CED', 'dannygeovanny2011@hotmail.com', '0990130904', null, 2, '1984-09-15', 3, 10, 91, 1, '2', '2019-10-12 16:58:00', 1, '2019-10-12 16:58:00', 1),
(228, 'Nery Olimpia', 'Chiliquinga Lárraga', '1600190340', 'CED', 'mary-70-19@hotmail.com', '0961104560', null, 1, '2019-10-19', 3, 19, 189, 1, '21', '2019-10-13 10:52:00', 1, '2019-10-13 10:52:00', 1),
(229, 'Roberto', 'Guim', '0908923162', 'CED', 'robertoguim@gmail.com', '0994041090', null, 2, '1976-07-18', 3, 10, 87, 1, '23', '2019-10-14 8:15:00', 1, '2019-10-14 8:15:00', 1),
(230, 'Miguel Antonio', 'D Achiardi Samudio', '0909811739', 'CED', 'migu1968@hotmail.com', '0986928927', '72944206', 2, '1968-02-19', 3, 7, 65, 1, '21', '2019-10-14 11:45:00', 1, '2019-10-14 11:45:00', 1),
(231, 'Patricia', 'Acosta', '1802452944', 'CED', 'acostanp@gmail.com', '0983550897', '3530411', 1, '1971-05-03', 4, 19, 189, 1, '22', '2019-10-14 12:38:00', 1, '2019-10-14 12:38:00', 1),
(232, 'Pablo Luis', 'Vásconez Mera', '1202991483', 'CED', 'pabloluizvas@hotmail.com', '0982529747', '52745086', 2, '1970-05-14', 3, 13, 125, 1, '22', '2019-10-14 16:40:00', 1, '2019-10-14 16:40:00', 1),
(233, 'Isabel Victoria', 'Domínguez Chiriboga', '0702384041', 'CED', 'isavituka2@hotmail.com', '0939581404', '72943419', 1, '1969-09-15', 3, 1, 3, 1, '2', '2019-10-15 7:20:00', 1, '2019-10-15 7:20:00', 1),
(234, 'Jaime Hernán', 'Contreras Cruz', '1203774136', 'CED', 'jaime.contreras160174@gmail.com', '0979555093', '52972892', 2, '1974-01-16', 3, 13, 135, 1, '48', '2019-10-14 16:13:00', 1, '2019-10-14 16:13:00', 1),
(235, 'José Ricardo', 'Castillo Armijos', '1104208259', 'CED', 'ricardojoe1125@hotmail.com', '0959583839', null, 2, '1983-02-25', 3, 12, 114, 1, '21', '2019-10-16 16:48:00', 1, '2019-10-16 16:48:00', 1),
(236, 'John Enrique', 'Molina Villamar', '0917745655', 'CED', 'biologia_molina@hotmail.com', '0994822977', null, 2, '1978-12-21', 4, 10, 87, 1, '22', '2019-10-16 13:35:00', 1, '2019-10-16 13:35:00', 1),
(237, 'Cinthia Denisse', 'Rodríguez De La Cruz', '0929704732', 'CED', 'delacruznarcisa@hotmail.com', '0985724808', null, 1, '1992-10-12', 3, 10, 95, 1, '8', '2019-10-16 20:33:00', 1, '2019-10-16 20:33:00', 1);


INSERT INTO `persona_externa_intereses` (`pein_id`, `pext_id`, `int_id`, `pein_estado`, `pein_estado_logico`) VALUES
(1, 1, 3, 1, 1),
(2, 1, 5, 1, 1),
(3, 1, 1, 1, 1),
(4, 174, 3, 1, 1),
(5, 174, 2, 1, 1),
(6, 58, 1, 1, 1),
(7, 58, 2, 1, 1),
(8, 58, 3, 1, 1),
(9, 58, 4, 1, 1),
(10, 58, 5, 1, 1),
(11, 58, 6, 1, 1),
(12, 208, 3, 1, 1),
(13, 174, 3, 1, 1),
(14, 174, 3, 1, 1),
(15, 174, 3, 1, 1),
(16, 58, 3, 1, 1),
(17, 208, 3, 1, 1),
(18, 53, 3, 1, 1),
(19, 58, 1, 1, 1),
(20, 58, 2, 1, 1),
(21, 58, 3, 1, 1),
(22, 58, 4, 1, 1),
(23, 58, 5, 1, 1),
(24, 58, 6, 1, 1),
(25, 58, 3, 1, 1),
(26, 208, 3, 1, 1),
(27, 55, 3, 1, 1),
(28, 174, 3, 1, 1),
(29, 174, 3, 1, 1),
(30, 21, 3, 1, 1),
(31, 53, 3, 1, 1),
(32, 1, 3, 1, 1),
(33, 208, 3, 1, 1),
(34, 58, 3, 1, 1),
(35, 174, 3, 1, 1),
(36, 53, 3, 1, 1),
(37, 58, 3, 1, 1),
(38, 174, 3, 1, 1),
(39, 53, 3, 1, 1),
(40, 1, 3, 1, 1),
(41, 31, 3, 1, 1),
(42, 208, 3, 1, 1),
(43, 53, 3, 1, 1),
(44, 55, 3, 1, 1),
(45, 55, 3, 1, 1),
(46, 58, 3, 1, 1),
(47, 53, 3, 1, 1),
(48, 208, 3, 1, 1),
(49, 53, 3, 1, 1),
(50, 1, 3, 1, 1),
(51, 1, 3, 1, 1),
(52, 1, 6, 1, 1),
(53, 1, 3, 1, 1),
(54, 1, 3, 1, 1),
(55, 208, 1, 1, 1),
(56, 208, 2, 1, 1),
(57, 208, 3, 1, 1),
(58, 208, 4, 1, 1),
(59, 208, 5, 1, 1),
(60, 208, 6, 1, 1),
(61, 53, 3, 1, 1),
(62, 55, 3, 1, 1),
(63, 208, 3, 1, 1),
(64, 174, 1, 1, 1),
(65, 174, 2, 1, 1),
(66, 174, 3, 1, 1),
(67, 174, 5, 1, 1),
(68, 174, 6, 1, 1),
(69, 174, 5, 1, 1),
(70, 55, 3, 1, 1),
(71, 53, 3, 1, 1),
(72, 55, 3, 1, 1),
(73, 1, 3, 1, 1),
(74, 58, 3, 1, 1),
(75, 57, 3, 1, 1),
(76, 55, 3, 1, 1),
(77, 1, 3, 1, 1),
(78, 208, 1, 1, 1),
(79, 208, 3, 1, 1),
(80, 208, 6, 1, 1),
(81, 58, 3, 1, 1),
(82, 62, 3, 1, 1),
(83, 55, 3, 1, 1),
(84, 64, 3, 1, 1),
(85, 65, 3, 1, 1),
(86, 208, 3, 1, 1),
(87, 55, 1, 1, 1),
(88, 55, 2, 1, 1),
(89, 55, 3, 1, 1),
(90, 55, 4, 1, 1),
(91, 55, 5, 1, 1),
(92, 55, 6, 1, 1),
(93, 58, 3, 1, 1),
(94, 53, 3, 1, 1),
(95, 174, 3, 1, 1),
(96, 55, 3, 1, 1),
(97, 76, 1, 1, 1),
(98, 76, 3, 1, 1),
(99, 76, 5, 1, 1),
(100, 58, 1, 1, 1),
(101, 58, 3, 1, 1),
(102, 58, 5, 1, 1),
(103, 208, 3, 1, 1),
(104, 58, 3, 1, 1),
(105, 53, 3, 1, 1),
(106, 58, 3, 1, 1),
(107, 55, 3, 1, 1),
(108, 55, 3, 1, 1),
(109, 55, 3, 1, 1),
(110, 1, 3, 1, 1),
(111, 53, 3, 1, 1),
(112, 58, 3, 1, 1),
(113, 1, 3, 1, 1),
(114, 58, 1, 1, 1),
(115, 58, 3, 1, 1),
(116, 58, 5, 1, 1),
(117, 208, 2, 1, 1),
(118, 208, 3, 1, 1),
(119, 208, 6, 1, 1),
(120, 55, 3, 1, 1),
(121, 55, 3, 1, 1),
(122, 1, 1, 1, 1),
(123, 1, 2, 1, 1),
(124, 1, 3, 1, 1),
(125, 1, 5, 1, 1),
(126, 53, 3, 1, 1),
(127, 53, 3, 1, 1),
(128, 53, 3, 1, 1),
(129, 58, 2, 1, 1),
(130, 58, 3, 1, 1),
(131, 58, 5, 1, 1),
(132, 94, 1, 1, 1),
(133, 94, 3, 1, 1),
(134, 208, 3, 1, 1),
(135, 58, 3, 1, 1),
(136, 174, 1, 1, 1),
(137, 174, 2, 1, 1),
(138, 174, 3, 1, 1),
(139, 174, 4, 1, 1),
(140, 174, 5, 1, 1),
(141, 174, 6, 1, 1),
(142, 208, 3, 1, 1),
(143, 208, 3, 1, 1),
(144, 100, 3, 1, 1),
(145, 208, 3, 1, 1),
(146, 208, 3, 1, 1),
(147, 208, 3, 1, 1),
(148, 208, 3, 1, 1),
(149, 208, 3, 1, 1),
(150, 58, 3, 1, 1),
(151, 208, 3, 1, 1),
(152, 208, 3, 1, 1),
(153, 208, 3, 1, 1),
(154, 208, 6, 1, 1),
(155, 55, 3, 1, 1),
(156, 208, 3, 1, 1),
(157, 58, 3, 1, 1),
(158, 208, 3, 1, 1),
(159, 115, 3, 1, 1),
(160, 208, 3, 1, 1),
(161, 53, 3, 1, 1),
(162, 1, 2, 1, 1),
(163, 1, 3, 1, 1),
(164, 1, 5, 1, 1),
(165, 58, 3, 1, 1),
(166, 58, 3, 1, 1),
(167, 58, 3, 1, 1),
(168, 58, 3, 1, 1),
(169, 58, 3, 1, 1),
(170, 58, 3, 1, 1),
(171, 58, 3, 1, 1),
(172, 208, 3, 1, 1),
(173, 58, 3, 1, 1),
(174, 174, 3, 1, 1),
(175, 208, 1, 1, 1),
(176, 208, 2, 1, 1),
(177, 208, 3, 1, 1),
(178, 208, 4, 1, 1),
(179, 208, 5, 1, 1),
(180, 208, 6, 1, 1),
(181, 208, 3, 1, 1),
(182, 208, 6, 1, 1),
(183, 208, 3, 1, 1),
(184, 58, 2, 1, 1),
(185, 174, 2, 1, 1),
(186, 208, 3, 1, 1),
(187, 174, 3, 1, 1),
(188, 208, 1, 1, 1),
(189, 208, 2, 1, 1),
(190, 208, 6, 1, 1),
(191, 58, 1, 1, 1),
(192, 58, 2, 1, 1),
(193, 58, 3, 1, 1),
(194, 58, 4, 1, 1),
(195, 53, 3, 1, 1),
(196, 58, 3, 1, 1),
(197, 58, 5, 1, 1),
(198, 174, 3, 1, 1),
(199, 174, 3, 1, 1),
(200, 174, 3, 1, 1),
(201, 174, 3, 1, 1),
(202, 58, 3, 1, 1),
(203, 208, 1, 1, 1),
(204, 208, 3, 1, 1),
(205, 58, 1, 1, 1),
(206, 58, 3, 1, 1),
(207, 58, 5, 1, 1),
(208, 58, 1, 1, 1),
(209, 58, 3, 1, 1),
(210, 174, 3, 1, 1),
(211, 58, 3, 1, 1),
(212, 1, 3, 1, 1),
(213, 208, 3, 1, 1),
(214, 58, 3, 1, 1),
(215, 208, 3, 1, 1),
(216, 53, 3, 1, 1),
(217, 53, 3, 1, 1),
(218, 55, 1, 1, 1),
(219, 55, 3, 1, 1),
(220, 58, 3, 1, 1),
(221, 55, 3, 1, 1),
(222, 55, 3, 1, 1),
(223, 53, 3, 1, 1),
(224, 58, 3, 1, 1),
(225, 58, 3, 1, 1),
(226, 1, 3, 1, 1),
(227, 208, 3, 1, 1),
(228, 174, 3, 1, 1),
(229, 208, 3, 1, 1),
(230, 55, 1, 1, 1),
(231, 55, 3, 1, 1),
(232, 55, 3, 1, 1),
(233, 55, 1, 1, 1),
(234, 55, 3, 1, 1),
(235, 174, 3, 1, 1),
(236, 179, 3, 1, 1),
(237, 208, 3, 1, 1),
(238, 53, 3, 1, 1),
(239, 58, 3, 1, 1),
(240, 58, 3, 1, 1),
(241, 1, 3, 1, 1),
(242, 53, 3, 1, 1),
(243, 208, 3, 1, 1),
(244, 179, 3, 1, 1),
(245, 58, 3, 1, 1),
(246, 1, 3, 1, 1),
(247, 58, 3, 1, 1),
(248, 208, 1, 1, 1),
(249, 208, 3, 1, 1),
(250, 58, 3, 1, 1),
(251, 58, 5, 1, 1),
(252, 208, 3, 1, 1),
(253, 208, 4, 1, 1),
(254, 208, 3, 1, 1),
(255, 208, 3, 1, 1),
(256, 208, 2, 1, 1),
(257, 208, 3, 1, 1),
(258, 179, 3, 1, 1),
(259, 53, 3, 1, 1),
(260, 174, 3, 1, 1),
(261, 208, 3, 1, 1),
(262, 1, 3, 1, 1),
(263, 189, 3, 1, 1),
(264, 174, 3, 1, 1),
(265, 208, 3, 1, 1),
(266, 174, 3, 1, 1),
(267, 179, 3, 1, 1),
(268, 1, 3, 1, 1),
(269, 58, 3, 1, 1),
(270, 179, 3, 1, 1),
(271, 208, 3, 1, 1),
(272, 179, 3, 1, 1),
(273, 53, 3, 1, 1),
(274, 58, 3, 1, 1),
(275, 179, 3, 1, 1),
(276, 208, 3, 1, 1),
(277, 199, 1, 1, 1),
(278, 199, 2, 1, 1),
(279, 199, 3, 1, 1),
(280, 199, 4, 1, 1),
(281, 199, 5, 1, 1),
(282, 199, 6, 1, 1),
(283, 58, 3, 1, 1),
(284, 58, 3, 1, 1),
(285, 208, 1, 1, 1),
(286, 208, 3, 1, 1),
(287, 208, 6, 1, 1),
(288, 1, 3, 1, 1),
(289, 58, 3, 1, 1),
(290, 58, 3, 1, 1),
(291, 174, 3, 1, 1),
(292, 174, 1, 1, 1),
(293, 174, 2, 1, 1),
(294, 174, 3, 1, 1),
(295, 174, 4, 1, 1),
(296, 208, 3, 1, 1),
(297, 58, 1, 1, 1),
(298, 58, 2, 1, 1),
(299, 58, 3, 1, 1),
(300, 58, 5, 1, 1),
(301, 58, 1, 1, 1),
(302, 58, 3, 1, 1),
(303, 209, 3, 1, 1),
(304, 210, 3, 1, 1),
(305, 211, 3, 1, 1),
(306, 212, 3, 1, 1),
(307, 213, 3, 1, 1),
(308, 214, 3, 1, 1),
(309, 215, 1, 1, 1),
(310, 215, 3, 1, 1),
(311, 215, 5, 1, 1),
(312, 216, 1, 1, 1),
(313, 216, 2, 1, 1),
(314, 216, 3, 1, 1),
(315, 216, 4, 1, 1),
(316, 216, 5, 1, 1),
(317, 216, 6, 1, 1),
(318, 217, 1, 1, 1),
(319, 217, 2, 1, 1),
(320, 217, 3, 1, 1),
(321, 218, 3, 1, 1),
(322, 219, 3, 1, 1),
(323, 220, 3, 1, 1),
(324, 221, 3, 1, 1),
(325, 222, 3, 1, 1),
(326, 223, 3, 1, 1),
(327, 224, 3, 1, 1),
(328, 225, 1, 1, 1),
(329, 225, 2, 1, 1),
(330, 225, 3, 1, 1),
(331, 225, 4, 1, 1),
(332, 226, 3, 1, 1),
(333, 227, 1, 1, 1),
(334, 227, 2, 1, 1),
(335, 227, 3, 1, 1),
(336, 227, 4, 1, 1),
(337, 227, 5, 1, 1),
(338, 227, 6, 1, 1),
(339, 228, 3, 1, 1),
(340, 229, 1, 1, 1),
(341, 229, 2, 1, 1),
(342, 229, 6, 1, 1),
(343, 230, 3, 1, 1),
(344, 231, 1, 1, 1),
(345, 231, 2, 1, 1),
(346, 231, 3, 1, 1),
(347, 232, 3, 1, 1),
(348, 233, 3, 1, 1),
(349, 234, 3, 1, 1),
(350, 235, 3, 1, 1),
(351, 236, 1, 1, 1),
(352, 236, 2, 1, 1),
(353, 236, 3, 1, 1),
(354, 236, 6, 1, 1),
(355, 237, 3, 1, 1);
