--
-- Base de datos: `db_facturacion`
--
use `db_facturacion`;

-- --------------------------------------------------------
--
-- Volcado de datos para la tabla `categoria` 
--
insert into `categoria` (`cat_id`, `cat_nombre`, `cat_descripcion`, `cat_usu_ingreso`, `cat_estado`, `cat_estado_logico`) values
(1, 'Solicitudes de Inscripción', 'Solicitudes de Inscripción', 1, '1', '1'),
(2, 'Pagos frecuentes', 'Pagos frecuentes', 1, '1', '1');

-- ---------------------------------------------git pull-----------
--
-- Volcado de datos para la tabla `sub_categoria` 
--
insert into `sub_categoria` (`scat_id`, `cat_id`, `scat_nombre`, `scat_descripcion`, `scat_usu_ingreso`, `scat_estado`, `scat_estado_logico`) values
(1, 1, 'Grado Online', 'Grado Online', 1, '1', '1'),
(2, 1, 'Grado Presencial', 'Grado Presencial', 1, '1', '1'),
(3, 1, 'Grado Semipresencial', 'Grado Semipresencial', 1, '1', '1'),
(4, 1, 'Grado A distancia', 'Grado A distancia', 1, '1', '1'),
(5, 1, 'Posgrado', 'Posgrado', 1, '1', '1'),
(6, 1, 'Smart', 'Smart', 1, '1', '1'),
(7, 1, 'Ulink', 'Ulink', 1, '1', '1'),
(8, 2, 'Pagos frecuentes', 'Pagos frecuentes', 1, '1', '1');

-- --------------------------------------------------------
--
-- Volcado de datos para la tabla `item` 
--
insert into `item` (`ite_id`, `scat_id`,  `ite_codigo`, `ite_nombre`, `ite_descripcion`, `ite_usu_ingreso`, `ite_estado`, `ite_estado_logico`) values 
-- Uteg -- 
(1, 1, '0001', 'Curso de admisión y nivelación Online', 'Curso de admisión y nivelación Online', 1, '0', '1'),
(2, 1, '0002', 'Examen de admisión Online', 'Examen de admisión Online', 1, '0', '1'),
(3, 2, '0003', 'Curso de admisión y nivelación Presencial', 'Curso de admisión y nivelación Presencial', 1, '0', '1'),
(4, 2, '0004', 'Examen de admisión Presencial', 'Examen de admisión Presencial', 1, '0', '1'),
(5, 3, '0005', 'Curso de admisión y nivelación Semipresencial', 'Curso de admisión y nivelación Semipresencial', 1, '0', '1'),
(6, 3, '0006', 'Examen de admisión Semipresencial', 'Examen de admisión Semipresencial', 1, '0', '1'),
(7, 4, '0007', 'Curso de admisión y nivelación a Distancia', 'Curso de admisión y nivelación a Distancia', 1, '0', '1'),
(8, 4, '0008', 'Examen de admisión a Distancia', 'Examen de admisión  a Distancia', 1, '0', '1'),
(9, 5, '0009', 'Pago total Matrícula+Derecho Posgrado', 'Pago total Matrícula+Derecho Posgrado', 1, '1', '1'),
(10, 5, '0010', 'Inscripción Posgrado', 'Inscripción Posgrado', 1, '1', '1'),
-- Smart --
(11, 6, '0011', 'Emprendimiento y Ventas reales', 'Emprendimiento y Ventas reales', 1, '0', '1'),
(12, 6, '0012', 'Excel Avanzado', 'Excel Avanzado', 1, '1', '1'),
(13, 6, '0013', 'Fotografía', 'Fotografía', 1, '1', '1'),
(14, 6, '0014', 'Event Planner', 'Event Planner', 1, '1', '1'),
(15, 6, '0015', 'Programa Gerencia Estratégica del TH (4 módulos)', 'Programa Gerencia Estratégica del TH (4 módulos)', 1, '0', '1'),
(16, 6, '0016', 'Pedagogía', 'Pedagogía', 1, '0', '1'),
(17, 6, '0017', 'Programa para docentes:  Redacción Científica', 'Programa para docentes:  Redacción Científica', 1, '0', '1'),
(18, 6, '0018', 'Desarrollo Habilidades Comerciales para Retail', 'Desarrollo Habilidades Comerciales para Retail', 1, '0', '1'),
(19, 6, '0019', 'Cursos Online', 'Cursos Online', 1, '0', '1'),
(20, 6, '0020', 'Programa de Talento Humano: Actualidad Laboral', 'Programa de Talento Humano: Actualidad Laboral', 1, '0', '1'),
(21, 6, '0021', 'Programa de habilidades Gerenciales: Estrategias directivas', 'Programa de habilidades Gerenciales: Estrategias directivas', 1, '0', '1'),
(22, 6, '0022', 'Illustrator y fotoshop: intermedio', 'Illustrator y fotoshop: intermedio', 1, '1', '1'),
(23, 6, '0023', 'Técnicas de negociación y cierre de ventas', 'Técnicas de negociación y cierre de ventas', 1, '0', '1'),
(24, 6, '0024', 'Neuromarketing', 'Neuromarketing', 1, '0', '1'),
(25, 6, '0025', 'Programa de Talento Humano: Descripción de cargos y selección por competencias (módulo 2)', 'Programa de Talento Humano: Descripción de cargos y selección por competencias (módulo 2)', 1, '0', '1'),
(26, 6, '0026', 'Técnicas de ventas:  Manejo de clientes difíciles', 'Técnicas de ventas:  Manejo de clientes difíciles', 1, '0', '1'),
(27, 6, '0027', 'Programa de habilidades Gerenciales: Negociación efectiva', 'Programa de habilidades Gerenciales: Negociación efectiva', 1, '0', '1'),
(28, 6, '0028', 'Dirección en Finanzas: Presupuesto y diferenciación de ingresos', 'Dirección en Finanzas: Presupuesto y diferenciación de ingresos', 1, '0', '1'),
(29, 6, '0029', 'Valoración aduanera para empresarios', 'Valoración aduanera para empresarios', 1, '0', '1'),
(30, 6, '0030', 'Programa de Talento Humano:  Plan estratégico del Talento Humano (módulo 3)', 'Programa de Talento Humano:  Plan estratégico del Talento Humano (módulo 3)', 1, '0', '1'),
(31, 6, '0031', 'Taller de liderazgo y manejo de conflictos', 'Taller de liderazgo y manejo de conflictos', 1, '0', '1'),
(32, 6, '0032', 'Programa para docentes: Habilidades pedagógicas', 'Programa para docentes: Habilidades pedagógicas', 1, '0', '1'),
(33, 6, '0033', 'Promoción programa talento humano', 'Promoción programa talento humano', 1, '0', '1'),
(34, 6, '0034', 'Promoción programa para docentes', 'Promoción programa para docentes', 1, '0', '1'),
-- Ulink --
(35, 7, '0035', 'Gestión del talento humano basado en competencias', 'Gestión del talento humano basado en competencias', 1, '1', '1'),
(36, 7, '0036', 'Alta Gerencia y Control de Gestión', 'Alta Gerencia y Control de Gestión', 1, '1', '1'),
(37, 7, '0037', 'Culture Management: nuevas formas de hacer negocio', 'Culture Management: nuevas formas de hacer negocio', 1, '1', '1'),
(38, 7, '0038', 'Turismo inteligente y competitividad internacional', 'Turismo inteligente y competitividad internacional', 1, '1', '1'),
(39, 7, '0039', 'Entorno internacional de los negocios', 'Entorno internacional de los negocios (taller práctico)', 1, '1', '1'),
(40, 7, '0040', 'Planificación de cursos en línea', 'Planificación de cursos en línea', 1, '1', '1'),
(41, 7, '0041', 'Workshop sobre Inteligencia Emocional en el trabajo', 'Workshop sobre Inteligencia Emocional en el trabajo', 1, '1', '1'),
(42, 7, '0042', 'Análisis de peligros y puntos críticos de control', 'Análisis de peligros y puntos críticos de control (HACCP)', 1, '1', '1'),

(43, 7, '0043', 'Curso Uwork', 'Planificación estratégica para PYMES', 1, '1', '1'),
(44, 7, '0044', 'Curso Uwork', 'Marketing para emprendedores', 1, '1', '1'),
(45, 7, '0045', 'Curso Uwork', 'Web building', 1, '1', '1'),
(46, 7, '0046', 'Curso Uwork', 'Community Manager', 1, '1', '1'),
(47, 7, '0047', 'Curso Uwork', 'Método Estrella de Inserción laboral de personas con discapacidad', 1, '1', '1'),
(48, 7, '0048', 'Curso Uwork', 'Economía para no economistas', 1, '1', '1'),
(49, 7, '0049', 'Curso Uwork', 'Aplicación de la gestión de calidad en PYMES', 1, '1', '1'),
(50, 7, '0050', 'Curso Uwork', 'Correcta aplicación de las herramientas de control', 1, '1', '1'),
(51, 7, '0051', 'Curso Uwork', 'Como generar valor a la empresa a través de la responsabilidad social corporativa', 1, '1', '1'),
(52, 7, '0052', 'Curso Uwork', 'Guía práctica para las técnicas de muestreo en la investigación comercial', 1, '1', '1'),
(53, 7, '0053', 'Curso Uwork', 'Desarrollo de habilidades del pensamiento cognitivo', 1, '1', '1'),
(54, 7, '0054', 'Curso Uwork', 'Normas APA para la investigación y redacción de artículos', 1, '1', '1'),
(55, 7, '0055', 'Curso Uwork', 'Construcción de saberes pedagógicos en la formación de docentes', 1, '1', '1'),
(56, 7, '0056', 'Curso Uwork', '¿Cómo citar con normas APA?', 1, '1', '1'),
(57, 7, '0057', 'Curso Uwork', 'Marketing de servicios', 1, '1', '1'),
(58, 7, '0058', 'Curso Uwork', 'Comunicaciones integradas al marketing', 1, '1', '1'),

(59, 7, '0059', 'Curso Uwork', 'Marketing Way', 1, '1', '1'),
(60, 7, '0060', 'Curso Uwork', 'Community Manager - Aprenda desde cero a experto', 1, '1', '1'),
(61, 7, '0061', 'Curso Uwork', 'Google ads para emprendedores', 1, '1', '1'),
(62, 7, '0062', 'Curso Uwork', 'Fotografia para marcas emprendedoras', 1, '1', '1'),
(63, 7, '0063', 'Curso Uwork', 'Elaboración de un plan de negocios', 1, '1', '1'),
(64, 7, '0064', 'Curso Uwork', 'Guía práctica para la redacción del marco teórico de un proyecto de investigación', 1, '1', '1'),
(65, 7, '0065', 'Curso Uwork', 'Aprende a establecer y redactar el esquema de un proyecto', 1, '1', '1'),
(66, 7, '0066', 'Curso Uwork', '¿Como evaluar un proyecto de inversión y crear un negocio?', 1, '1', '1'),
(67, 7, '0067', 'Curso Uwork', 'Gestión de proyectos usando MS Project básico', 1, '1', '1'),
(68, 7, '0068', 'Curso Uwork', 'Curso de Formación de Assessment Center', 1, '1', '1'),
(69, 7, '0069', 'Curso Uwork', 'Factores de riesgo psicosociales', 1, '1', '1'),
(70, 7, '0070', 'Curso Uwork', 'Diseño y configuración de redes en router ', 1, '1', '1'),
(71, 7, '0071', 'Curso Uwork', 'Uso y aplicaciones de mathcad', 1, '1', '1'),

(72, 7, '0072', 'Curso Uwork', 'Configuración e implementación de un servidor apache basado en distribuciones Linux', 1, '1', '1'),
(73, 7, '0073', 'Curso Uwork', 'Desarrollo de Aplicaciones Web con Python', 1, '1', '1'),
(74, 7, '0074', 'Curso Uwork', 'Desarrollo de procesos con BIZAGI', 1, '1', '1'),
(75, 7, '0075', 'Curso Uwork', 'Bootstrap para principiantes', 1, '1', '1'),
(76, 7, '0076', 'Curso Uwork', 'Diseño y desarrollo de base de datos en SQL server', 1, '1', '1'),
(77, 7, '0077', 'Curso Uwork', 'Cómo utilizar efectivamente la información contable en la toma de decisiones', 1, '1', '1'),
(78, 7, '0078', 'Curso Uwork', 'La correcta interpretación de los costos para tomar decisiones gerenciales', 1, '1', '1'),
(79, 7, '0079', 'Curso Uwork', 'Importancia del Modelo Costo - Volumen - Utilidad en el diseño de estrategias', 1, '1', '1'),
(80, 7, '0080', 'Curso Uwork', 'El Presupuesto y su importancia para el control de gestión', 1, '1', '1'),
(81, 7, '0081', 'Curso Uwork', 'Cómo contribuye el Gobierno Corporativo a consolidar organizaciones saludables', 1, '1', '1'),

(82, 7, '0082', 'Curso Uwork', 'La importancia de la Ética en la transparecia de las organizaciones', 1, '1', '1'),
(83, 7, '0083', 'Curso Uwork', 'Responsabilidad Social Empresarial y Conciencia Ecológica, herramientas para la imagen empresarial', 1, '1', '1'),
(84, 7, '0084', 'Curso Uwork', 'Análisis e interpretación de estados y ratios financieros', 1, '1', '1'),
(85, 7, '0085', 'Curso Uwork', 'Cálculo y análisis de la rentabilidad sobre la inversión', 1, '1', '1'),
(86, 7, '0086', 'Curso Uwork', 'Administración de costos y sistemas de costeo', 1, '1', '1'),
(87, 7, '0087', 'Curso Uwork', 'Sistemas de control e indicadores para el éxito de la empresa', 1, '1', '1'),
(88, 7, '0088', 'Curso Uwork', '¿Qué es la valoración de empresas? ¿Para qué sirve? ¿Cómo se hace?', 1, '1', '1'),
(89, 7, '0089', 'Curso Uwork', 'Proyección de Estados Financieros y Valoración por Metodologías de Flujos de Caja Descontados', 1, '1', '1'),
(90, 7, '0090', 'Curso Uwork', 'Metodologías de Valoración Alternativas a la de flujo de caja descontados', 1, '1', '1'),
(91, 7, '0091', 'Curso Uwork', 'Análisis de Sensibilización y toma de decisiones financieras', 1, '1', '1'),
(92, 7, '0092', 'Curso Uwork', 'Inteligencia de mercados globales y herramientas básicas para recolectar información', 1, '1', '1'),
(93, 7, '0093', 'Curso Uwork', 'Inteligencia Competitiva y estrategias de mercado', 1, '1', '1'),

(94, 7, '0094', 'Curso Uwork', 'Business Intelligence (BI) básico', 1, '1', '1'),
(95, 7, '0095', 'Curso Uwork', 'Cómo realizar una Investigación de Mercado', 1, '1', '1'),
(96, 7, '0096', 'Curso Uwork', 'Desarrollando las Actitudes para Emprender', 1, '1', '1'),
(97, 7, '0097', 'Curso Uwork', 'Capturar las Oportunidades para Crear e Innovar', 1, '1', '1'),
(98, 7, '0098', 'Curso Uwork', 'Como desarrollar la Sinergia del Desarrollo Socioeconómico mediante el trabajo en redes', 1, '1', '1'),
(99, 7, '0099', 'Curso Uwork', 'Planificando la Creación de tu Empresa', 1, '1', '1'),
(100, 7, '0100', 'Curso Uwork', 'Importancia y clasificación del turismo', 1, '1', '1'),
(101, 7, '0101', 'Curso Uwork', 'Calidad en el turismo: Servucción Turística', 1, '1', '1'),
(102, 7, '0102', 'Curso Uwork', 'Turismo Inteligente: conceptos básicos', 1, '1', '1'),
(103, 7, '0103', 'Curso Uwork', 'Turismo Sostenible y gestión ambiental', 1, '1', '1'),
(104, 7, '0104', 'Curso Uwork', 'Como aprovechar la vocación turística de un territorio', 1, '1', '1'),
(105, 7, '0105', 'Curso Uwork', 'Planificación turística de destinos inteligentes', 1, '1', '1'),
(106, 7, '0106', 'Curso Uwork', 'Elaboración de un plan de desarrollo turístico en base a las potencialidades del destino', 1, '1', '1'),
(107, 7, '0107', 'Curso Uwork', 'La Gobernanza y Planificación de Destinos Turísticos Inteligentes', 1, '1', '1'),
(108, 7, '0108', 'Curso Uwork', 'Planificación y control de la calidad en turismo', 1, '1', '1'),
(109, 7, '0109', 'Curso Uwork', 'Calidad, sostenibilidad y valor agregado en empresas turísticas', 1, '1', '1'),
(110, 7, '0110', 'Curso Uwork', 'Herramientas para el diagnóstico y la mejora de la calidad de empresas de turismo', 1, '1', '1'),
(111, 7, '0111', 'Curso Uwork', 'Introducción a la calidad en el sector turístico', 1, '1', '1'),
(112, 7, '0112', 'Curso Uwork', 'Marketing  comunicacional inteligente para turismo sostenible', 1, '1', '1'),
(113, 7, '0113', 'Curso Uwork', 'Estrategias para promover destinos y productos turísticos con principios sostenibles', 1, '1', '1'),
(114, 7, '0114', 'Curso Uwork', 'El inbound marketing de los destinos turísticos', 1, '1', '1'),

(115, 7, '0115', 'Curso Uwork', 'Gestión sostenible, control y monitorización de un destino', 1, '1', '1'),
(116, 7, '0116', 'Curso Uwork', 'Introducción al Data Mining –conceptos básicos', 1, '1', '1'),
(117, 7, '0117', 'Curso Uwork', 'Métodos y herramientas del Data Mining', 1, '1', '1'),
(118, 7, '0118', 'Curso Uwork', 'Aplicación del  Data Mining en el campo turístico', 1, '1', '1'),
(119, 7, '0119', 'Curso Uwork', 'Turismo inteligente 4.0 y data mining', 1, '1', '1'),
(120, 7, '0120', 'Curso Uwork', 'Términos y teorías del comercio internacional', 1, '1', '1'),
(121, 7, '0121', 'Curso Uwork', 'Rol de los organismos internacionales en la economía de los países', 1, '1', '1'),
(122, 7, '0122', 'Curso Uwork', 'Políticas y acciones de sectores empresariales para el logro de una mayor productividad y competitividad', 1, '1', '1'),
(123, 7, '0123', 'Curso Uwork', 'Conozca los desafíos culturales en los procesos de integración comercial', 1, '1', '1'),
(124, 7, '0124', 'Curso Uwork', 'Como seleccionar un mercado objetivo y establecer un marketing mix acorde al mismo', 1, '1', '1'),
(125, 7, '0125', 'Curso Uwork', 'Selección de mercados para internacionalización  de la empresa', 1, '1', '1'),
(126, 7, '0126', 'Curso Uwork', 'Estrategias de marca para crear marcas globales', 1, '1', '1'),
(127, 7, '0127', 'Curso Uwork', 'Tomar decisiones de marketing en un contexto global', 1, '1', '1'),
(128, 7, '0128', 'Curso Uwork', 'Herramientas para la gestión de exportación', 1, '1', '1'),
(129, 7, '0129', 'Curso Uwork', 'Estrategias de exportación', 1, '1', '1'),
(130, 7, '0130', 'Curso Uwork', 'Cómo escoger los mercados para exportación', 1, '1', '1'),
(131, 7, '0131', 'Curso Uwork', 'Como internacionalizar un producto exportable', 1, '1', '1'),
(132, 7, '0132', 'Curso Uwork', 'La gestión por competencias y su importancia en la eficiencia', 1, '1', '1'),
(133, 7, '0133', 'Curso Uwork', 'Como escoger el modelo de gestión de competencias acorde a su empresa', 1, '1', '1'),
(134, 7, '0134', 'Curso Uwork', 'Técnicas para determinar competencias en su empresa', 1, '1', '1'),

(135, 7, '0135', 'Curso Uwork', 'Cómo implementar un sistema por competencias', 1, '1', '1'),
(136, 7, '0136', 'Curso Uwork', 'Recursos humanos y las tics, nuevos ambientes de trabajo', 1, '1', '1'),
(137, 7, '0137', 'Curso Uwork', 'Los factores psicosociales 2.0 y su influencia en la organización', 1, '1', '1'),
(138, 7, '0138', 'Curso Uwork', 'El Comportamiento organizacional aplicado a la web 2.0', 1, '1', '1'),
(139, 7, '0139', 'Curso Uwork', 'La Comunicación 2.0 en la empresa', 1, '1', '1'),
(140, 7, '0140', 'Curso Uwork', 'Estrategias de Reclutamiento y Selección por competencias', 1, '1', '1'),
(141, 7, '0141', 'Curso Uwork', 'Valoración de perfiles de candidatos y su reclutamiento', 1, '1', '1'),
(142, 7, '0142', 'Curso Uwork', 'Métodos y técnicas para la elección del personal', 1, '1', '1'),
(143, 7, '0143', 'Curso Uwork', 'Análisis de datos de la selección del personal para gestionar el talento humano', 1, '1', '1'),
(144, 7, '0144', 'Curso Uwork', 'Habilidades blandas para el desarrollo de liderazgo ejecutivo', 1, '1', '1'),
(145, 7, '0145', 'Curso Uwork', 'Clasificación de competencias y los estilos de gestión', 1, '1', '1'),
(146, 7, '0146', 'Curso Uwork', 'Desarrollo de Competencias de Autogestión personal', 1, '1', '1'),
(147, 7, '0147', 'Curso Uwork', 'Desarrollo de Competencias interpersonales ', 1, '1', '1'),
(148, 7, '0148', 'Curso Uwork', 'Métodos para el análisis del comportamiento organizacional', 1, '1', '1'),
(149, 7, '0149', 'Curso Uwork', 'Legislación laboral Ecuatoriana y gobierno corporativo', 1, '1', '1'),
(150, 7, '0150', 'Curso Uwork', 'El impacto de la filosofía y política empresarial en la organización', 1, '1', '1'),
(151, 7, '0151', 'Curso Uwork', 'Diseño de políticas de personal en la gestión estratégica del talento humano basado en competencias', 1, '1', '1'),
(152, 7, '0152', 'Curso Uwork', 'Controles y políticas en la organización, claves para el éxito empresarial', 1, '1', '1'),

(153, 5, '0153', 'Matrícula Posgrado', 'Matrícula Posgrado', 1, '1', '1'),
(154, 5, '0154', 'Derechos Posgrado', 'Derechos Posgrado', 1, '1', '1'),

(155, 2, '0155', 'Inscripción Presencial', 'Inscripción Presencial', 1, '1', '1'),
(156, 3, '0156', 'Inscripción Semipresencial', 'Inscripción Semipresencial', 1, '1', '1'),
(157, 4, '0157', 'Inscripción Distancia', 'Inscripción Distancia', 1, '1', '1'),
(158, 1, '0158', 'Gestión de Entornos Virtuales + Matrícula Online', 'Gestión de Entornos Virtuales + Matrícula Online', 1, '1', '1'),
(159, 2, '0159', 'Matrícula Presencial', 'Matrícula Presencial', 1, '1', '1'),
(160, 3, '0160', 'Matrícula Semipresencial', 'Matrícula Semipresencial', 1, '1', '1'),
(161, 4, '0161', 'Matrícula Distancia', 'Matrícula Distancia', 1, '1', '1'),

(162, 2, '0162', 'Saldo Matrícula Presencial', 'Saldo Matrícula Presencial', 1, '1', '1'),
(163, 3, '0163', 'Saldo Matrícula Semipresencial', 'Saldo Matrícula Semipresencial', 1, '1', '1'),
(164, 4, '0164', 'Saldo Matrícula Distancia', 'Saldo Matrícula Distancia', 1, '1', '1'),

(165, 3, '0165', 'Posgrado Total', 'Posgrado Total', 1, '1', '1'),

(166, 6, '0166', 'Actualización normativa laboral', 'Actualización normativa laboral', 1, '1', '1'),
(167, 6, '0167', 'Seguridad y Salud Ocupacional', 'Seguridad y Salud Ocupacional', 1, '1', '1'),

(168, 1, '0168', 'Inscripción Online', 'Inscripción Online', 1, '1', '1'),
(169, 8, '0169', 'Matrícula período', 'Matrícula período', 1, '1', '1'),
(170, 1, '0166','Inscripción Educación', 'Inscripción Educación', '1', '1', '1');
-- --------------------------------------------------------
--
-- Volcado de datos para la tabla `item_precio` 
--
insert into `item_precio` (`ipre_id`, `ite_id`, `ipre_precio`, `ipre_porcentaje_iva`, `ipre_estado_precio`, `ipre_valor_minimo`, `ipre_porcentaje_minimo`, `ipre_fecha_inicio`, `ipre_fecha_fin`, `ipre_usu_ingreso`, `ipre_estado`, `ipre_estado_logico`) values
-- Uteg --
(1, 1, 100, null, 'A', null, null, '2017/09/25 00:00:00', '2019/12/31 23:59:59', 1, '1', '1'),
(2, 2, 50, null, 'A', null, null, '2017/09/09 00:00:00', '2019/12/31 23:59:59', 1, '1', '1'),
(3, 3, 390, null, 'A', null, null, '2018/07/01 00:00:00', '2019/12/31 23:59:59', 1, '1', '1'),
(4, 5, 390, null, 'A', null, null, '2018/07/01 00:00:00', '2019/12/31 23:59:59', 1, '1', '1'),
(5, 7, 390, null, 'A', null, null, '2018/07/01 00:00:00', '2019/12/31 23:59:59', 1, '1', '1'),
(6, 10, 500, null, 'A', null, null, '2018/07/01 00:00:00', '2019/12/31 23:59:59', 1, '1', '1'),
-- Smart --
(7, 11, 80, null, 'A', null, null, '2018/10/01 00:00:00', '2018/12/31 23:59:59', 1, '1', '1'),
(8, 12, 100, null, 'A', null, null, '2018/10/01 00:00:00', '2019/12/31 23:59:59', 1, '1', '1'),
(9, 13, 100, null, 'A', null, null, '2018/10/01 00:00:00', '2019/12/31 23:59:59', 1, '1', '1'),
(10, 14, 100, null, 'A', null, null, '2018/10/01 00:00:00', '2019/12/31 23:59:59', 1, '1', '1'),
(11, 15, 150, null, 'A', null, null, '2018/10/01 00:00:00', '2018/12/31 23:59:59', 1, '1', '1'),
(12, 16, 180, null, 'A', null, null, '2018/10/01 00:00:00', '2018/12/31 23:59:59', 1, '1', '1'),
(13, 17, 150, null, 'A', null, null, '2018/10/01 00:00:00', '2018/12/31 23:59:59', 1, '1', '1'),
(14, 18, 100, null, 'A', null, null, '2018/10/01 00:00:00', '2018/12/31 23:59:59', 1, '1', '1'),
(15, 19, 99, null, 'A', null, null, '2018/10/01 00:00:00', '2018/12/31 23:59:59', 1, '1', '1'),
(16, 20, 145, null, 'A', null, null, '2018/10/01 00:00:00', '2018/12/31 23:59:59', 1, '1', '1'),
(17, 21, 150, null, 'A', null, null, '2018/10/01 00:00:00', '2018/12/31 23:59:59', 1, '1', '1'),
(18, 22, 100, null, 'A', null, null, '2018/10/01 00:00:00', '2019/12/31 23:59:59', 1, '1', '1'),
(19, 23, 120, null, 'A', null, null, '2018/10/01 00:00:00', '2018/12/31 23:59:59', 1, '1', '1'),
(20, 24, 120, null, 'A', null, null, '2018/10/01 00:00:00', '2018/12/31 23:59:59', 1, '1', '1'),
(21, 25, 100, null, 'A', null, null, '2018/10/01 00:00:00', '2018/12/31 23:59:59', 1, '1', '1'),
(22, 26, 120, null, 'A', null, null, '2018/10/01 00:00:00', '2018/12/31 23:59:59', 1, '1', '1'),
(23, 27, 150, null, 'A', null, null, '2018/10/01 00:00:00', '2018/12/31 23:59:59', 1, '1', '1'),
(24, 28, 120, null, 'A', null, null, '2018/10/01 00:00:00', '2018/12/31 23:59:59', 1, '1', '1'),
(25, 29, 120, null, 'A', null, null, '2018/10/01 00:00:00', '2018/12/31 23:59:59', 1, '1', '1'),
(26, 30, 100, null, 'A', null, null, '2018/10/01 00:00:00', '2018/12/31 23:59:59', 1, '1', '1'),
(27, 31, 100, null, 'A', null, null, '2018/10/01 00:00:00', '2018/12/31 23:59:59', 1, '1', '1'),
(28, 32, 180, null, 'A', null, null, '2018/10/01 00:00:00', '2018/12/31 23:59:59', 1, '1', '1'),
(29, 33, 380, null, 'A', null, null, '2018/10/01 00:00:00', '2018/12/31 23:59:59', 1, '1', '1'),
(30, 34, 300, null, 'A', null, null, '2018/10/01 00:00:00', '2018/12/31 23:59:59', 1, '1', '1'),
-- Ulink --
(31, 35, 450, null, 'A', null, null, '2018/10/01 00:00:00', '2018/12/31 23:59:59', 1, '1', '1'),
(32, 36, 450, null, 'A', null, null, '2018/10/01 00:00:00', '2018/12/31 23:59:59', 1, '1', '1'),
(33, 37, 450, null, 'A', null, null, '2018/10/01 00:00:00', '2018/12/31 23:59:59', 1, '1', '1'),
(34, 38, 450, null, 'A', null, null, '2018/10/01 00:00:00', '2018/12/31 23:59:59', 1, '1', '1'),

(35, 39, 180, null, 'A', null, null, '2018/12/10 21:00:00', '2019/12/31 23:59:59', 1, '1', '1'),
(36, 40, 150, null, 'A', null, null, '2018/12/10 21:00:00', '2019/12/31 23:59:59', 1, '1', '1'),
(37, 41, 180, null, 'A', null, null, '2018/12/10 21:00:00', '2019/12/31 23:59:59', 1, '1', '1'),
(38, 42, 150, null, 'A', null, null, '2018/12/10 21:00:00', '2019/12/31 23:59:59', 1, '1', '1'),

(39, 43, 9.99, null, 'A', null, null, '2018/12/10 21:00:00', '2019/12/31 23:59:59', 1, '1', '1'),
(40, 44, 9.99, null, 'A', null, null, '2018/12/10 21:00:00', '2019/12/31 23:59:59', 1, '1', '1'),
(41, 45, 9.99, null, 'A', null, null, '2018/12/10 21:00:00', '2019/12/31 23:59:59', 1, '1', '1'),
(42, 46, 9.99, null, 'A', null, null, '2018/12/10 21:00:00', '2019/12/31 23:59:59', 1, '1', '1'),
(43, 47, 9.99, null, 'A', null, null, '2018/12/10 21:00:00', '2019/12/31 23:59:59', 1, '1', '1'),
(44, 48, 9.99, null, 'A', null, null, '2018/12/10 21:00:00', '2019/12/31 23:59:59', 1, '1', '1'),
(45, 49, 9.99, null, 'A', null, null, '2018/12/10 21:00:00', '2019/12/31 23:59:59', 1, '1', '1'),
(46, 50, 9.99, null, 'A', null, null, '2018/12/10 21:00:00', '2019/12/31 23:59:59', 1, '1', '1'),
(47, 51, 9.99, null, 'A', null, null, '2018/12/10 21:00:00', '2019/12/31 23:59:59', 1, '1', '1'),
(48, 52, 9.99, null, 'A', null, null, '2018/12/10 21:00:00', '2019/12/31 23:59:59', 1, '1', '1'),
(49, 53, 9.99, null, 'A', null, null, '2018/12/10 21:00:00', '2019/12/31 23:59:59', 1, '1', '1'),
(50, 54, 9.99, null, 'A', null, null, '2018/12/10 21:00:00', '2019/12/31 23:59:59', 1, '1', '1'),
(51, 55, 9.99, null, 'A', null, null, '2018/12/10 21:00:00', '2019/12/31 23:59:59', 1, '1', '1'),
(52, 56, 9.99, null, 'A', null, null, '2018/12/10 21:00:00', '2019/12/31 23:59:59', 1, '1', '1'),
(53, 57, 9.99, null, 'A', null, null, '2018/12/10 21:00:00', '2019/12/31 23:59:59', 1, '1', '1'),
(54, 58, 9.99, null, 'A', null, null, '2018/12/10 21:00:00', '2019/12/31 23:59:59', 1, '1', '1'),
(55, 59, 9.99, null, 'A', null, null, '2018/12/10 21:00:00', '2019/12/31 23:59:59', 1, '1', '1'),
(56, 60, 9.99, null, 'A', null, null, '2018/12/10 21:00:00', '2019/12/31 23:59:59', 1, '1', '1'),
(57, 61, 9.99, null, 'A', null, null, '2018/12/10 21:00:00', '2019/12/31 23:59:59', 1, '1', '1'),
(58, 62, 9.99, null, 'A', null, null, '2018/12/10 21:00:00', '2019/12/31 23:59:59', 1, '1', '1'),
(59, 63, 9.99, null, 'A', null, null, '2018/12/10 21:00:00', '2019/12/31 23:59:59', 1, '1', '1'),
(60, 64, 9.99, null, 'A', null, null, '2018/12/10 21:00:00', '2019/12/31 23:59:59', 1, '1', '1'),
(61, 65, 9.99, null, 'A', null, null, '2018/12/10 21:00:00', '2019/12/31 23:59:59', 1, '1', '1'),
(62, 66, 9.99, null, 'A', null, null, '2018/12/10 21:00:00', '2019/12/31 23:59:59', 1, '1', '1'),
(63, 67, 9.99, null, 'A', null, null, '2018/12/10 21:00:00', '2019/12/31 23:59:59', 1, '1', '1'),
(64, 68, 9.99, null, 'A', null, null, '2018/12/10 21:00:00', '2019/12/31 23:59:59', 1, '1', '1'),
(65, 69, 9.99, null, 'A', null, null, '2018/12/10 21:00:00', '2019/12/31 23:59:59', 1, '1', '1'),
(66, 70, 9.99, null, 'A', null, null, '2018/12/10 21:00:00', '2019/12/31 23:59:59', 1, '1', '1'),
(67, 71, 9.99, null, 'A', null, null, '2018/12/10 21:00:00', '2019/12/31 23:59:59', 1, '1', '1'),
(68, 72, 9.99, null, 'A', null, null, '2018/12/10 21:00:00', '2019/12/31 23:59:59', 1, '1', '1'),
(69, 73, 9.99, null, 'A', null, null, '2018/12/10 21:00:00', '2019/12/31 23:59:59', 1, '1', '1'),
(70, 74, 9.99, null, 'A', null, null, '2018/12/10 21:00:00', '2019/12/31 23:59:59', 1, '1', '1'),
(71, 75, 9.99, null, 'A', null, null, '2018/12/10 21:00:00', '2019/12/31 23:59:59', 1, '1', '1'),
(72, 76, 9.99, null, 'A', null, null, '2018/12/10 21:00:00', '2019/12/31 23:59:59', 1, '1', '1'),
(73, 77, 9.99, null, 'A', null, null, '2018/12/10 21:00:00', '2019/12/31 23:59:59', 1, '1', '1'),
(74, 78, 9.99, null, 'A', null, null, '2018/12/10 21:00:00', '2019/12/31 23:59:59', 1, '1', '1'),
(75, 79, 9.99, null, 'A', null, null, '2018/12/10 21:00:00', '2019/12/31 23:59:59', 1, '1', '1'),
(76, 80, 9.99, null, 'A', null, null, '2018/12/10 21:00:00', '2019/12/31 23:59:59', 1, '1', '1'),
(77, 81, 9.99, null, 'A', null, null, '2018/12/10 21:00:00', '2019/12/31 23:59:59', 1, '1', '1'),
(78, 82, 9.99, null, 'A', null, null, '2018/12/10 21:00:00', '2019/12/31 23:59:59', 1, '1', '1'),
(79, 83, 9.99, null, 'A', null, null, '2018/12/10 21:00:00', '2019/12/31 23:59:59', 1, '1', '1'),
(80, 84, 9.99, null, 'A', null, null, '2018/12/10 21:00:00', '2019/12/31 23:59:59', 1, '1', '1'),
(81, 85, 9.99, null, 'A', null, null, '2018/12/10 21:00:00', '2019/12/31 23:59:59', 1, '1', '1'),
(82, 86, 9.99, null, 'A', null, null, '2018/12/10 21:00:00', '2019/12/31 23:59:59', 1, '1', '1'),
(83, 87, 9.99, null, 'A', null, null, '2018/12/10 21:00:00', '2019/12/31 23:59:59', 1, '1', '1'),
(84, 88, 9.99, null, 'A', null, null, '2018/12/10 21:00:00', '2019/12/31 23:59:59', 1, '1', '1'),
(85, 89, 9.99, null, 'A', null, null, '2018/12/10 21:00:00', '2019/12/31 23:59:59', 1, '1', '1'),
(86, 90, 9.99, null, 'A', null, null, '2018/12/10 21:00:00', '2019/12/31 23:59:59', 1, '1', '1'),
(87, 91, 9.99, null, 'A', null, null, '2018/12/10 21:00:00', '2019/12/31 23:59:59', 1, '1', '1'),

(88, 92, 9.99, null, 'A', null, null, '2018/12/10 21:00:00', '2019/12/31 23:59:59', 1, '1', '1'),
(89, 93, 9.99, null, 'A', null, null, '2018/12/10 21:00:00', '2019/12/31 23:59:59', 1, '1', '1'),
(90, 94, 9.99, null, 'A', null, null, '2018/12/10 21:00:00', '2019/12/31 23:59:59', 1, '1', '1'),
(91, 95, 9.99, null, 'A', null, null, '2018/12/10 21:00:00', '2019/12/31 23:59:59', 1, '1', '1'),
(92, 96, 9.99, null, 'A', null, null, '2018/12/10 21:00:00', '2019/12/31 23:59:59', 1, '1', '1'),
(93, 97, 9.99, null, 'A', null, null, '2018/12/10 21:00:00', '2019/12/31 23:59:59', 1, '1', '1'),
(94, 98, 9.99, null, 'A', null, null, '2018/12/10 21:00:00', '2019/12/31 23:59:59', 1, '1', '1'),
(95, 99, 9.99, null, 'A', null, null, '2018/12/10 21:00:00', '2019/12/31 23:59:59', 1, '1', '1'),
(96, 100, 9.99, null, 'A', null, null, '2018/12/10 21:00:00', '2019/12/31 23:59:59', 1, '1', '1'),
(97, 101, 9.99, null, 'A', null, null, '2018/12/10 21:00:00', '2019/12/31 23:59:59', 1, '1', '1'),
(98, 102, 9.99, null, 'A', null, null, '2018/12/10 21:00:00', '2019/12/31 23:59:59', 1, '1', '1'),
(99, 103, 9.99, null, 'A', null, null, '2018/12/10 21:00:00', '2019/12/31 23:59:59', 1, '1', '1'),
(100, 104, 9.99, null, 'A', null, null, '2018/12/10 21:00:00', '2019/12/31 23:59:59', 1, '1', '1'),
(101, 105, 9.99, null, 'A', null, null, '2018/12/10 21:00:00', '2019/12/31 23:59:59', 1, '1', '1'),
(102, 106, 9.99, null, 'A', null, null, '2018/12/10 21:00:00', '2019/12/31 23:59:59', 1, '1', '1'),
(103, 107, 9.99, null, 'A', null, null, '2018/12/10 21:00:00', '2019/12/31 23:59:59', 1, '1', '1'),
(104, 108, 9.99, null, 'A', null, null, '2018/12/10 21:00:00', '2019/12/31 23:59:59', 1, '1', '1'),
(105, 109, 9.99, null, 'A', null, null, '2018/12/10 21:00:00', '2019/12/31 23:59:59', 1, '1', '1'),
(106, 110, 9.99, null, 'A', null, null, '2018/12/10 21:00:00', '2019/12/31 23:59:59', 1, '1', '1'),
(107, 111, 9.99, null, 'A', null, null, '2018/12/10 21:00:00', '2019/12/31 23:59:59', 1, '1', '1'),
(108, 112, 9.99, null, 'A', null, null, '2018/12/10 21:00:00', '2019/12/31 23:59:59', 1, '1', '1'),
(109, 113, 9.99, null, 'A', null, null, '2018/12/10 21:00:00', '2019/12/31 23:59:59', 1, '1', '1'),
(110, 114, 9.99, null, 'A', null, null, '2018/12/10 21:00:00', '2019/12/31 23:59:59', 1, '1', '1'),
(111, 115, 9.99, null, 'A', null, null, '2018/12/10 21:00:00', '2019/12/31 23:59:59', 1, '1', '1'),
(112, 116, 9.99, null, 'A', null, null, '2018/12/10 21:00:00', '2019/12/31 23:59:59', 1, '1', '1'),
(113, 117, 9.99, null, 'A', null, null, '2018/12/10 21:00:00', '2019/12/31 23:59:59', 1, '1', '1'),
(114, 118, 9.99, null, 'A', null, null, '2018/12/10 21:00:00', '2019/12/31 23:59:59', 1, '1', '1'),
(115, 119, 9.99, null, 'A', null, null, '2018/12/10 21:00:00', '2019/12/31 23:59:59', 1, '1', '1'),

(116, 120, 9.99, null, 'A', null, null, '2018/12/10 21:00:00', '2019/12/31 23:59:59', 1, '1', '1'),
(117, 121, 9.99, null, 'A', null, null, '2018/12/10 21:00:00', '2019/12/31 23:59:59', 1, '1', '1'),
(118, 122, 9.99, null, 'A', null, null, '2018/12/10 21:00:00', '2019/12/31 23:59:59', 1, '1', '1'),
(119, 123, 9.99, null, 'A', null, null, '2018/12/10 21:00:00', '2019/12/31 23:59:59', 1, '1', '1'),
(120, 124, 9.99, null, 'A', null, null, '2018/12/10 21:00:00', '2019/12/31 23:59:59', 1, '1', '1'),
(121, 125, 9.99, null, 'A', null, null, '2018/12/10 21:00:00', '2019/12/31 23:59:59', 1, '1', '1'),
(122, 126, 9.99, null, 'A', null, null, '2018/12/10 21:00:00', '2019/12/31 23:59:59', 1, '1', '1'),
(123, 127, 9.99, null, 'A', null, null, '2018/12/10 21:00:00', '2019/12/31 23:59:59', 1, '1', '1'),
(124, 128, 9.99, null, 'A', null, null, '2018/12/10 21:00:00', '2019/12/31 23:59:59', 1, '1', '1'),
(125, 129, 9.99, null, 'A', null, null, '2018/12/10 21:00:00', '2019/12/31 23:59:59', 1, '1', '1'),
(126, 130, 9.99, null, 'A', null, null, '2018/12/10 21:00:00', '2019/12/31 23:59:59', 1, '1', '1'),
(127, 131, 9.99, null, 'A', null, null, '2018/12/10 21:00:00', '2019/12/31 23:59:59', 1, '1', '1'),
(128, 132, 9.99, null, 'A', null, null, '2018/12/10 21:00:00', '2019/12/31 23:59:59', 1, '1', '1'),
(129, 133, 9.99, null, 'A', null, null, '2018/12/10 21:00:00', '2019/12/31 23:59:59', 1, '1', '1'),
(130, 134, 9.99, null, 'A', null, null, '2018/12/10 21:00:00', '2019/12/31 23:59:59', 1, '1', '1'),
(131, 135, 9.99, null, 'A', null, null, '2018/12/10 21:00:00', '2019/12/31 23:59:59', 1, '1', '1'),
(132, 136, 9.99, null, 'A', null, null, '2018/12/10 21:00:00', '2019/12/31 23:59:59', 1, '1', '1'),
(133, 137, 9.99, null, 'A', null, null, '2018/12/10 21:00:00', '2019/12/31 23:59:59', 1, '1', '1'),
(134, 138, 9.99, null, 'A', null, null, '2018/12/10 21:00:00', '2019/12/31 23:59:59', 1, '1', '1'),
(135, 139, 9.99, null, 'A', null, null, '2018/12/10 21:00:00', '2019/12/31 23:59:59', 1, '1', '1'),
(136, 140, 9.99, null, 'A', null, null, '2018/12/10 21:00:00', '2019/12/31 23:59:59', 1, '1', '1'),
(137, 141, 9.99, null, 'A', null, null, '2018/12/10 21:00:00', '2019/12/31 23:59:59', 1, '1', '1'),
(138, 142, 9.99, null, 'A', null, null, '2018/12/10 21:00:00', '2019/12/31 23:59:59', 1, '1', '1'),
(139, 143, 9.99, null, 'A', null, null, '2018/12/10 21:00:00', '2019/12/31 23:59:59', 1, '1', '1'),

(140, 144, 9.99, null, 'A', null, null, '2018/12/10 21:00:00', '2019/12/31 23:59:59', 1, '1', '1'),
(141, 145, 9.99, null, 'A', null, null, '2018/12/10 21:00:00', '2019/12/31 23:59:59', 1, '1', '1'),
(142, 146, 9.99, null, 'A', null, null, '2018/12/10 21:00:00', '2019/12/31 23:59:59', 1, '1', '1'),
(143, 147, 9.99, null, 'A', null, null, '2018/12/10 21:00:00', '2019/12/31 23:59:59', 1, '1', '1'),
(144, 148, 9.99, null, 'A', null, null, '2018/12/10 21:00:00', '2019/12/31 23:59:59', 1, '1', '1'),
(145, 149, 9.99, null, 'A', null, null, '2018/12/10 21:00:00', '2019/12/31 23:59:59', 1, '1', '1'),
(146, 150, 9.99, null, 'A', null, null, '2018/12/10 21:00:00', '2019/12/31 23:59:59', 1, '1', '1'),
(147, 151, 9.99, null, 'A', null, null, '2018/12/10 21:00:00', '2019/12/31 23:59:59', 1, '1', '1'),
(148, 152, 9.99, null, 'A', null, null, '2018/12/10 21:00:00', '2019/12/31 23:59:59', 1, '1', '1'),

(149, 9, 1800, null, 'A', null, null, '2018/10/01 00:00:00', '2019/12/31 23:59:59', 1, '1', '1'),
(150, 153, 950, null, 'A', null, null, '2018/10/01 00:00:00', '2019/12/31 23:59:59', 1, '1', '1'),
(151, 154, 850, null, 'A', null, null, '2018/10/01 00:00:00', '2019/12/31 23:59:59', 1, '1', '1'),

(152, 4, 390, null, 'A', null, null, '2018/10/01 00:00:00', '2019/12/31 23:59:59', 1, '1', '1'),
(153, 6, 390, null, 'A', null, null, '2018/10/01 00:00:00', '2019/12/31 23:59:59', 1, '1', '1'),
(154, 8, 390, null, 'A', null, null, '2018/10/01 00:00:00', '2019/12/31 23:59:59', 1, '1', '1'),

(155, 155, 100, null, 'A', null, null, '2019/01/30 00:00:00', '2019/12/31 23:59:59', 1, '1', '1'),
(156, 156, 100, null, 'A', null, null, '2019/01/30 00:00:00', '2019/12/31 23:59:59', 1, '1', '1'),
(157, 157, 100, null, 'A', null, null, '2019/01/30 00:00:00', '2019/12/31 23:59:59', 1, '1', '1'),
(158, 158, 115, null, 'A', null, null, '2019/01/30 00:00:00', '2019/12/31 23:59:59', 1, '1', '1'),
(159, 159, 250, null, 'A', null, null, '2019/01/30 00:00:00', '2019/12/31 23:59:59', 1, '1', '1'),
(160, 160, 250, null, 'A', null, null, '2019/01/30 00:00:00', '2019/12/31 23:59:59', 1, '1', '1'),
(161, 161, 250, null, 'A', null, null, '2019/01/30 00:00:00', '2019/12/31 23:59:59', 1, '1', '1'),

(162, 162, 150, null, 'A', null, null, '2019/01/30 00:00:00', '2019/12/31 23:59:59', 1, '1', '1'),
(163, 163, 150, null, 'A', null, null, '2019/01/30 00:00:00', '2019/12/31 23:59:59', 1, '1', '1'),
(164, 164, 150, null, 'A', null, null, '2019/01/30 00:00:00', '2019/12/31 23:59:59', 1, '1', '1'),

(165, 165, 11000, null, 'A', null, null, '2019/01/30 00:00:00', '2019/12/31 23:59:59', 1, '1', '1'),

(166, 166, 100, null, 'A', null, null, '2019/03/26 00:00:00', '2019/12/31 23:59:59', 1, '1', '1'),
(167, 167, 100, null, 'A', null, null, '2019/03/26 00:00:00', '2019/12/31 23:59:59', 1, '1', '1'),

(168, 168, 65, null, 'A', null, null, '2019/03/29 00:00:00', '2019/12/31 23:59:59', 1, '1', '1'),

(169, 169, 300, null, 'A', null, null, '2019/04/01 00:00:00', '2019/12/31 23:59:59', 1, '1', '1'),
(170, 170, 250, null, 'A', null, null, '2019-05-31 23:00:00', '2019/12/31 23:59:59', 1, '1', '1');
-- --------------------------------------------------------
--
-- Volcado de datos para la tabla `historial_item_precio` 
--
insert into `historial_item_precio` (`hipr_id`, `ite_id`, `hipr_precio`, `hipr_porcentaje_iva`, `hipr_fecha_inicio`, `hipr_fecha_fin`, `hipr_valor_minimo`, `hipr_porcentaje_minimo`, `hipr_usu_transaccion`, `hipr_estado`, `hipr_estado_logico`) values
-- Uteg --
(1, 1, 150, null, '2017/09/25 00:00:00', '2018/10/05 23:59:59', null, null, 1, '1', '1'),
(2, 2, 90, null, '2017/09/25 00:00:00', '2018/10/05 23:59:59', null, null, 1, '1', '1'),
(3, 3, 390, null, '2018/07/01 00:00:00', '2019/12/31 23:59:59', null, null, 1, '1', '1'),
(4, 5, 390, null, '2018/07/01 00:00:00', '2019/12/31 23:59:59', null, null, 1, '1', '1'),
(5, 7, 390, null, '2018/07/01 00:00:00', '2019/12/31 23:59:59', null, null, 1, '1', '1'),
(6, 10, 500, null, '2018/07/01 00:00:00', '2019/12/31 23:59:59', null, null, 1, '1', '1'),
-- Smart --
(7, 11, 80, null, '2018/10/01 00:00:00', '2018/12/31 23:59:59', null, null, 1, '1', '1'),
(8, 12, 80, null, '2018/10/01 00:00:00', '2018/12/10 23:59:59', null, null, 1, '1', '1'),
(9, 13, 60, null, '2018/10/01 00:00:00', '2018/12/10 23:59:59', null, null, 1, '1', '1'),
(10, 14, 100, null, '2018/10/01 00:00:00', '2019/12/31 23:59:59', null, null, 1, '1', '1'),
(11, 15, 150, null, '2018/10/01 00:00:00', '2018/12/31 23:59:59', null, null, 1, '1', '1'),
(12, 16, 180, null, '2018/10/01 00:00:00', '2018/12/31 23:59:59', null, null, 1, '1', '1'),
(13, 17, 150, null, '2018/10/01 00:00:00', '2018/12/31 23:59:59', null, null, 1, '1', '1'),
(14, 18, 100, null, '2018/10/01 00:00:00', '2018/12/31 23:59:59', null, null, 1, '1', '1'),
(15, 19, 99, null, '2018/10/01 00:00:00', '2018/12/31 23:59:59', null, null, 1, '1', '1'),
(16, 20, 145, null, '2018/10/01 00:00:00', '2018/12/31 23:59:59', null, null, 1, '1', '1'),
(17, 21, 150, null, '2018/10/01 00:00:00', '2018/12/31 23:59:59', null, null, 1, '1', '1'),
(18, 22, 80, null, '2018/10/01 00:00:00', '2018/12/10 23:59:59', null, null, 1, '1', '1'),
(19, 23, 120, null, '2018/10/01 00:00:00', '2018/12/31 23:59:59', null, null, 1, '1', '1'),
(20, 24, 120, null, '2018/10/01 00:00:00', '2018/12/31 23:59:59', null, null, 1, '1', '1'),
(21, 25, 100, null, '2018/10/01 00:00:00', '2018/12/31 23:59:59', null, null, 1, '1', '1'),
(22, 26, 120, null, '2018/10/01 00:00:00', '2018/12/31 23:59:59', null, null, 1, '1', '1'),
(23, 27, 150, null, '2018/10/01 00:00:00', '2018/12/31 23:59:59', null, null, 1, '1', '1'),
(24, 28, 120, null, '2018/10/01 00:00:00', '2018/12/31 23:59:59', null, null, 1, '1', '1'),
(25, 29, 120, null, '2018/10/01 00:00:00', '2018/12/31 23:59:59', null, null, 1, '1', '1'),
(26, 30, 100, null, '2018/10/01 00:00:00', '2018/12/31 23:59:59', null, null, 1, '1', '1'),
(27, 31, 100, null, '2018/10/01 00:00:00', '2018/12/31 23:59:59', null, null, 1, '1', '1'),
(28, 32, 180, null, '2018/10/01 00:00:00', '2018/12/31 23:59:59', null, null, 1, '1', '1'),
(29, 33, 380, null, '2018/10/01 00:00:00', '2018/12/31 23:59:59', null, null, 1, '1', '1'),
(30, 34, 300, null, '2018/10/01 00:00:00', '2018/12/31 23:59:59', null, null, 1, '1', '1'),
-- Ulink --
(31, 35, 450, null, '2018/10/01 00:00:00', '2018/12/31 23:59:59', null, null, 1, '1', '1'),
(32, 36, 450, null, '2018/10/01 00:00:00', '2018/12/31 23:59:59', null, null, 1, '1', '1'),
(33, 37, 450, null, '2018/10/01 00:00:00', '2018/12/31 23:59:59', null, null, 1, '1', '1'),
(34, 38, 450, null, '2018/10/01 00:00:00', '2018/12/31 23:59:59', null, null, 1, '1', '1'),

(35, 39, 180, null, '2018/12/10 21:00:00', '2019/12/31 23:59:59', null, null, 1, '1', '1'),
(36, 40, 150, null, '2018/12/10 21:00:00', '2019/12/31 23:59:59', null, null, 1, '1', '1'),
(37, 41, 180, null, '2018/12/10 21:00:00', '2019/12/31 23:59:59', null, null, 1, '1', '1'),
(38, 42, 150, null, '2018/12/10 21:00:00', '2019/12/31 23:59:59', null, null, 1, '1', '1'),

(39, 43, 9.99, null, '2018/12/10 21:00:00', '2019/12/31 23:59:59', null, null, 1, '1', '1'),
(40, 44, 9.99, null, '2018/12/10 21:00:00', '2019/12/31 23:59:59', null, null, 1, '1', '1'),
(41, 45, 9.99, null, '2018/12/10 21:00:00', '2019/12/31 23:59:59', null, null, 1, '1', '1'),
(42, 46, 9.99, null, '2018/12/10 21:00:00', '2019/12/31 23:59:59', null, null, 1, '1', '1'),
(43, 47, 9.99, null, '2018/12/10 21:00:00', '2019/12/31 23:59:59', null, null, 1, '1', '1'),
(44, 48, 9.99, null, '2018/12/10 21:00:00', '2019/12/31 23:59:59', null, null, 1, '1', '1'),
(45, 49, 9.99, null, '2018/12/10 21:00:00', '2019/12/31 23:59:59', null, null, 1, '1', '1'),
(46, 50, 9.99, null, '2018/12/10 21:00:00', '2019/12/31 23:59:59', null, null, 1, '1', '1'),
(47, 51, 9.99, null, '2018/12/10 21:00:00', '2019/12/31 23:59:59', null, null, 1, '1', '1'),
(48, 52, 9.99, null, '2018/12/10 21:00:00', '2019/12/31 23:59:59', null, null, 1, '1', '1'),
(49, 53, 9.99, null, '2018/12/10 21:00:00', '2019/12/31 23:59:59', null, null, 1, '1', '1'),
(50, 54, 9.99, null, '2018/12/10 21:00:00', '2019/12/31 23:59:59', null, null, 1, '1', '1'),
(51, 55, 9.99, null, '2018/12/10 21:00:00', '2019/12/31 23:59:59', null, null, 1, '1', '1'),
(52, 56, 9.99, null, '2018/12/10 21:00:00', '2019/12/31 23:59:59', null, null, 1, '1', '1'),
(53, 57, 9.99, null, '2018/12/10 21:00:00', '2019/12/31 23:59:59', null, null, 1, '1', '1'),
(54, 58, 9.99, null, '2018/12/10 21:00:00', '2019/12/31 23:59:59', null, null, 1, '1', '1'),
(55, 59, 9.99, null, '2018/12/10 21:00:00', '2019/12/31 23:59:59', null, null, 1, '1', '1'),
(56, 60, 9.99, null, '2018/12/10 21:00:00', '2019/12/31 23:59:59', null, null, 1, '1', '1'),
(57, 61, 9.99, null, '2018/12/10 21:00:00', '2019/12/31 23:59:59', null, null, 1, '1', '1'),
(58, 62, 9.99, null, '2018/12/10 21:00:00', '2019/12/31 23:59:59', null, null, 1, '1', '1'),
(59, 63, 9.99, null, '2018/12/10 21:00:00', '2019/12/31 23:59:59', null, null, 1, '1', '1'),
(60, 64, 9.99, null, '2018/12/10 21:00:00', '2019/12/31 23:59:59', null, null, 1, '1', '1'),
(61, 65, 9.99, null, '2018/12/10 21:00:00', '2019/12/31 23:59:59', null, null, 1, '1', '1'),
(62, 66, 9.99, null, '2018/12/10 21:00:00', '2019/12/31 23:59:59', null, null, 1, '1', '1'),
(63, 67, 9.99, null, '2018/12/10 21:00:00', '2019/12/31 23:59:59', null, null, 1, '1', '1'),
(64, 68, 9.99, null, '2018/12/10 21:00:00', '2019/12/31 23:59:59', null, null, 1, '1', '1'),
(65, 69, 9.99, null, '2018/12/10 21:00:00', '2019/12/31 23:59:59', null, null, 1, '1', '1'),
(66, 70, 9.99, null, '2018/12/10 21:00:00', '2019/12/31 23:59:59', null, null, 1, '1', '1'),
(67, 71, 9.99, null, '2018/12/10 21:00:00', '2019/12/31 23:59:59', null, null, 1, '1', '1'),
(68, 72, 9.99, null, '2018/12/10 21:00:00', '2019/12/31 23:59:59', null, null, 1, '1', '1'),
(69, 73, 9.99, null, '2018/12/10 21:00:00', '2019/12/31 23:59:59', null, null, 1, '1', '1'),
(70, 74, 9.99, null, '2018/12/10 21:00:00', '2019/12/31 23:59:59', null, null, 1, '1', '1'),
(71, 75, 9.99, null, '2018/12/10 21:00:00', '2019/12/31 23:59:59', null, null, 1, '1', '1'),
(72, 76, 9.99, null, '2018/12/10 21:00:00', '2019/12/31 23:59:59', null, null, 1, '1', '1'),
(73, 77, 9.99, null, '2018/12/10 21:00:00', '2019/12/31 23:59:59', null, null, 1, '1', '1'),
(74, 78, 9.99, null, '2018/12/10 21:00:00', '2019/12/31 23:59:59', null, null, 1, '1', '1'),
(75, 79, 9.99, null, '2018/12/10 21:00:00', '2019/12/31 23:59:59', null, null, 1, '1', '1'),
(76, 80, 9.99, null, '2018/12/10 21:00:00', '2019/12/31 23:59:59', null, null, 1, '1', '1'),
(77, 81, 9.99, null, '2018/12/10 21:00:00', '2019/12/31 23:59:59', null, null, 1, '1', '1'),
(78, 82, 9.99, null, '2018/12/10 21:00:00', '2019/12/31 23:59:59', null, null, 1, '1', '1'),
(79, 83, 9.99, null, '2018/12/10 21:00:00', '2019/12/31 23:59:59', null, null, 1, '1', '1'),
(80, 84, 9.99, null, '2018/12/10 21:00:00', '2019/12/31 23:59:59', null, null, 1, '1', '1'),
(81, 85, 9.99, null, '2018/12/10 21:00:00', '2019/12/31 23:59:59', null, null, 1, '1', '1'),
(82, 86, 9.99, null, '2018/12/10 21:00:00', '2019/12/31 23:59:59', null, null, 1, '1', '1'),
(83, 87, 9.99, null, '2018/12/10 21:00:00', '2019/12/31 23:59:59', null, null, 1, '1', '1'),
(84, 88, 9.99, null, '2018/12/10 21:00:00', '2019/12/31 23:59:59', null, null, 1, '1', '1'),
(85, 89, 9.99, null, '2018/12/10 21:00:00', '2019/12/31 23:59:59', null, null, 1, '1', '1'),
(86, 90, 9.99, null, '2018/12/10 21:00:00', '2019/12/31 23:59:59', null, null, 1, '1', '1'),
(87, 91, 9.99, null, '2018/12/10 21:00:00', '2019/12/31 23:59:59', null, null, 1, '1', '1'),

(88, 92, 9.99, null, '2018/12/10 21:00:00', '2019/12/31 23:59:59', null, null, 1, '1', '1'),
(89, 93, 9.99, null, '2018/12/10 21:00:00', '2019/12/31 23:59:59', null, null, 1, '1', '1'),
(90, 94, 9.99, null, '2018/12/10 21:00:00', '2019/12/31 23:59:59', null, null, 1, '1', '1'),
(91, 95, 9.99, null, '2018/12/10 21:00:00', '2019/12/31 23:59:59', null, null, 1, '1', '1'),
(92, 96, 9.99, null, '2018/12/10 21:00:00', '2019/12/31 23:59:59', null, null, 1, '1', '1'),
(93, 97, 9.99, null, '2018/12/10 21:00:00', '2019/12/31 23:59:59', null, null, 1, '1', '1'),
(94, 98, 9.99, null, '2018/12/10 21:00:00', '2019/12/31 23:59:59', null, null, 1, '1', '1'),
(95, 99, 9.99, null, '2018/12/10 21:00:00', '2019/12/31 23:59:59', null, null, 1, '1', '1'),
(96, 100, 9.99, null, '2018/12/10 21:00:00', '2019/12/31 23:59:59', null, null, 1, '1', '1'),
(97, 101, 9.99, null, '2018/12/10 21:00:00', '2019/12/31 23:59:59', null, null, 1, '1', '1'),
(98, 102, 9.99, null, '2018/12/10 21:00:00', '2019/12/31 23:59:59', null, null, 1, '1', '1'),
(99, 103, 9.99, null, '2018/12/10 21:00:00', '2019/12/31 23:59:59', null, null, 1, '1', '1'),
(100, 104, 9.99, null, '2018/12/10 21:00:00', '2019/12/31 23:59:59', null, null, 1, '1', '1'),
(101, 105, 9.99, null, '2018/12/10 21:00:00', '2019/12/31 23:59:59', null, null, 1, '1', '1'),
(102, 106, 9.99, null, '2018/12/10 21:00:00', '2019/12/31 23:59:59', null, null, 1, '1', '1'),
(103, 107, 9.99, null, '2018/12/10 21:00:00', '2019/12/31 23:59:59', null, null, 1, '1', '1'),
(104, 108, 9.99, null, '2018/12/10 21:00:00', '2019/12/31 23:59:59', null, null, 1, '1', '1'),
(105, 109, 9.99, null, '2018/12/10 21:00:00', '2019/12/31 23:59:59', null, null, 1, '1', '1'),
(106, 110, 9.99, null, '2018/12/10 21:00:00', '2019/12/31 23:59:59', null, null, 1, '1', '1'),
(107, 111, 9.99, null, '2018/12/10 21:00:00', '2019/12/31 23:59:59', null, null, 1, '1', '1'),
(108, 112, 9.99, null, '2018/12/10 21:00:00', '2019/12/31 23:59:59', null, null, 1, '1', '1'),
(109, 113, 9.99, null, '2018/12/10 21:00:00', '2019/12/31 23:59:59', null, null, 1, '1', '1'),
(110, 114, 9.99, null, '2018/12/10 21:00:00', '2019/12/31 23:59:59', null, null, 1, '1', '1'),
(111, 115, 9.99, null, '2018/12/10 21:00:00', '2019/12/31 23:59:59', null, null, 1, '1', '1'),
(112, 116, 9.99, null, '2018/12/10 21:00:00', '2019/12/31 23:59:59', null, null, 1, '1', '1'),
(113, 117, 9.99, null, '2018/12/10 21:00:00', '2019/12/31 23:59:59', null, null, 1, '1', '1'),
(114, 118, 9.99, null, '2018/12/10 21:00:00', '2019/12/31 23:59:59', null, null, 1, '1', '1'),
(115, 119, 9.99, null, '2018/12/10 21:00:00', '2019/12/31 23:59:59', null, null, 1, '1', '1'),
(116, 120, 9.99, null, '2018/12/10 21:00:00', '2019/12/31 23:59:59', null, null, 1, '1', '1'),
(117, 121, 9.99, null, '2018/12/10 21:00:00', '2019/12/31 23:59:59', null, null, 1, '1', '1'),
(118, 122, 9.99, null, '2018/12/10 21:00:00', '2019/12/31 23:59:59', null, null, 1, '1', '1'),
(119, 123, 9.99, null, '2018/12/10 21:00:00', '2019/12/31 23:59:59', null, null, 1, '1', '1'),
(120, 124, 9.99, null, '2018/12/10 21:00:00', '2019/12/31 23:59:59', null, null, 1, '1', '1'),
(121, 125, 9.99, null, '2018/12/10 21:00:00', '2019/12/31 23:59:59', null, null, 1, '1', '1'),

(122, 126, 9.99, null, '2018/12/10 21:00:00', '2019/12/31 23:59:59', null, null, 1, '1', '1'),
(123, 127, 9.99, null, '2018/12/10 21:00:00', '2019/12/31 23:59:59', null, null, 1, '1', '1'),
(124, 128, 9.99, null, '2018/12/10 21:00:00', '2019/12/31 23:59:59', null, null, 1, '1', '1'),
(125, 129, 9.99, null, '2018/12/10 21:00:00', '2019/12/31 23:59:59', null, null, 1, '1', '1'),
(126, 130, 9.99, null, '2018/12/10 21:00:00', '2019/12/31 23:59:59', null, null, 1, '1', '1'),
(127, 131, 9.99, null, '2018/12/10 21:00:00', '2019/12/31 23:59:59', null, null, 1, '1', '1'),
(128, 132, 9.99, null, '2018/12/10 21:00:00', '2019/12/31 23:59:59', null, null, 1, '1', '1'),
(129, 133, 9.99, null, '2018/12/10 21:00:00', '2019/12/31 23:59:59', null, null, 1, '1', '1'),
(130, 134, 9.99, null, '2018/12/10 21:00:00', '2019/12/31 23:59:59', null, null, 1, '1', '1'),
(131, 135, 9.99, null, '2018/12/10 21:00:00', '2019/12/31 23:59:59', null, null, 1, '1', '1'),
(132, 136, 9.99, null, '2018/12/10 21:00:00', '2019/12/31 23:59:59', null, null, 1, '1', '1'),
(133, 137, 9.99, null, '2018/12/10 21:00:00', '2019/12/31 23:59:59', null, null, 1, '1', '1'),
(134, 138, 9.99, null, '2018/12/10 21:00:00', '2019/12/31 23:59:59', null, null, 1, '1', '1'),
(135, 139, 9.99, null, '2018/12/10 21:00:00', '2019/12/31 23:59:59', null, null, 1, '1', '1'),
(136, 140, 9.99, null, '2018/12/10 21:00:00', '2019/12/31 23:59:59', null, null, 1, '1', '1'),
(137, 141, 9.99, null, '2018/12/10 21:00:00', '2019/12/31 23:59:59', null, null, 1, '1', '1'),
(138, 142, 9.99, null, '2018/12/10 21:00:00', '2019/12/31 23:59:59', null, null, 1, '1', '1'),
(139, 143, 9.99, null, '2018/12/10 21:00:00', '2019/12/31 23:59:59', null, null, 1, '1', '1'),
(140, 144, 9.99, null, '2018/12/10 21:00:00', '2019/12/31 23:59:59', null, null, 1, '1', '1'),
(141, 145, 9.99, null, '2018/12/10 21:00:00', '2019/12/31 23:59:59', null, null, 1, '1', '1'),
(142, 146, 9.99, null, '2018/12/10 21:00:00', '2019/12/31 23:59:59', null, null, 1, '1', '1'),
(143, 147, 9.99, null, '2018/12/10 21:00:00', '2019/12/31 23:59:59', null, null, 1, '1', '1'),
(144, 148, 9.99, null, '2018/12/10 21:00:00', '2019/12/31 23:59:59', null, null, 1, '1', '1'),
(145, 149, 9.99, null, '2018/12/10 21:00:00', '2019/12/31 23:59:59', null, null, 1, '1', '1'),
(146, 150, 9.99, null, '2018/12/10 21:00:00', '2019/12/31 23:59:59', null, null, 1, '1', '1'),
(147, 151, 9.99, null, '2018/12/10 21:00:00', '2019/12/31 23:59:59', null, null, 1, '1', '1'),
(148, 152, 9.99, null, '2018/12/10 21:00:00', '2019/12/31 23:59:59', null, null, 1, '1', '1'),

(149, 9, 1800, null,'2018/10/01 00:00:00', '2019/12/31 23:59:59', null, null, 1, '1', '1'),
(150, 153, 950, null,'2018/10/01 00:00:00', '2019/12/31 23:59:59', null, null, 1, '1', '1'),
(151, 154, 850, null,'2018/10/01 00:00:00', '2019/12/31 23:59:59', null, null, 1, '1', '1'),

(152, 4, 390, null,'2018/10/01 00:00:00', '2019/12/31 23:59:59', null, null, 1, '1', '1'),
(153, 6, 390, null,'2018/10/01 00:00:00', '2019/12/31 23:59:59', null, null, 1, '1', '1'),
(154, 8, 390, null,'2018/10/01 00:00:00', '2019/12/31 23:59:59', null, null, 1, '1', '1'),

(155, 1, 100, null, '2018/10/06 00:00:00', '2019/12/31 23:59:59', null, null, 1, '1', '1'),
(156, 2, 50, null, '2018/10/06 00:00:00', '2019/12/31 23:59:59', null, null, 1, '1', '1'),
(157, 12, 100, null, '2018/12/11 00:00:00', '2019/12/31 23:59:59', null, null, 1, '1', '1'),
(158, 13, 100, null, '2018/12/11 00:00:00', '2019/12/31 23:59:59', null, null, 1, '1', '1'),
(159, 22, 100, null, '2018/12/11 00:00:00', '2019/12/31 23:59:59', null, null, 1, '1', '1'),
-- 
(160, 155, 100, null, '2019/01/30 00:00:00', '2019/12/31 23:59:59', null, null, 1, '1', '1'),
(161, 156, 100, null, '2019/01/30 00:00:00', '2019/12/31 23:59:59', null, null, 1, '1', '1'),
(162, 157, 100, null, '2019/01/30 00:00:00', '2019/12/31 23:59:59', null, null, 1, '1', '1'),
(163, 158, 115, null, '2019/01/30 00:00:00', '2019/12/31 23:59:59', null, null, 1, '1', '1'),
(164, 159, 250, null, '2019/01/30 00:00:00', '2019/12/31 23:59:59', null, null, 1, '1', '1'),
(165, 160, 250, null, '2019/01/30 00:00:00', '2019/12/31 23:59:59', null, null, 1, '1', '1'),
(166, 161, 250, null, '2019/01/30 00:00:00', '2019/12/31 23:59:59', null, null, 1, '1', '1'),

(167, 162, 150, null, '2019/01/30 00:00:00', '2019/12/31 23:59:59', null, null, 1, '1', '1'),
(168, 163, 150, null, '2019/01/30 00:00:00', '2019/12/31 23:59:59', null, null, 1, '1', '1'),
(169, 164, 150, null, '2019/01/30 00:00:00', '2019/12/31 23:59:59', null, null, 1, '1', '1'),

(170, 11, 100, null, '2019/03/26 00:00:00', '2019/12/31 23:59:59', null, null, 1, '1', '1'),
(171, 166, 100, null, '2019/03/26 00:00:00', '2019/12/31 23:59:59', null, null, 1, '1', '1'),
(172, 167, 100, null, '2019/03/26 00:00:00', '2019/12/31 23:59:59', null, null, 1, '1', '1'),

(173, 168, 65, null, '2019/03/29 00:00:00', '2019/12/31 23:59:59', null, null, 1, '1', '1'),
(174, 170, 65, null, '2019/03/29 00:00:00', '2019/12/31 23:59:59', null, null, 1, '1', '1');
-- --------------------------------------------------------
--
-- Volcado de datos para la tabla `item_metodo_nivel` 
--
insert into `item_metodo_unidad` (`imni_id`, `ite_id`, `ming_id`, `uaca_id`, `mod_id`, `mest_id`, `imni_usu_ingreso`, `imni_estado`, `imni_estado_logico`) values
-- Uteg --
(1, 1, 1, 1, 1, null, 1, '1', '1'),
(2, 2, 2, 1, 1, null, 1, '1', '1'),
(3, 3, 1, 1, 2, null, 1, '1', '1'),
(4, 5, 1, 1, 3, null, 1, '1', '1'),
(5, 7, 1, 1, 4, null, 1, '1', '1'),
(6, 10, 4, 2, 3, null, 1, '1', '1'),
-- Smart --
(7, 11, null, 3, 2, 1, 1, '1', '1'),
(8, 12, null, 3, 2, 2, 1, '1', '1'),
(9, 13, null, 3, 2, 3, 1, '1', '1'),
(10, 14, null, 3, 2, 4, 1, '1', '1'),
(11, 15, null, 3, 2, 5, 1, '1', '1'),
(12, 16, null, 3, 2, 6, 1, '1', '1'),
(13, 17, null, 3, 2, 7, 1, '1', '1'),
(14, 18, null, 3, 2, 8, 1, '1', '1'),
(15, 19, null, 3, 2, 9, 1, '1', '1'),
(16, 20, null, 3, 2, 11, 1, '1', '1'),
(17, 21, null, 3, 2, 12, 1, '1', '1'),
(18, 22, null, 3, 2, 13, 1, '1', '1'),
(19, 23, null, 3, 2, 14, 1, '1', '1'),
(20, 24, null, 3, 2, 15, 1, '1', '1'),
(21, 25, null, 3, 2, 16, 1, '1', '1'),
(22, 26, null, 3, 2, 17, 1, '1', '1'),
(23, 27, null, 3, 2, 18, 1, '1', '1'),
(24, 28, null, 3, 2, 19, 1, '1', '1'),
(25, 29, null, 3, 2, 20, 1, '1', '1'),
(26, 30, null, 3, 2, 22, 1, '1', '1'),
(27, 31, null, 3, 2, 23, 1, '1', '1'),
(28, 32, null, 3, 2, 24, 1, '1', '1'),
(29, 33, null, 3, 2, 25, 1, '1', '1'),
(30, 34, null, 3, 2, 26, 1, '1', '1'),
-- Ulink --
/*(31, 35, null, 7, 1, 30, 1, '1', '1'),
(32, 36, null, 7, 1, 27, 1, '1', '1'),
(33, 37, null, 7, 1, 28, 1, '1', '1'),
(34, 38, null, 7, 1, 29, 1, '1', '1'),*/

/*(35, 39, null, 8, 2, 31, 1, '1', '1'),
(36, 40, null, 8, 2, 32, 1, '1', '1'),
(37, 41, null, 8, 2, 33, 1, '1', '1'),
(38, 42, null, 8, 2, 34, 1, '1', '1'),*/

/*(39, 43, null, 9, 1, 35, 1, '1', '1'),
(40, 44, null, 9, 1, 36, 1, '1', '1'),
(41, 45, null, 9, 1, 37, 1, '1', '1'),
(42, 46, null, 9, 1, 38, 1, '1', '1'),
(43, 47, null, 9, 1, 39, 1, '1', '1'),
(44, 48, null, 9, 1, 40, 1, '1', '1'),
(45, 49, null, 9, 1, 41, 1, '1', '1'),
(46, 50, null, 9, 1, 42, 1, '1', '1'),
(47, 51, null, 9, 1, 43, 1, '1', '1'),
(48, 52, null, 9, 1, 44, 1, '1', '1'),
(49, 53, null, 9, 1, 45, 1, '1', '1'),
(50, 54, null, 9, 1, 46, 1, '1', '1'),
(51, 55, null, 9, 1, 47, 1, '1', '1'),
(52, 56, null, 9, 1, 48, 1, '1', '1'),
(53, 57, null, 9, 1, 49, 1, '1', '1'),
(54, 58, null, 9, 1, 50, 1, '1', '1'),
(55, 59, null, 9, 1, 51, 1, '1', '1'),
(56, 60, null, 9, 1, 52, 1, '1', '1'),
(57, 61, null, 9, 1, 53, 1, '1', '1'),
(58, 62, null, 9, 1, 54, 1, '1', '1'),
(59, 63, null, 9, 1, 55, 1, '1', '1'),
(60, 64, null, 9, 1, 56, 1, '1', '1'),
(61, 65, null, 9, 1, 57, 1, '1', '1'),
(62, 66, null, 9, 1, 58, 1, '1', '1'),
(63, 67, null, 9, 1, 59, 1, '1', '1'),
(64, 68, null, 9, 1, 60, 1, '1', '1'),
(65, 69, null, 9, 1, 61, 1, '1', '1'),

(66, 70, null, 9, 1, 139, 1, '1', '1'),
(67, 71, null, 9, 1, 140, 1, '1', '1'),
(68, 72, null, 9, 1, 141, 1, '1', '1'),
(69, 73, null, 9, 1, 142, 1, '1', '1'),
(70, 74, null, 9, 1, 143, 1, '1', '1'),
(71, 75, null, 9, 1, 144, 1, '1', '1'),

(72, 76, null, 9, 1, 62, 1, '1', '1'),
(73, 77, null, 9, 1, 63, 1, '1', '1'),
(74, 78, null, 9, 1, 64, 1, '1', '1'),
(75, 79, null, 9, 1, 65, 1, '1', '1'),
(76, 80, null, 9, 1, 66, 1, '1', '1'),
(77, 81, null, 9, 1, 67, 1, '1', '1'),
(78, 82, null, 9, 1, 68, 1, '1', '1'),
(79, 83, null, 9, 1, 69, 1, '1', '1'),

(80, 84, null, 9, 1, 71, 1, '1', '1'),
(81, 85, null, 9, 1, 72, 1, '1', '1'),
(82, 86, null, 9, 1, 73, 1, '1', '1'),
(83, 87, null, 9, 1, 74, 1, '1', '1'),
(84, 88, null, 9, 1, 75, 1, '1', '1'),
(85, 89, null, 9, 1, 76, 1, '1', '1'),
(86, 90, null, 9, 1, 77, 1, '1', '1'),
(87, 91, null, 9, 1, 78, 1, '1', '1'),
(88, 92, null, 9, 1, 79, 1, '1', '1'),
(89, 93, null, 9, 1, 80, 1, '1', '1'),
(90, 94, null, 9, 1, 81, 1, '1', '1'),
(91, 95, null, 9, 1, 82, 1, '1', '1'),
(92, 96, null, 9, 1, 83, 1, '1', '1'),
(93, 97, null, 9, 1, 84, 1, '1', '1'),
(94, 98, null, 9, 1, 85, 1, '1', '1'),
(95, 99, null, 9, 1, 86, 1, '1', '1'),

(96, 100, null, 9, 1, 87, 1, '1', '1'),
(97, 101, null, 9, 1, 88, 1, '1', '1'),
(98, 102, null, 9, 1, 89, 1, '1', '1'),
(99, 103, null, 9, 1, 90, 1, '1', '1'),
(100, 104, null, 9, 1, 91, 1, '1', '1'),
(101, 105, null, 9, 1, 92, 1, '1', '1'),
(102, 106, null, 9, 1, 93, 1, '1', '1'),
(103, 107, null, 9, 1, 94, 1, '1', '1'),
(104, 108, null, 9, 1, 95, 1, '1', '1'),
(105, 109, null, 9, 1, 96, 1, '1', '1'),
(106, 110, null, 9, 1, 97, 1, '1', '1'),
(107, 111, null, 9, 1, 98, 1, '1', '1'),
(108, 112, null, 9, 1, 99, 1, '1', '1'),
(109, 113, null, 9, 1, 100, 1, '1', '1'),

(110, 114, null, 9, 1, 101, 1, '1', '1'),
(111, 115, null, 9, 1, 102, 1, '1', '1'),
(112, 116, null, 9, 1, 103, 1, '1', '1'),
(113, 117, null, 9, 1, 104, 1, '1', '1'),
(114, 118, null, 9, 1, 105, 1, '1', '1'),
(115, 119, null, 9, 1, 106, 1, '1', '1'),
(116, 120, null, 9, 1, 107, 1, '1', '1'),
(117, 121, null, 9, 1, 108, 1, '1', '1'),
(118, 122, null, 9, 1, 109, 1, '1', '1'),
(119, 123, null, 9, 1, 110, 1, '1', '1'),
(120, 124, null, 9, 1, 111, 1, '1', '1'),
(121, 125, null, 9, 1, 112, 1, '1', '1'),
(122, 126, null, 9, 1, 113, 1, '1', '1'),
(123, 127, null, 9, 1, 114, 1, '1', '1'),
(124, 128, null, 9, 1, 115, 1, '1', '1'),
(125, 129, null, 9, 1, 116, 1, '1', '1'),
(126, 130, null, 9, 1, 117, 1, '1', '1'),

(127, 131, null, 9, 1, 118, 1, '1', '1'),
(128, 132, null, 9, 1, 119, 1, '1', '1'),
(129, 133, null, 9, 1, 120, 1, '1', '1'),
(130, 134, null, 9, 1, 121, 1, '1', '1'),
(131, 135, null, 9, 1, 122, 1, '1', '1'),
(132, 136, null, 9, 1, 123, 1, '1', '1'),
(133, 137, null, 9, 1, 124, 1, '1', '1'),
(134, 138, null, 9, 1, 125, 1, '1', '1'),
(135, 139, null, 9, 1, 126, 1, '1', '1'),
(136, 140, null, 9, 1, 127, 1, '1', '1'),
(137, 141, null, 9, 1, 128, 1, '1', '1'),
(138, 142, null, 9, 1, 129, 1, '1', '1'),
(139, 143, null, 9, 1, 130, 1, '1', '1'),
(140, 144, null, 9, 1, 131, 1, '1', '1'),
(141, 145, null, 9, 1, 132, 1, '1', '1'),
(142, 146, null, 9, 1, 133, 1, '1', '1'),
(143, 147, null, 9, 1, 134, 1, '1', '1'),
(144, 148, null, 9, 1, 135, 1, '1', '1'),
(145, 149, null, 9, 1, 136, 1, '1', '1'),
(146, 150, null, 9, 1, 137, 1, '1', '1'),
(147, 151, null, 9, 1, 138, 1, '1', '1'),
(148, 152, null, 9, 1, 70, 1, '1', '1'),*/

-- AQUI SE CAMBIO LA SECUENCIA DE IDS
(31, 9, 4, 2, 3, null, 1, '1', '1'),
(32, 9, 4, 2, 2, null,  1, '1', '1'),
(33, 153, 4, 2, 3, null,  1, '1', '1'),
(34, 153, 4, 2, 2, null,  1, '1', '1'),
(35, 154, 4, 2, 3, null,  1, '1', '1'),
(36, 154, 4, 2, 2, null,  1, '1', '1'),

(37, 4, 2, 1, 2, null, 1, '1', '1'),
(38, 6, 2, 1, 3, null,  1, '1', '1'),
(39, 8, 2, 1, 4, null,  1, '1', '1'),
(40, 10, 4, 2, 2, null,  1, '1', '1'),
-- 
(41, 155, null, 1, 2, null, 1, '1', '1'),
(42, 156, null, 1, 3, null, 1, '1', '1'),
(43, 157, null, 1, 4, null, 1, '1', '1'),
(44, 158, null, 1, 1, null, 1, '1', '1'),
(45, 159, null, 1, 2, null, 1, '1', '1'),
(46, 160, null, 1, 3, null, 1, '1', '1'),
(47, 161, null, 1, 4, null, 1, '1', '1'),
(48, 166, null, 3, 2, 145, 1, '1', '1'),
(49, 167, null, 3, 2, 146, 1, '1', '1'),
(50, 168, null, 1, 1, null,   1, '1', '1'),
(51, 166, null, 2, null,null, 1, 1,  1);

-- --------------------------------------------------------
--
-- Volcado de datos para la tabla `forma_pago` 
--
insert into `forma_pago` (`fpag_id`,  `fpag_nombre`, `fpag_descripcion`, `fpag_distintivo`, `fpag_usu_ingreso`, `fpag_estado`, `fpag_estado_logico`) values
(1,'Tarjeta de Crédito', 'Tarjeta de Crédito', '1', 1, '1','1'),
(2,'Efectivo', 'Efectivo', '1', 1, '1','1'),
(3,'Cheque', 'Cheque', '1', 1, '1','1'),
(4,'Transferencia', 'Transferencia', '2', 1, '1','1'),
(5,'Depósito', 'Depósito', '2', 1, '1','1'),
(6,'Botón de Pagos', 'Botón de Pagos', '3', 1, '1','1'),
(7,'Pago en Línea', 'Pago en Línea', '1', 1, '1','1'),
(8,'Efectivo y Tarjeta de Crédito', 'Efectivo y Tarjeta de Crédito', '4', 1, '1','1'),
(9,'Tarjeta de Crédito y Cheque', 'Tarjeta de Crédito y Cheque', '4', 1, '1','1');

-- --------------------------------------------------------
--
-- Volcado de datos para la tabla `tipo_comprobante` 
--
insert into `tipo_documento` (`tdoc_id`, `tdoc_nombre`, `tdoc_usuario_ingreso`, `tdoc_estado`, `tdoc_estado_logico`) values
(1, 'Factura', 1, '1', '1'),
(2, 'Nota de Crédito', 1, '1', '1'),
(3, 'Nota de Débito', 1, '1', '1'),
(4, 'Comprobantes de Retención', 1, '1', '1'),  
(5, 'Guía de Remisión', 1, '1', '1');

-- --------------------------------------------------------
--
-- Volcado de datos para la tabla `descuento_item` 
-- --------------------------------------------------------
insert into `descuento_item` (`dite_id`, `ite_id`, `dite_usu_creacion`, `dite_estado`, `dite_estado_logico`) values
(1, 1, 1, '1', '1'), -- Online
(2, 3, 1, '1', '1'), -- Presencial
(3, 5, 1, '1', '1'), -- Semipresencial
(4, 7, 1, '1', '1'), -- A distancia
(5, 4, 1, '1', '1'), -- examen presencial
(6, 6, 1, '1', '1'), -- examen semipresencial
(7, 8, 1, '1', '1'), -- examen a distancia

(8, 12, 1, '1', '1'), -- Excel Avanzado
(9, 13, 1, '1', '1'), -- Fotografía
(10, 14, 1, '1', '1'), -- Event Planner
(11, 22, 1, '1', '1'), -- Illustrator y fotoshop: intermedio

(12, 11, 1, '1', '1'), -- Emprendimiento y Ventas
(13, 166, 1, '1', '1'), -- Actualización normativa laboral
(14, 167, 1, '1', '1'); -- Seguridad y Salud Ocupacional

-- --------------------------------------------------------
--
-- Volcado de datos para la tabla `detalle_descuento_item` 
-- --------------------------------------------------------
INSERT INTO `detalle_descuento_item` (`ddit_id`, `dite_id`, `ddit_descripcion`, `ddit_tipo_beneficio`, `ddit_porcentaje`, `ddit_valor`, `ddit_finicio`, `ddit_ffin`, `ddit_estado_descuento`, `ddit_usu_creacion`, `ddit_usu_modificacion`, `ddit_estado`, `ddit_fecha_creacion`, `ddit_fecha_modificacion`, `ddit_estado_logico`) VALUES
(1, 1, 'Descuento CAN Campania 20%', 'P', 20, NULL, '2018-08-01 00:00:00', '2019-12-31 23:59:59', 'A', 1, NULL, '1', '2018-10-03 14:52:27', NULL, '1'),
(2, 2, 'Descuento CAN Campania 25%', 'P', 25, NULL, '2018-08-01 00:00:00', '2019-12-31 23:59:59', 'A', 1, NULL, '1', '2018-10-03 14:52:27', NULL, '1'),
(3, 3, 'Descuento CAN Campania 25%', 'P', 25, NULL, '2018-08-01 00:00:00', '2019-12-31 23:59:59', 'A', 1, NULL, '1', '2018-10-03 14:52:27', NULL, '1'),
(4, 4, 'Descuento CAN Campania 25%', 'P', 25, NULL, '2018-08-01 00:00:00', '2019-12-31 23:59:59', 'A', 1, NULL, '1', '2018-10-03 14:52:27', NULL, '1'),
(5, 2, 'Descuento CAN CNEL 10%', 'P', 10, NULL, '2018-08-01 00:00:00', '2019-12-31 23:59:59', 'A', 1, NULL, '1', '2018-10-03 14:52:27', NULL, '1'),
(6, 3, 'Descuento CAN CNEL 10%', 'P', 10, NULL, '2018-08-01 00:00:00', '2019-12-31 23:59:59', 'A', 1, NULL, '1', '2018-10-03 14:52:27', NULL, '1'),
(7, 4, 'Descuento CAN CNEL 10%', 'P', 10, NULL, '2018-08-01 00:00:00', '2019-12-31 23:59:59', 'A', 1, NULL, '1', '2018-10-03 14:52:27', NULL, '1'),
(8, 2, 'Descuento CAN Cámara Turismo del Guayas 10%', 'P', 10, NULL, '2018-08-01 00:00:00', '2019-12-31 23:59:59', 'A', 1, NULL, '1', '2018-10-03 14:52:27', NULL, '1'),
(9, 3, 'Descuento CAN Cámara Turismo del Guayas 10%', 'P', 10, NULL, '2018-08-01 00:00:00', '2019-12-31 23:59:59', 'A', 1, NULL, '1', '2018-10-03 14:52:27', NULL, '1'),
(10, 4, 'Descuento CAN Cámara Turismo del Guayas 10%', 'P', 10, NULL, '2018-08-01 00:00:00', '2019-12-31 23:59:59', 'A', 1, NULL, '1', '2018-10-03 14:52:27', NULL, '1'),
(11, 2, 'Descuento CAN Cámara Espanola de Comercio de Ecuador 10%', 'P', 10, NULL, '2018-08-01 00:00:00', '2019-12-31 23:59:59', 'A', 1, NULL, '1', '2018-10-03 14:52:27', NULL, '1'),
(12, 3, 'Descuento CAN Cámara Espanola de Comercio de Ecuador 10%', 'P', 10, NULL, '2018-08-01 00:00:00', '2019-12-31 23:59:59', 'A', 1, NULL, '1', '2018-10-03 14:52:27', NULL, '1'),
(13, 4, 'Descuento CAN Cámara Espanola de Comercio de Ecuador 10%', 'P', 10, NULL, '2018-08-01 00:00:00', '2019-12-31 23:59:59', 'A', 1, NULL, '1', '2018-10-03 14:52:27', NULL, '1'),
(14, 2, 'Descuento CAN Banco Guayaquil 10%', 'P', 10, NULL, '2018-08-01 00:00:00', '2019-12-31 23:59:59', 'A', 1, NULL, '1', '2018-10-03 14:52:27', NULL, '1'),
(15, 3, 'Descuento CAN Banco Guayaquil 10%', 'P', 10, NULL, '2018-08-01 00:00:00', '2019-12-31 23:59:59', 'A', 1, NULL, '1', '2018-10-03 14:52:27', NULL, '1'),
(16, 4, 'Descuento CAN Banco Guayaquil 10%', 'P', 10, NULL, '2018-08-01 00:00:00', '2019-12-31 23:59:59', 'A', 1, NULL, '1', '2018-10-03 14:52:27', NULL, '1'),
(17, 2, 'Descuento CAN Barcelona 10%', 'P', 10, NULL, '2018-08-01 00:00:00', '2019-12-31 23:59:59', 'A', 1, NULL, '1', '2018-10-03 14:52:27', NULL, '1'),
(18, 3, 'Descuento CAN Barcelona 10%', 'P', 10, NULL, '2018-08-01 00:00:00', '2019-12-31 23:59:59', 'A', 1, NULL, '1', '2018-10-03 14:52:27', NULL, '1'),
(19, 4, 'Descuento CAN Barcelona 10%', 'P', 10, NULL, '2018-08-01 00:00:00', '2019-12-31 23:59:59', 'A', 1, NULL, '1', '2018-10-03 14:52:27', NULL, '1'),
(20, 2, 'Descuento CAN Hospital IESS de Machala 10%', 'P', 10, NULL, '2018-08-01 00:00:00', '2019-12-31 23:59:59', 'A', 1, NULL, '1', '2018-10-03 14:52:27', NULL, '1'),
(21, 3, 'Descuento CAN Hospital IESS de Machala 10%', 'P', 10, NULL, '2018-08-01 00:00:00', '2019-12-31 23:59:59', 'A', 1, NULL, '1', '2018-10-03 14:52:27', NULL, '1'),
(22, 4, 'Descuento CAN Hospital IESS de Machala 10%', 'P', 10, NULL, '2018-08-01 00:00:00', '2019-12-31 23:59:59', 'A', 1, NULL, '1', '2018-10-03 14:52:27', NULL, '1'),
(23, 2, 'Descuento CAN Reserva 25%', 'P', 25, NULL, '2018-08-01 00:00:00', '2019-12-31 23:59:59', 'A', 1, NULL, '1', '2018-10-03 14:52:27', NULL, '1'),
(24, 3, 'Descuento CAN Reserva 25%', 'P', 25, NULL, '2018-08-01 00:00:00', '2019-12-31 23:59:59', 'A', 1, NULL, '1', '2018-10-03 14:52:27', NULL, '1'),
(25, 4, 'Descuento CAN Reserva 25%', 'P', 25, NULL, '2018-08-01 00:00:00', '2019-12-31 23:59:59', 'A', 1, NULL, '1', '2018-10-03 14:52:27', NULL, '1'),
(26, 1, 'Descuento CAN Barcelona 40%', 'P', 40, NULL, '2018-08-01 00:00:00', '2019-12-31 23:59:59', 'A', 1, NULL, '1', '2018-10-03 14:52:27', NULL, '1'),
(27, 2, 'Descuento CAN Inscripción por Valor', 'V', NULL, 96, '2018-12-07 00:00:00', '2019-01-07 23:59:59', 'A', 1, NULL, '1', '2018-10-18 23:32:26', NULL, '1'),
(28, 3, 'Descuento CAN Inscripción por Valor', 'V', NULL, 96, '2018-12-07 00:00:00', '2019-01-12 23:59:59', 'A', 1, NULL, '1', '2018-10-18 23:32:26', NULL, '1'),
(29, 4, 'Descuento CAN Inscripción por Valor', 'V', NULL, 96, '2018-12-07 00:00:00', '2019-01-12 23:59:59', 'A', 1, NULL, '1', '2018-10-18 23:32:26', NULL, '1'),
(30, 5, 'Descuento CAN Inscripción por Valor', 'V', NULL, 96, '2018-12-07 00:00:00', '2019-01-07 23:59:59', 'A', 1, NULL, '1', '2018-10-18 23:32:26', NULL, '1'),
(31, 6, 'Descuento CAN Inscripción por Valor', 'V', NULL, 96, '2018-12-07 00:00:00', '2019-01-12 23:59:59', 'A', 1, NULL, '1', '2018-10-18 23:32:26', NULL, '1'),
(32, 7, 'Descuento CAN Inscripción por Valor', 'V', NULL, 96, '2018-12-07 00:00:00', '2019-01-12 23:59:59', 'A', 1, NULL, '1', '2018-10-18 23:32:26', NULL, '1'),
(33, 8, 'Descuento 20%', 'P', 20, NULL, '2018-12-06 00:00:00', NULL, 'A', 1, NULL, '1', '2018-12-12 15:15:33', NULL, '1'),
(34, 9, 'Descuento 20%', 'P', 20, NULL, '2018-12-06 00:00:00', NULL, 'A', 1, NULL, '1', '2018-12-12 15:15:33', NULL, '1'),
(35, 10, 'Descuento 20%', 'P', 20, NULL, '2018-12-06 00:00:00', NULL, 'A', 1, NULL, '1', '2018-12-12 15:15:33', NULL, '1'),
(36, 11, 'Descuento 20%', 'P', 20, NULL, '2018-12-06 00:00:00', NULL, 'A', 1, NULL, '1', '2018-12-12 15:15:33', NULL, '1'),
(37, 8, 'Descuento 30%', 'P', 30, NULL, '2018-12-06 00:00:00', NULL, 'A', 1, NULL, '1', '2018-12-12 15:15:33', NULL, '1'),
(38, 9, 'Descuento 30%', 'P', 30, NULL, '2018-12-06 00:00:00', NULL, 'A', 1, NULL, '1', '2018-12-12 15:15:33', NULL, '1'),
(39, 10, 'Descuento 30%', 'P', 30, NULL, '2018-12-06 00:00:00', NULL, 'A', 1, NULL, '1', '2018-12-12 15:15:33', NULL, '1'),
(40, 11, 'Descuento 30%', 'P', 30, NULL, '2018-12-06 00:00:00', NULL, 'A', 1, NULL, '1', '2018-12-12 15:15:33', NULL, '1'),
(41, 8, 'Descuento 40%', 'P', 40, NULL, '2018-12-06 00:00:00', NULL, 'A', 1, NULL, '1', '2018-12-12 15:15:33', NULL, '1'),
(42, 9, 'Descuento 40%', 'P', 40, NULL, '2018-12-06 00:00:00', NULL, 'A', 1, NULL, '1', '2018-12-12 15:15:33', NULL, '1'),
(43, 10, 'Descuento 40%', 'P', 40, NULL, '2018-12-06 00:00:00', NULL, 'A', 1, NULL, '1', '2018-12-12 15:15:33', NULL, '1'),
(44, 11, 'Descuento 40%', 'P', 40, NULL, '2018-12-06 00:00:00', NULL, 'A', 1, NULL, '1', '2018-12-12 15:15:33', NULL, '1'),
(45, 8, 'Descuento 50%', 'P', 50, null, '2019/02/27 00:00:00', null, 'A', 1, NULL, '1', '2019-02-27 15:15:33',NULL, '1'),
(46, 9, 'Descuento 50%', 'P', 50, null, '2019/02/27 00:00:00', null, 'A', 1, NULL, '1', '2019-02-27 15:15:33',NULL, '1'),
(47, 10, 'Descuento 50%', 'P', 50, null, '2019/02/27 00:00:00', null, 'A', 1, NULL, '1', '2019-02-27 15:15:33',NULL, '1'),
(48, 11, 'Descuento 50%', 'P', 50, null, '2019/02/27 00:00:00', null, 'A', 1, NULL, '1', '2019-02-27 15:15:33',NULL, '1'),

(49, 2, 'Descuento 20%', 'P', 20, null, '2019/03/11 00:00:00', '2019/03/30 23:59:59', 'A', 1, NULL, '1', '2019-03-10 15:15:33',NULL, '1'),
(50, 3, 'Descuento 20%', 'P', 20, null, '2019/03/11 00:00:00', '2019/03/30 23:59:59', 'A', 1, NULL, '1', '2019-03-10 15:15:33',NULL, '1'),
(51, 4, 'Descuento 20%', 'P', 20, null, '2019/03/11 00:00:00', '2019/03/30 23:59:59', 'A', 1, NULL, '1', '2019-03-10 15:15:33',NULL, '1'),

(52, 12, 'Descuento 20%', 'P', 20, null, '2019/04/01 00:00:00', null, 'A', 1, NULL, '1', '2019-04-01 00:00:00', NULL, '1'),
(53, 13, 'Descuento 20%', 'P', 20, null, '2019/04/01 00:00:00', null, 'A', 1, NULL, '1', '2019-04-01 00:00:00', NULL, '1'),
(54, 14, 'Descuento 20%', 'P', 20, null, '2019/04/01 00:00:00', null, 'A', 1, NULL, '1', '2019-04-01 00:00:00', NULL, '1'),
(55, 1, 'Descuento 10%', 'P', 10, null, '2019-04-23 00:00:00', '2019-04-28 00:00:00', 'A', 1, NULL, '1', '2019-04-23 00:00:00', NULL, '1');

-- --------------------------------------------------------
--
-- Volcado de datos para la tabla `historial_descuento_item` 
-- --------------------------------------------------------
INSERT INTO `historial_descuento_item` (`hdit_id`, `ddit_id`, `dite_id`, `hdit_porcentaje`, `hdit_tipo_beneficio`, `hdit_valor`, `hdit_descripcion`, `hdit_fecha_inicio`, `hdit_fecha_fin`, `hdit_estado_descuento`, `hdit_usu_transaccion`, `hdit_estado`, `hdit_fecha_creacion`, `hdit_fecha_modificacion`, `hdit_estado_logico`) VALUES
(1, 1, 1, 20, 'P', NULL, 'Descuento CAN Online 20%', '2018-08-01 00:00:00', '2019-12-31 23:59:59', 'A', 1, '1', '2018-10-03 14:52:27', NULL, '1'),
(2, 2, 2, 25, 'P', NULL, 'Descuento CAN Campania 25%', '2018-08-01 00:00:00', '2019-12-31 23:59:59', 'A', 1, '1', '2018-10-03 14:52:27', NULL, '1'),
(3, 3, 3, 25, 'P', NULL, 'Descuento CAN Campania 25%', '2018-08-01 00:00:00', '2019-12-31 23:59:59', 'A', 1, '1', '2018-10-03 14:52:27', NULL, '1'),
(4, 4, 4, 25, 'P', NULL, 'Descuento CAN Campania 25%', '2018-08-01 00:00:00', '2019-12-31 23:59:59', 'A', 1, '1', '2018-10-03 14:52:27', NULL, '1'),
(5, 5, 2, 10, 'P', NULL, 'Descuento CAN CNEL 10%', '2018-08-01 00:00:00', '2019-12-31 23:59:59', 'A', 1, '1', '2018-10-03 14:52:27', NULL, '1'),
(6, 6, 3, 10, 'P', NULL, 'Descuento CAN CNEL 10%', '2018-08-01 00:00:00', '2019-12-31 23:59:59', 'A', 1, '1', '2018-10-03 14:52:27', NULL, '1'),
(7, 7, 4, 10, 'P', NULL, 'Descuento CAN CNEL 10%', '2018-08-01 00:00:00', '2019-12-31 23:59:59', 'A', 1, '1', '2018-10-03 14:52:27', NULL, '1'),
(8, 8, 2, 10, 'P', NULL, 'Descuento CAN Cámara Turismo del Guayas 10%', '2018-08-01 00:00:00', '2019-12-31 23:59:59', 'A', 1, '1', '2018-10-03 14:52:27', NULL, '1'),
(9, 9, 3, 10, 'P', NULL, 'Descuento CAN Cámara Turismo del Guayas 10%', '2018-08-01 00:00:00', '2019-12-31 23:59:59', 'A', 1, '1', '2018-10-03 14:52:27', NULL, '1'),
(10, 10, 4, 10, 'P', NULL, 'Descuento CAN Cámara Turismo del Guayas 10%', '2018-08-01 00:00:00', '2019-12-31 23:59:59', 'A', 1, '1', '2018-10-03 14:52:27', NULL, '1'),
(11, 11, 2, 10, 'P', NULL, 'Descuento CAN Cámara Espanola de Comercio de Ecuador 10%', '2018-08-01 00:00:00', '2019-12-31 23:59:59', 'A', 1, '1', '2018-10-03 14:52:27', NULL, '1'),
(12, 12, 3, 10, 'P', NULL, 'Descuento CAN Cámara Espanola de Comercio de Ecuador 10%', '2018-08-01 00:00:00', '2019-12-31 23:59:59', 'A', 1, '1', '2018-10-03 14:52:27', NULL, '1'),
(13, 13, 4, 10, 'P', NULL, 'Descuento CAN Cámara Espanola de Comercio de Ecuador 10%', '2018-08-01 00:00:00', '2019-12-31 23:59:59', 'A', 1, '1', '2018-10-03 14:52:27', NULL, '1'),
(14, 14, 2, 10, 'P', NULL, 'Descuento CAN Banco Guayaquil 10%', '2018-08-01 00:00:00', '2019-12-31 23:59:59', 'A', 1, '1', '2018-10-03 14:52:27', NULL, '1'),
(15, 15, 3, 10, 'P', NULL, 'Descuento CAN Banco Guayaquil 10%', '2018-08-01 00:00:00', '2019-12-31 23:59:59', 'A', 1, '1', '2018-10-03 14:52:27', NULL, '1'),
(16, 16, 4, 10, 'P', NULL, 'Descuento CAN Banco Guayaquil 10%', '2018-08-01 00:00:00', '2019-12-31 23:59:59', 'A', 1, '1', '2018-10-03 14:52:27', NULL, '1'),
(17, 17, 2, 10, 'P', NULL, 'Descuento CAN Barcelona 10%', '2018-08-01 00:00:00', '2019-12-31 23:59:59', 'A', 1, '1', '2018-10-03 14:52:27', NULL, '1'),
(18, 18, 3, 10, 'P', NULL, 'Descuento CAN Barcelona 10%', '2018-08-01 00:00:00', '2019-12-31 23:59:59', 'A', 1, '1', '2018-10-03 14:52:27', NULL, '1'),
(19, 19, 4, 10, 'P', NULL, 'Descuento CAN Barcelona 10%', '2018-08-01 00:00:00', '2019-12-31 23:59:59', 'A', 1, '1', '2018-10-03 14:52:27', NULL, '1'),
(20, 20, 2, 10, 'P', NULL, 'Descuento CAN Hospital IESS de Machala 10%', '2018-08-01 00:00:00', '2019-12-31 23:59:59', 'A', 1, '1', '2018-10-03 14:52:27', NULL, '1'),
(21, 21, 3, 10, 'P', NULL, 'Descuento CAN Hospital IESS de Machala 10%', '2018-08-01 00:00:00', '2019-12-31 23:59:59', 'A', 1, '1', '2018-10-03 14:52:27', NULL, '1'),
(22, 22, 4, 10, 'P', NULL, 'Descuento CAN Hospital IESS de Machala 10%', '2018-08-01 00:00:00', '2019-12-31 23:59:59', 'A', 1, '1', '2018-10-03 14:52:27', NULL, '1'),
(23, 23, 2, 25, 'P', NULL, 'Descuento CAN Reserva 25%', '2018-08-01 00:00:00', '2019-12-31 23:59:59', 'A', 1, '1', '2018-10-03 14:52:27', NULL, '1'),
(24, 24, 3, 25, 'P', NULL, 'Descuento CAN Reserva 25%', '2018-08-01 00:00:00', '2019-12-31 23:59:59', 'A', 1, '1', '2018-10-03 14:52:27', NULL, '1'),
(25, 25, 4, 25, 'P', NULL, 'Descuento CAN Reserva 25%', '2018-08-01 00:00:00', '2019-12-31 23:59:59', 'A', 1, '1', '2018-10-03 14:52:27', NULL, '1'),
(26, 26, 1, 40, 'P', NULL, 'Descuento CAN Barcelona 40%', '2018-08-01 00:00:00', '2019-12-31 23:59:59', 'A', 1, '1', '2018-10-03 14:52:27', NULL, '1'),
(27, 27, 2, NULL, 'V', 96, 'Descuento CAN Inscripción', '2018-10-18 00:00:00', '2018-11-17 23:59:59', 'A', 1, '1', '2018-10-18 23:33:10', NULL, '1'),
(28, 28, 3, NULL, 'V', 96, 'Descuento CAN Inscripción', '2018-10-18 00:00:00', '2018-11-17 23:59:59', 'A', 1, '1', '2018-10-18 23:33:10', NULL, '1'),
(29, 29, 4, NULL, 'V', 96, 'Descuento CAN Inscripción', '2018-10-18 00:00:00', '2018-11-17 23:59:59', 'A', 1, '1', '2018-10-18 23:33:10', NULL, '1'),
(30, 30, 5, NULL, 'V', 96, 'Descuento CAN Inscripción', '2018-10-18 00:00:00', '2018-11-17 23:59:59', 'A', 1, '1', '2018-10-18 23:33:10', NULL, '1'),
(31, 31, 6, NULL, 'V', 96, 'Descuento CAN Inscripción', '2018-10-18 00:00:00', '2018-11-17 23:59:59', 'A', 1, '1', '2018-10-18 23:33:10', NULL, '1'),
(32, 32, 7, NULL, 'V', 96, 'Descuento CAN Inscripción', '2018-10-18 00:00:00', '2018-11-17 23:59:59', 'A', 1, '1', '2018-10-18 23:33:10', NULL, '1'),
(33, 27, 2, NULL, 'V', 96, 'Descuento CAN Inscripcion por Valor', '2018-11-21 00:00:00', '2018-11-22 23:59:59', 'A', 1, '1', '2018-11-21 15:29:33', NULL, '1'),
(34, 28, 3, NULL, 'V', 96, 'Descuento CAN Inscripcion por Valor', '2018-11-21 00:00:00', '2018-11-22 23:59:59', 'A', 1, '1', '2018-11-21 15:29:33', NULL, '1'),
(35, 29, 4, NULL, 'V', 96, 'Descuento CAN Inscripcion por Valor', '2018-11-21 00:00:00', '2018-11-22 23:59:59', 'A', 1, '1', '2018-11-21 15:29:33', NULL, '1'),
(36, 30, 5, NULL, 'V', 96, 'Descuento CAN Inscripcion por Valor', '2018-11-21 00:00:00', '2018-11-22 23:59:59', 'A', 1, '1', '2018-11-21 15:29:33', NULL, '1'),
(37, 31, 6, NULL, 'V', 96, 'Descuento CAN Inscripcion por Valor', '2018-11-21 00:00:00', '2018-11-22 23:59:59', 'A', 1, '1', '2018-11-21 15:29:33', NULL, '1'),
(38, 32, 7, NULL, 'V', 96, 'Descuento CAN Inscripcion por Valor', '2018-11-21 00:00:00', '2018-11-22 23:59:59', 'A', 1, '1', '2018-11-21 15:29:33', NULL, '1'),
(39, 27, 2, NULL, 'V', 96, 'Descuento CAN Inscripcion por Valor', '2018-12-07 00:00:00', '2019-01-07 23:59:59', 'A', 1, '1', '2018-12-07 15:21:35', NULL, '1'),
(40, 28, 3, NULL, 'V', 96, 'Descuento CAN Inscripcion por Valor', '2018-12-07 00:00:00', '2019-01-12 23:59:59', 'A', 1, '1', '2018-12-07 15:21:35', NULL, '1'),
(41, 29, 4, NULL, 'V', 96, 'Descuento CAN Inscripcion por Valor', '2018-12-07 00:00:00', '2019-01-12 23:59:59', 'A', 1, '1', '2018-12-07 15:21:35', NULL, '1'),
(42, 30, 5, NULL, 'V', 96, 'Descuento CAN Inscripcion por Valor', '2018-12-07 00:00:00', '2019-01-07 23:59:59', 'A', 1, '1', '2018-12-07 15:21:35', NULL, '1'),
(43, 31, 6, NULL, 'V', 96, 'Descuento CAN Inscripcion por Valor', '2018-12-07 00:00:00', '2019-01-12 23:59:59', 'A', 1, '1', '2018-12-07 15:21:35', NULL, '1'),
(44, 32, 7, NULL, 'V', 96, 'Descuento CAN Inscripcion por Valor', '2018-12-07 00:00:00', '2019-01-12 23:59:59', 'A', 1, '1', '2018-12-07 15:21:35', NULL, '1'),
(45, 33, 8, 20, 'P', NULL, 'Descuento 20%', '2018-12-06 00:00:00', NULL, 'A', 1, '1', '2018-12-12 15:15:42', NULL, '1'),
(46, 34, 9, 20, 'P', NULL, 'Descuento 20%', '2018-12-06 00:00:00', NULL, 'A', 1, '1', '2018-12-12 15:15:42', NULL, '1'),
(47, 35, 10, 20, 'P', NULL, 'Descuento 20%', '2018-12-06 00:00:00', NULL, 'A', 1, '1', '2018-12-12 15:15:42', NULL, '1'),
(48, 36, 11, 20, 'P', NULL, 'Descuento 20%', '2018-12-06 00:00:00', NULL, 'A', 1, '1', '2018-12-12 15:15:42', NULL, '1'),
(49, 37, 8, 30, 'P', NULL, 'Descuento 30%', '2018-12-06 00:00:00', NULL, 'A', 1, '1', '2018-12-12 15:15:42', NULL, '1'),
(50, 38, 9, 30, 'P', NULL, 'Descuento 30%', '2018-12-06 00:00:00', NULL, 'A', 1, '1', '2018-12-12 15:15:42', NULL, '1'),
(51, 39, 10, 30, 'P', NULL, 'Descuento 30%', '2018-12-06 00:00:00', NULL, 'A', 1, '1', '2018-12-12 15:15:42', NULL, '1'),
(52, 40, 11, 30, 'P', NULL, 'Descuento 30%', '2018-12-06 00:00:00', NULL, 'A', 1, '1', '2018-12-12 15:15:42', NULL, '1'),
(53, 41, 8, 40, 'P', NULL, 'Descuento 40%', '2018-12-06 00:00:00', NULL, 'A', 1, '1', '2018-12-12 15:15:42', NULL, '1'),
(54, 42, 9, 40, 'P', NULL, 'Descuento 40%', '2018-12-06 00:00:00', NULL, 'A', 1, '1', '2018-12-12 15:15:42', NULL, '1'),
(55, 43, 10, 40, 'P', NULL, 'Descuento 40%', '2018-12-06 00:00:00', NULL, 'A', 1, '1', '2018-12-12 15:15:42', NULL, '1'),
(56, 44, 11, 40, 'P', NULL, 'Descuento 40%', '2018-12-06 00:00:00', NULL, 'A', 1, '1', '2018-12-12 15:15:42', NULL, '1'),
(57, 26, 1, 60, 'P', NULL, 'Descuento CAN Barcelona 60%', '2018-04-17 00:00:00', '2018-09-30 23:59:59', 'A', 1, '1', '2018-12-14 15:23:27', NULL, '1'),
(58, 45, 8, 50, 'P', null, 'Descuento 50%',   '2019-02-27 00:00:00', null, 'A', 1, '1','2018-12-14 15:23:27', NULL,  '1'),
(59, 46, 9, 50, 'P', null, 'Descuento 50%',  '2019-02-27 00:00:00', null, 'A', 1, '1', '2018-12-14 15:23:27', NULL, '1'),
(60, 47, 10, 50, 'P', null, 'Descuento 50%', '2019-02-27 00:00:00', null, 'A', 1, '1', '2018-12-14 15:23:27', NULL, '1'),
(61, 48, 11, 50, 'P', null, 'Descuento 50%', '2019-02-27 00:00:00', null, 'A', 1, '1', '2018-12-14 15:23:27', NULL, '1'),

(62, 49, 2, 20, 'P', null, 'Descuento 20%', '2019/03/11 00:00:00', '2019/03/30 23:59:59', 'A', 1, '1', '2019-03-11 15:23:27', NULL, '1'),
(63, 50, 3, 20, 'P', null, 'Descuento 20%', '2019/03/11 00:00:00', '2019/03/30 23:59:59', 'A', 1, '1', '2019-03-11 15:23:27', NULL, '1'),
(64, 51, 4, 20, 'P', null, 'Descuento 20%', '2019/03/11 00:00:00', '2019/03/30 23:59:59', 'A', 1, '1', '2019-03-11 15:23:27', NULL, '1'),

(65, 52, 12, 20, 'P', null, 'Descuento 20%', '2019/04/01 00:00:00', NULL, 'A', 1, '1', '2019-04-01 15:23:27', NULL, '1'),
(66, 53, 13, 20, 'P', null, 'Descuento 20%', '2019/04/01 00:00:00', NULL, 'A', 1, '1', '2019-04-01 15:23:27', NULL, '1'),
(67, 54, 14, 20, 'P', null, 'Descuento 20%', '2019/04/01 00:00:00', NULL, 'A', 1, '1', '2019-04-01 15:23:27', NULL, '1'),

(68, 49, 2, 20, 'P', null, 'Descuento 20%', '2019/04/01 00:00:00', '2019/04/06 23:59:59', 'A', 1, '1', '2019-04-01 15:23:27', NULL, '1'),
(69, 50, 3, 20, 'P', null, 'Descuento 20%', '2019/04/01 00:00:00', '2019/04/06 23:59:59', 'A', 1, '1', '2019-04-01 15:23:27', NULL, '1');

-- --------------------------------------------------------
--
-- Volcado de datos para la tabla `secuencias` 
-- --------------------------------------------------------
insert into `secuencias` (`emp_id`, `estab_id`, `pemis_id`, `secu_tipo_doc`, `secuencia`, `secu_nombre`, `secu_estado`, `secu_estado_logico`) VALUES
(1, 1, 1, 'SOL', '000000215', 'SOLICITUDES UTEG', '1', '1'),
(2, 1, 1, 'SOL', '000000000', 'SOLICITUDES SMART', '1', '1'),
(3, 1, 1, 'SOL', '000000000', 'SOLICITUDES ULINK', '1', '1');

-- --------------------------------------------------------
--
-- Volcado de datos para la tabla `item_parametro` 
-- --------------------------------------------------------
insert into db_facturacion.`item_parametro` (`ipar_id`, `uaca_id`, `mod_id`, `ipar_ite_inscripcion`, `ipar_ite_matriculacion`, `ipar_estado`,  `ipar_estado_logico`) VALUES
(1, 1, 1, null, 158, '1', '1'),
(2, 1, 2, 155, 159, '1', '1'),
(3, 1, 3, 156, 160, '1', '1'),
(4, 1, 4, 157, 161, '1', '1');

-- Posgrado - Inscripción
insert into db_facturacion.item_parametro 
(`ipar_id`, `uaca_id`, `mod_id`, `ipar_ite_inscripcion`, `ipar_ite_matriculacion`, `ipar_estado`,  `ipar_estado_logico`) 
values (5, 2, 1, 170, null, '1', '1'),
(6, 2, 2, 10, null, '1', '1'),
(7, 2, 3, 10, null, '1', '1');

-- --------------------------------------------------------
--
-- Volcado de datos para la tabla `otros_item_metodo_nivel` 
-- --------------------------------------------------------
insert into `otros_item_metodo_nivel` (`oimn_id`, `ite_id`, `ming_id`, `uaca_id`, `mod_id`, `oimn_usu_ingreso`, `oimn_estado`, `oimn_estado_logico`) values
(1, 162, null, 1, 2, 1, '1', '1'),
(2, 163, null, 1, 3, 1, '1', '1'),
(3, 164, null, 1, 4, 1, '1', '1');