--
-- Base de datos: `db_facturacion`
--
use `db_facturacion`;
-- u
--
-- Volcado de datos para la tabla `orden_pago`
--
INSERT INTO `orden_pago` (`opag_id`, `sins_id`, `sbpa_id`, `doc_id`, `opag_subtotal`, `opag_iva`, `opag_total`, `opag_valor_pagado`, `opag_fecha_generacion`, `opag_estado_pago`, `opag_fecha_pago_total`, `opag_observacion`, `opag_usu_ingreso`, `opag_usu_modifica`, `opag_estado`, `opag_fecha_creacion`, `opag_fecha_modificacion`, `opag_estado_logico`) VALUES
(1, 1, NULL, NULL, 150, 0, 150, 150, '2017-10-03 13:57:02', 'S', '2017-10-07 15:17:59', NULL, 22, NULL, '1', '2017-10-03 13:57:02', '2017-10-11 16:22:45', '1'),
(2, 2, NULL, NULL, 150, 0, 150, 150, '2017-10-05 07:34:19', 'S', '2017-10-12 11:22:27', NULL, 5, NULL, '1', '2017-10-05 07:34:19', '2017-10-12 16:22:27', '1'),
(3, 3, NULL, NULL, 150, 0, 150, 150, '2017-10-12 13:22:51', 'S', '2017-10-14 07:14:02', NULL, 5, NULL, '1', '2017-10-12 13:22:51', '2017-11-30 03:48:09', '1'),
(4, 4, NULL, NULL, 150, 0, 150, 150, '2017-10-14 07:00:05', 'S', '2017-10-15 07:15:17', NULL, 5, NULL, '1', '2017-10-14 07:00:05', '2017-10-14 12:14:02', '1'),
(5, 6, NULL, NULL, 150, 0, 150, 150, '2017-10-15 07:08:58', 'S', '2017-10-15 07:23:17', NULL, 5, NULL, '1', '2017-10-15 07:08:58', '2017-10-15 12:15:17', '1'),
(6, 5, NULL, NULL, 150, 0, 150, 150, '2017-10-15 07:21:25', 'S', '2017-10-17 12:50:41', NULL, 5, NULL, '1', '2017-10-15 07:21:25', '2017-10-15 12:23:17', '1'),
(7, 7, NULL, NULL, 150, 0, 150, 150, '2017-10-17 12:47:34', 'S', '2017-10-18 08:37:32', NULL, 22, NULL, '1', '2017-10-17 12:47:34', '2017-10-17 18:03:17', '1'),
(8, 8, NULL, NULL, 150, 0, 150, 150, '2018-04-03 21:37:06', 'S', '2018-04-03 21:37:06', NULL, 22, 21, '1', '2017-10-18 07:36:05', '2018-04-03 21:37:06', '1'),
(9, 9, NULL, NULL, 150, 0, 150, 150, '2017-10-18 23:30:21', 'S', '2017-10-19 03:12:51', NULL, 5, NULL, '1', '2017-10-18 23:30:21', '2017-10-19 11:16:40', '1'),
(10, 10, NULL, NULL, 150, 0, 150, 150, '2017-10-27 05:32:26', 'S', '2017-11-01 04:52:34', NULL, 22, NULL, '1', '2017-10-27 05:32:26', '2017-11-01 10:52:50', '1'),
(11, 11, NULL, NULL, 90, 0, 90, 90, '2018-02-24 03:06:24', 'S', '2018-02-24 03:06:24', NULL, 5, 24, '1', '2017-11-02 02:55:44', '2018-02-24 03:06:24', '1'),
(12, 12, NULL, NULL, 150, 0, 150, 150, '2017-11-07 08:30:13', 'S', '2017-11-09 20:40:12', NULL, 22, NULL, '1', '2017-11-07 08:30:13', '2017-11-30 01:10:45', '1'),
(13, 13, NULL, NULL, 150, 0, 150, 150, '2017-11-09 03:55:44', 'S', '2017-11-11 21:11:31', NULL, 22, NULL, '1', '2017-11-09 03:55:44', '2017-11-14 01:37:15', '1'),
(14, 14, NULL, NULL, 150, 0, 150, 150, '2017-11-09 09:33:57', 'S', '2017-11-14 00:43:24', NULL, 22, NULL, '1', '2017-11-09 09:33:57', '2017-11-30 01:11:46', '1'),
(15, 15, NULL, NULL, 150, 0, 150, 150, '2017-11-09 09:36:57', 'S', '2017-11-17 06:45:14', NULL, 22, NULL, '1', '2017-11-09 09:36:57', '2017-11-11 05:11:46', '1'),
(16, 16, NULL, NULL, 150, 0, 150, 150, '2017-11-11 07:32:49', 'S', '2017-11-19 22:09:11', NULL, 22, NULL, '1', '2017-11-11 07:32:49', '2017-11-29 07:52:05', '1'),
(17, 17, NULL, NULL, 150, 0, 150, 150, '2017-11-11 08:04:37', 'S', '2017-11-14 02:27:05', NULL, 22, NULL, '1', '2017-11-11 08:04:37', '2017-11-23 03:52:58', '1'),
(18, 19, NULL, NULL, 150, 0, 150, 150, '2017-11-14 00:38:27', 'S', '2017-11-29 02:49:32', NULL, 22, NULL, '1', '2017-11-14 00:38:27', '2017-11-30 01:18:29', '1'),
(19, 18, NULL, NULL, 150, 0, 150, 150, '2018-04-26 20:05:50', 'S', '2018-04-26 20:05:50', NULL, 5, 21, '1', '2017-11-14 00:49:51', '2018-04-26 20:05:50', '1'),
(20, 20, NULL, NULL, 150, 0, 150, 150, '2017-11-14 05:10:20', 'S', '2017-11-29 01:05:56', NULL, 5, NULL, '1', '2017-11-14 05:10:20', '2017-11-14 07:09:18', '1'),
(21, 21, NULL, NULL, 150, 0, 150, 150, '2017-11-16 02:23:18', 'S', '2017-11-29 05:24:00', NULL, 5, NULL, '1', '2017-11-16 02:23:18', '2017-11-19 02:24:30', '1'),
(22, 22, NULL, NULL, 150, 0, 150, 150, '2017-11-20 03:02:34', 'S', '2017-11-29 20:10:45', NULL, 5, NULL, '1', '2017-11-20 03:02:34', '2017-11-21 00:15:51', '1'),
(23, 23, NULL, NULL, 150, 0, 150, 150, '2017-11-23 03:05:50', 'S', '2017-11-29 20:18:29', NULL, 5, NULL, '1', '2017-11-23 03:05:50', '2017-11-29 07:49:32', '1'),
(24, 24, NULL, NULL, 150, 0, 150, 150, '2017-11-29 10:17:05', 'S', '2017-11-29 22:39:40', NULL, 5, NULL, '1', '2017-11-29 10:17:05', '2017-11-30 00:36:25', '1'),
(25, 25, NULL, NULL, 150, 0, 150, 150, '2018-05-14 20:32:38', 'S', '2018-05-14 20:32:38', NULL, 22, 21, '1', '2017-12-05 07:27:50', '2018-05-14 20:32:38', '1'),
(26, 26, NULL, NULL, 150, 0, 150, 150, '2018-01-10 22:59:15', 'S', '2018-01-10 22:59:15', NULL, 22, 24, '1', '2017-12-15 00:04:53', '2018-01-10 22:59:15', '1'),
(27, 27, NULL, NULL, 150, 0, 150, 150, '2018-01-09 02:38:18', 'S', '2018-01-09 02:38:18', NULL, 22, 24, '1', '2018-01-08 20:10:26', '2018-01-09 02:38:18', '1'),
(28, 28, NULL, NULL, 150, 0, 150, 150, '2018-01-09 21:14:55', 'S', '2018-01-09 21:14:55', NULL, 22, 24, '1', '2018-01-08 21:41:52', '2018-01-09 21:14:55', '1'),
(29, 29, NULL, NULL, 150, 0, 150, 150, '2018-01-13 01:02:01', 'S', '2018-01-13 01:02:01', NULL, 5, 24, '1', '2018-01-12 20:20:20', '2018-01-13 01:02:01', '1'),
(30, 30, NULL, NULL, 150, 0, 150, 150, '2018-01-13 19:02:10', 'S', '2018-01-13 19:02:10', NULL, 5, 24, '1', '2018-01-13 00:25:42', '2018-01-13 19:02:10', '1'),
(31, 32, NULL, NULL, 150, 0, 150, 150, '2018-01-20 03:53:50', 'S', '2018-01-20 03:53:50', NULL, 5, 24, '1', '2018-01-16 00:49:18', '2018-01-20 03:53:50', '1'),
(32, 31, NULL, NULL, 150, 0, 150, 150, '2018-04-26 20:11:56', 'S', '2018-04-26 20:11:56', NULL, 5, 21, '1', '2018-01-16 00:49:38', '2018-04-26 20:11:56', '1'),
(33, 33, NULL, NULL, 150, 0, 150, 150, '2018-01-19 19:02:30', 'S', '2018-01-19 19:02:30', NULL, 5, 24, '1', '2018-01-18 03:11:53', '2018-01-19 19:02:30', '1'),
(34, 34, NULL, NULL, 150, 0, 150, 150, '2018-01-23 03:15:16', 'S', '2018-01-23 03:15:16', NULL, 5, 24, '1', '2018-01-23 02:13:50', '2018-01-23 03:15:16', '1'),
(35, 35, NULL, NULL, 150, 0, 150, 150, '2018-02-02 03:13:32', 'S', '2018-02-02 03:13:32', NULL, 5, 21, '1', '2018-01-27 01:05:48', '2018-02-02 03:13:32', '1'),
(36, 36, NULL, NULL, 150, 0, 150, 150, '2018-01-31 00:16:01', 'S', '2018-01-31 00:16:01', NULL, 5, 21, '1', '2018-01-27 07:37:15', '2018-01-31 00:16:01', '1'),
(37, 38, NULL, NULL, 120, 0, 120, 120, '2018-02-20 02:06:39', 'S', '2018-02-20 02:06:39', NULL, 5, 24, '1', '2018-02-01 01:02:43', '2018-02-20 02:06:39', '1'),
(38, 37, NULL, NULL, 150, 0, 150, 150, '2018-02-05 22:14:02', 'S', '2018-02-05 22:14:02', NULL, 5, 21, '1', '2018-02-01 01:03:04', '2018-02-05 22:14:02', '1'),
(39, 39, NULL, NULL, 150, 0, 150, 150, '2018-02-19 21:48:18', 'S', '2018-02-19 21:48:18', NULL, 5, 24, '1', '2018-02-02 02:29:53', '2018-02-19 21:48:18', '1'),
(40, 40, NULL, NULL, 150, 0, 150, 150, '2018-02-16 03:46:11', 'S', '2018-02-16 03:46:11', NULL, 5, 25, '1', '2018-02-15 01:00:32', '2018-02-16 03:46:11', '1'),
(41, 41, NULL, NULL, 150, 0, 150, 150, '2018-02-21 00:39:15', 'S', '2018-02-21 00:39:15', NULL, 5, 24, '1', '2018-02-16 21:35:17', '2018-02-21 00:39:15', '1'),
(42, 42, NULL, NULL, 150, 0, 150, 150, '2018-02-17 02:37:14', 'S', '2018-02-17 02:37:14', NULL, 22, 24, '1', '2018-02-17 02:25:00', '2018-02-17 02:37:14', '1'),
(43, 43, NULL, NULL, 150, 0, 150, 150, '2018-02-19 21:40:50', 'S', '2018-02-19 21:40:50', NULL, 5, 24, '1', '2018-02-19 20:07:51', '2018-02-19 21:40:50', '1'),
(44, 45, NULL, NULL, 150, 0, 150, 150, '2018-02-20 02:25:24', 'S', '2018-02-20 02:25:24', NULL, 5, 21, '1', '2018-02-20 02:11:58', '2018-02-20 02:25:24', '1'),
(45, 46, NULL, NULL, 150, 0, 150, 150, '2018-02-21 00:15:14', 'S', '2018-02-21 00:15:14', NULL, 22, 21, '1', '2018-02-20 19:25:00', '2018-02-21 00:15:14', '1'),
(46, 44, NULL, NULL, 150, 0, 150, 150, '2018-02-20 20:28:10', 'S', '2018-02-20 20:28:10', NULL, 22, 21, '1', '2018-02-20 19:38:07', '2018-02-20 20:28:10', '1'),
(47, 47, NULL, NULL, 150, 0, 150, 150, '2018-02-20 20:59:56', 'S', '2018-02-20 20:59:56', NULL, 22, 21, '1', '2018-02-20 20:42:31', '2018-02-20 20:59:56', '1'),
(48, 48, NULL, NULL, 150, 0, 150, 150, '2018-02-25 21:25:46', 'S', '2018-02-25 21:25:46', NULL, 5, 24, '1', '2018-02-24 06:40:56', '2018-02-25 21:25:46', '1'),
(49, 51, NULL, NULL, 150, 0, 150, 150, '2018-03-03 00:40:23', 'S', '2018-03-03 00:40:23', NULL, 22, 21, '1', '2018-03-02 04:52:39', '2018-03-03 00:40:23', '1'),
(50, 49, NULL, NULL, 150, 0, 150, 150, '2018-03-06 00:15:46', 'S', '2018-03-06 00:15:46', NULL, 5, 25, '1', '2018-03-02 19:14:04', '2018-03-06 00:15:46', '1'),
(51, 50, NULL, NULL, 150, 0, 150, 150, '2018-03-02 19:41:19', 'S', '2018-03-02 19:41:19', NULL, 5, 21, '1', '2018-03-02 19:14:25', '2018-03-02 19:41:19', '1'),
(52, 52, NULL, NULL, 150, 0, 150, 150, '2018-03-06 18:35:02', 'S', '2018-03-06 18:35:02', NULL, 5, 21, '1', '2018-03-05 23:34:01', '2018-03-06 18:35:02', '1'),
(53, 54, NULL, NULL, 150, 0, 150, 150, '2018-03-09 19:23:10', 'S', '2018-03-09 19:23:10', NULL, 22, 21, '1', '2018-03-09 02:18:25', '2018-03-09 19:23:10', '1'),
(54, 53, NULL, NULL, 120, 0, 120, 120, '2018-03-13 22:15:22', 'S', '2018-03-13 22:15:22', NULL, 22, 21, '1', '2018-03-09 21:49:58', '2018-03-13 22:15:22', '1'),
(55, 55, NULL, NULL, 150, 0, 150, 150, '2018-03-13 19:07:15', 'S', '2018-03-13 19:07:15', NULL, 22, 21, '1', '2018-03-09 22:05:08', '2018-03-13 19:07:15', '1'),
(56, 57, NULL, NULL, 150, 0, 150, 150, '2018-03-12 19:34:33', 'S', '2018-03-12 19:34:33', NULL, 5, 21, '1', '2018-03-10 00:36:17', '2018-03-12 19:34:33', '1'),
(57, 56, NULL, NULL, 150, 0, 150, 150, '2018-03-13 19:05:38', 'S', '2018-03-13 19:05:38', NULL, 22, 21, '1', '2018-03-10 04:37:40', '2018-03-13 19:05:38', '1'),
(58, 58, NULL, NULL, 150, 0, 150, 150, '2018-03-11 20:32:56', 'S', '2018-03-11 20:32:56', NULL, 5, 25, '1', '2018-03-10 19:30:26', '2018-03-11 20:32:56', '1'),
(59, 59, NULL, NULL, 150, 0, 150, 150, '2018-03-11 00:34:41', 'S', '2018-03-11 00:34:41', NULL, 5, 25, '1', '2018-03-10 23:19:23', '2018-03-11 00:34:41', '1'),
(60, 60, NULL, NULL, 150, 0, 150, 150, '2018-03-16 20:20:56', 'S', '2018-03-16 20:20:56', NULL, 22, 21, '1', '2018-03-13 20:04:23', '2018-03-16 20:20:56', '1'),
(61, 61, NULL, NULL, 150, 0, 150, 150, '2018-03-16 20:22:35', 'S', '2018-03-16 20:22:35', NULL, 5, 21, '1', '2018-03-14 02:23:54', '2018-03-16 20:22:35', '1'),
(62, 62, NULL, NULL, 120, 0, 120, 120, '2018-04-18 21:46:23', 'S', '2018-04-18 21:46:23', NULL, 5, 21, '1', '2018-03-14 22:00:31', '2018-04-18 21:46:23', '1'),
(63, 63, NULL, NULL, 150, 0, 150, 150, '2018-03-16 20:24:28', 'S', '2018-03-16 20:24:28', NULL, 5, 21, '1', '2018-03-15 01:00:14', '2018-03-16 20:24:28', '1'),
(64, 64, NULL, NULL, 150, 0, 150, 150, '2018-03-17 18:25:33', 'S', '2018-03-17 18:25:33', NULL, 5, 24, '1', '2018-03-16 00:21:25', '2018-03-17 18:25:33', '1'),
(65, 66, NULL, NULL, 150, 0, 150, 150, '2018-03-29 02:06:56', 'S', '2018-03-29 02:06:56', NULL, 5, 21, '1', '2018-03-16 21:59:38', '2018-03-29 02:06:56', '1'),
(66, 65, NULL, NULL, 150, 0, 150, 150, '2018-03-17 18:22:43', 'S', '2018-03-17 18:22:43', NULL, 5, 24, '1', '2018-03-16 21:59:53', '2018-03-17 18:22:43', '1'),
(67, 67, NULL, NULL, 150, 0, 150, 150, '2018-03-20 00:25:23', 'S', '2018-03-20 00:25:23', NULL, 22, 21, '1', '2018-03-17 00:04:01', '2018-03-20 00:25:23', '1'),
(68, 68, NULL, NULL, 150, 0, 150, 150, '2018-03-17 21:23:22', 'S', '2018-03-17 21:23:22', NULL, 5, 21, '1', '2018-03-17 19:52:44', '2018-03-17 21:23:22', '1'),
(69, 69, NULL, NULL, 150, 0, 150, 150, '2018-03-17 21:22:06', 'S', '2018-03-17 21:22:06', NULL, 5, 21, '1', '2018-03-17 20:20:11', '2018-03-17 21:22:06', '1'),
(70, 70, NULL, NULL, 150, 0, 150, 150, '2018-03-20 00:31:49', 'S', '2018-03-20 00:31:49', NULL, 5, 21, '1', '2018-03-17 21:52:11', '2018-03-20 00:31:49', '1'),
(71, 71, NULL, NULL, 150, 0, 150, 150, '2018-03-20 20:34:00', 'S', '2018-03-20 20:34:00', NULL, 5, 21, '1', '2018-03-19 20:28:27', '2018-03-20 20:34:00', '1'),
(72, 72, NULL, NULL, 150, 0, 150, 150, '2018-03-20 01:42:33', 'S', '2018-03-20 01:42:33', NULL, 22, 21, '1', '2018-03-19 21:12:51', '2018-03-20 01:42:33', '1'),
(73, 73, NULL, NULL, 150, 0, 150, 150, '2018-03-20 01:42:03', 'S', '2018-03-20 01:42:03', NULL, 5, 21, '1', '2018-03-19 21:30:36', '2018-03-20 01:42:03', '1'),
(74, 74, NULL, NULL, 150, 0, 150, 150, '2018-03-20 00:32:29', 'S', '2018-03-20 00:32:29', NULL, 5, 21, '1', '2018-03-19 23:17:32', '2018-03-20 00:32:29', '1'),
(75, 75, NULL, NULL, 150, 0, 150, 150, '2018-03-20 18:34:20', 'S', '2018-03-20 18:34:20', NULL, 5, 21, '1', '2018-03-20 02:46:24', '2018-03-20 18:34:20', '1'),
(76, 76, NULL, NULL, 150, 0, 150, 150, '2018-03-22 01:19:15', 'S', '2018-03-22 01:19:15', NULL, 5, 21, '1', '2018-03-21 20:11:19', '2018-03-22 01:19:15', '1'),
(77, 77, NULL, NULL, 150, 0, 150, 150, '2018-03-22 00:23:25', 'S', '2018-03-22 00:23:25', NULL, 22, 21, '1', '2018-03-21 22:53:29', '2018-03-22 00:23:25', '1'),
(78, 78, NULL, NULL, 150, 0, 150, 150, '2018-03-22 21:00:52', 'S', '2018-03-22 21:00:52', NULL, 22, 21, '1', '2018-03-22 05:23:46', '2018-03-22 21:00:52', '1'),
(79, 79, NULL, NULL, 150, 0, 150, 150, '2018-03-23 06:12:34', 'S', '2018-03-23 06:12:34', NULL, 5, 25, '1', '2018-03-22 20:53:40', '2018-03-23 06:12:34', '1'),
(80, 80, NULL, NULL, 150, 0, 150, 150, '2018-03-30 03:03:06', 'S', '2018-03-30 03:03:06', NULL, 5, 21, '1', '2018-03-29 21:45:29', '2018-03-30 03:03:06', '1'),
(81, 82, NULL, NULL, 120, 0, 120, 120, '2018-04-21 04:25:55', 'S', '2018-04-09 23:25:16', NULL, 5, 24, '1', '2018-04-02 18:44:01', '2018-04-09 23:25:16', '1'),
(82, 81, NULL, NULL, 120, 0, 120, 120, '2018-04-21 04:19:42', 'S', '2018-04-03 20:01:29', NULL, 5, 21, '1', '2018-04-02 18:44:44', '2018-04-03 20:01:29', '1'),
(83, 83, NULL, NULL, 90, 0, 90, 90, '2018-04-07 00:32:01', 'S', '2018-04-07 00:32:01', NULL, 22, 21, '1', '2018-04-04 01:53:47', '2018-04-07 00:32:01', '1'),
(84, 85, NULL, NULL, 120, 0, 120, 120, '2018-04-21 04:28:11', 'S', '2018-04-10 04:10:29', NULL, 22, 21, '1', '2018-04-04 03:27:16', '2018-04-10 04:10:29', '1'),
(85, 84, NULL, NULL, 150, 0, 150, 150, '2018-04-14 01:45:47', 'S', '2018-04-14 01:45:47', NULL, 5, 21, '1', '2018-04-04 21:20:31', '2018-04-14 01:45:47', '1'),
(86, 87, NULL, NULL, 120, 0, 120, 120, '2018-04-14 20:13:43', 'S', '2018-04-14 20:13:43', NULL, 5, 21, '1', '2018-04-04 21:21:17', '2018-04-14 20:13:43', '1'),
(87, 86, NULL, NULL, 150, 0, 150, 150, '2018-04-11 02:40:58', 'S', '2018-04-11 02:40:58', NULL, 5, 21, '1', '2018-04-06 00:30:59', '2018-04-11 02:40:58', '1'),
(88, 88, NULL, NULL, 150, 0, 150, 150, '2018-04-11 02:45:56', 'S', '2018-04-11 02:45:56', NULL, 5, 21, '1', '2018-04-06 00:31:17', '2018-04-11 02:45:56', '1'),
(89, 89, NULL, NULL, 120, 0, 120, 120, '2018-04-21 04:22:38', 'S', '2018-04-09 22:34:09', NULL, 5, 21, '1', '2018-04-06 19:11:14', '2018-04-09 22:34:09', '1'),
(90, 90, NULL, NULL, 120, 0, 120, 120, '2018-04-18 21:45:52', 'S', '2018-04-18 21:45:52', NULL, 5, 21, '1', '2018-04-06 19:13:49', '2018-04-18 21:45:52', '1'),
(91, 91, NULL, NULL, 150, 0, 150, 150, '2018-07-21 02:09:48', 'S', '2018-07-21 02:09:48', NULL, 5, 24, '1', '2018-04-06 22:19:52', '2018-07-21 02:09:48', '1'),
(92, 94, NULL, NULL, 150, 0, 150, 150, '2018-04-11 02:16:19', 'S', '2018-04-11 02:16:19', NULL, 27, 21, '1', '2018-04-11 00:43:19', '2018-04-11 02:16:19', '1'),
(93, 93, NULL, NULL, 150, 0, 150, 150, '2018-04-11 02:23:59', 'S', '2018-04-11 02:23:59', NULL, 27, 21, '1', '2018-04-11 00:50:31', '2018-04-11 02:23:59', '1'),
(94, 95, NULL, NULL, 150, 0, 150, 150, '2018-04-13 04:03:22', 'S', '2018-04-13 04:03:22', NULL, 27, 21, '1', '2018-04-11 00:57:32', '2018-04-13 04:03:22', '1'),
(95, 92, NULL, NULL, 150, 0, 150, 150, '2018-04-11 02:35:34', 'S', '2018-04-11 02:35:34', NULL, 27, 21, '1', '2018-04-11 01:01:44', '2018-04-11 02:35:34', '1'),
(96, 96, NULL, NULL, 120, 0, 120, 120, '2018-04-14 20:13:20', 'S', '2018-04-14 20:13:20', NULL, 27, 21, '1', '2018-04-11 01:52:00', '2018-04-14 20:13:20', '1'),
(97, 97, NULL, NULL, 120, 0, 120, 150, '2018-04-12 03:06:18', 'S', '2018-04-12 03:06:18', NULL, 27, 21, '1', '2018-04-11 19:26:59', '2018-04-12 03:06:18', '1'),
(98, 99, NULL, NULL, 120, 0, 120, 120, '2018-04-12 03:05:18', 'S', '2018-04-12 03:05:18', NULL, 27, 21, '1', '2018-04-11 23:32:29', '2018-04-12 03:05:18', '1'),
(99, 98, NULL, NULL, 120, 0, 120, 120, '2018-04-13 19:12:07', 'S', '2018-04-13 19:12:07', NULL, 27, 21, '1', '2018-04-11 23:34:43', '2018-04-13 19:12:07', '1'),
(100, 101, NULL, NULL, 120, 0, 120, 120, '2018-04-13 01:45:01', 'S', '2018-04-13 01:45:01', NULL, 27, 21, '1', '2018-04-12 21:33:04', '2018-04-13 01:45:01', '1'),
(101, 100, NULL, NULL, 120, 0, 120, 120, '2018-04-12 22:09:03', 'S', '2018-04-12 22:09:03', NULL, 27, 21, '1', '2018-04-12 21:37:12', '2018-04-12 22:09:03', '1'),
(102, 102, NULL, NULL, 120, 0, 120, 120, '2018-04-14 20:12:48', 'S', '2018-04-14 20:12:48', NULL, 27, 21, '1', '2018-04-14 01:31:38', '2018-04-14 20:12:48', '1'),
(103, 103, NULL, NULL, 120, 0, 120, 120, '2018-04-14 23:49:55', 'S', '2018-04-14 23:49:55', NULL, 27, 21, '1', '2018-04-14 03:37:16', '2018-04-14 23:49:55', '1'),
(104, 104, NULL, NULL, 120, 0, 120, 120, '2018-04-18 01:56:12', 'S', '2018-04-18 01:56:12', NULL, 27, 21, '1', '2018-04-14 03:41:00', '2018-04-18 01:56:12', '1'),
(105, 105, NULL, NULL, 120, 0, 120, 120, '2018-04-16 22:37:36', 'S', '2018-04-16 22:37:36', NULL, 27, 21, '1', '2018-04-14 03:44:04', '2018-04-16 22:37:36', '1'),
(106, 106, NULL, NULL, 120, 0, 120, 120, '2018-04-14 20:15:28', 'S', '2018-04-14 20:15:28', NULL, 5, 21, '1', '2018-04-14 04:11:33', '2018-04-14 20:15:28', '1'),
(107, 107, NULL, NULL, 120, 0, 120, 120, '2018-04-16 22:35:57', 'S', '2018-04-16 22:35:57', NULL, 5, 21, '1', '2018-04-14 04:13:28', '2018-04-16 22:35:57', '1'),
(108, 108, NULL, NULL, 90, 0, 90, 90, '2018-04-14 04:59:20', 'S', '2018-04-14 04:59:20', NULL, 27, 21, '1', '2018-04-14 04:51:26', '2018-04-14 04:59:20', '1'),
(109, 109, NULL, NULL, 120, 0, 120, 120, '2018-04-17 03:56:57', 'S', '2018-04-17 03:56:57', NULL, 5, 21, '1', '2018-04-16 18:51:18', '2018-04-17 03:56:57', '1'),
(110, 110, NULL, NULL, 120, 0, 120, 120, '2018-04-18 02:13:30', 'S', '2018-04-18 02:13:30', NULL, 5, 21, '1', '2018-04-16 18:57:06', '2018-04-18 02:13:30', '1'),
(111, 111, NULL, NULL, 120, 0, 120, 120, '2018-04-18 01:57:50', 'S', '2018-04-18 01:57:50', NULL, 27, 21, '1', '2018-04-18 00:26:57', '2018-04-18 01:57:50', '1'),
(112, 112, NULL, NULL, 120, 0, 120, 120, '2018-04-18 01:59:36', 'S', '2018-04-18 01:59:36', NULL, 27, 21, '1', '2018-04-18 00:58:58', '2018-04-18 01:59:36', '1'),
(113, 113, NULL, NULL, 120, 0, 120, 120, '2018-04-18 20:41:27', 'S', '2018-04-18 20:41:27', NULL, 5, 21, '1', '2018-04-18 03:20:31', '2018-04-18 20:41:27', '1'),
(114, 114, NULL, NULL, 120, 0, 120, 120, '2018-04-18 05:48:49', 'S', '2018-04-18 05:48:49', NULL, 5, 24, '1', '2018-04-18 05:16:05', '2018-04-18 05:48:49', '1'),
(115, 115, NULL, NULL, 120, 0, 120, 120, '2018-04-19 06:41:02', 'S', '2018-04-19 06:41:02', NULL, 27, 24, '1', '2018-04-18 21:11:46', '2018-04-19 06:41:02', '1'),
(116, 116, NULL, NULL, 60, 0, 60, 60, '2018-04-27 21:06:18', 'S', '2018-04-27 21:06:18', NULL, 27, 21, '1', '2018-04-19 03:37:41', '2018-04-27 21:06:18', '1'),
(117, 117, NULL, NULL, 120, 0, 120, 120, '2018-04-19 06:39:08', 'S', '2018-04-19 06:39:08', NULL, 22, 24, '1', '2018-04-19 05:44:37', '2018-04-19 06:39:08', '1'),
(118, 118, NULL, NULL, 150, 0, 150, 150, '2018-05-11 04:33:21', 'S', '2018-05-11 04:33:21', NULL, 27, 24, '1', '2018-04-24 19:43:35', '2018-05-11 04:33:21', '1'),
(119, 119, NULL, NULL, 150, 0, 150, 150, '2018-04-25 22:22:02', 'S', '2018-04-25 22:22:02', NULL, 27, 21, '1', '2018-04-24 19:44:44', '2018-04-25 22:22:02', '1'),
(120, 120, NULL, NULL, 150, 0, 150, 150, '2018-05-02 20:30:21', 'S', '2018-05-02 20:30:21', NULL, 22, 21, '1', '2018-04-29 02:20:51', '2018-05-02 20:30:21', '1'),
(121, 121, NULL, NULL, 150, 0, 150, 150, '2018-05-05 03:25:59', 'S', '2018-05-05 03:25:59', NULL, 27, 24, '1', '2018-05-02 20:07:40', '2018-05-05 03:25:59', '1'),
(122, 122, NULL, NULL, 150, 0, 150, 150, '2018-05-12 03:30:11', 'S', '2018-05-12 03:30:11', NULL, 22, 21, '1', '2018-05-04 01:16:38', '2018-05-12 03:30:11', '1'),
(123, 123, NULL, NULL, 150, 0, 150, 150, '2018-05-09 04:03:28', 'S', '2018-05-09 04:03:28', NULL, 27, 21, '1', '2018-05-04 21:50:52', '2018-05-09 04:03:28', '1'),
(124, 124, NULL, NULL, 150, 0, 150, 150, '2018-05-11 03:08:17', 'S', '2018-05-11 03:08:17', NULL, 27, 21, '1', '2018-05-04 21:59:41', '2018-05-11 03:08:17', '1'),
(125, 125, NULL, NULL, 150, 0, 150, 150, '2018-05-14 20:28:17', 'S', '2018-05-14 20:28:17', NULL, 27, 21, '1', '2018-05-08 21:07:58', '2018-05-14 20:28:17', '1'),
(126, 126, NULL, NULL, 150, 0, 150, 150, '2018-05-28 20:22:28', 'S', '2018-05-28 20:22:28', NULL, 22, 21, '1', '2018-05-10 00:27:46', '2018-05-28 20:22:28', '1'),
(127, 127, NULL, NULL, 150, 0, 150, 150, '2018-05-12 03:29:23', 'S', '2018-05-12 03:29:23', NULL, 27, 21, '1', '2018-05-11 04:10:03', '2018-05-12 03:29:23', '1'),
(128, 129, NULL, NULL, 150, 0, 150, 150, '2018-05-15 22:38:53', 'S', '2018-05-15 22:38:53', NULL, 27, 21, '1', '2018-05-15 20:46:03', '2018-05-15 22:38:53', '1'),
(129, 128, NULL, NULL, 150, 0, 150, 150, '2018-05-17 04:09:37', 'S', '2018-05-17 04:09:37', NULL, 27, 21, '1', '2018-05-15 20:48:04', '2018-05-17 04:09:37', '1'),
(130, 130, NULL, NULL, 150, 0, 150, 150, '2018-05-17 00:37:18', 'S', '2018-05-17 00:37:18', NULL, 27, 21, '1', '2018-05-16 23:45:32', '2018-05-17 00:37:18', '1'),
(131, 131, NULL, NULL, 150, 0, 150, 150, '2018-05-18 20:45:41', 'S', '2018-05-18 20:45:41', NULL, 27, 21, '1', '2018-05-17 21:37:55', '2018-05-18 20:45:41', '1'),
(132, 132, NULL, NULL, 150, 0, 150, 150, '2018-06-01 20:37:56', 'S', '2018-06-01 20:37:56', NULL, 27, 21, '1', '2018-05-25 01:33:37', '2018-06-01 20:37:56', '1'),
(133, 133, NULL, NULL, 150, 0, 150, 150, '2018-06-07 22:37:03', 'S', '2018-06-07 22:37:03', NULL, 27, 21, '1', '2018-05-30 19:29:09', '2018-06-07 22:37:03', '1'),
(134, 134, NULL, NULL, 150, 0, 150, 150, '2018-05-31 01:05:19', 'S', '2018-05-31 01:05:19', NULL, 27, 21, '1', '2018-05-30 21:14:21', '2018-05-31 01:05:19', '1'),
(135, 135, NULL, NULL, 120, 0, 120, 120, '2018-06-01 03:36:10', 'S', '2018-06-01 03:36:10', NULL, 27, 24, '1', '2018-05-31 20:17:40', '2018-06-01 03:36:10', '1'),
(136, 136, NULL, NULL, 150, 0, 150, 150, '2018-06-08 02:22:22', 'S', '2018-06-08 02:22:22', NULL, 27, 21, '1', '2018-06-01 00:39:12', '2018-06-08 02:22:22', '1'),
(137, 137, NULL, NULL, 150, 0, 150, 150, '2018-06-01 01:56:46', 'S', '2018-06-01 01:56:46', NULL, 27, 21, '1', '2018-06-01 01:02:18', '2018-06-01 01:56:46', '1'),
(138, 138, NULL, NULL, 150, 0, 150, 150, '2018-06-05 20:00:28', 'S', '2018-06-05 20:00:28', NULL, 27, 21, '1', '2018-06-01 01:32:41', '2018-06-05 20:00:28', '1'),
(139, 139, NULL, NULL, 150, 0, 150, 150, '2018-06-07 22:53:57', 'S', '2018-06-07 22:53:57', NULL, 22, 21, '1', '2018-06-01 23:21:39', '2018-06-07 22:53:57', '1'),
(140, 140, NULL, NULL, 150, 0, 150, 150, '2018-06-05 19:59:14', 'S', '2018-06-05 19:59:14', NULL, 22, 21, '1', '2018-06-02 19:28:32', '2018-06-05 19:59:14', '1'),
(141, 141, NULL, NULL, 150, 0, 150, 150, '2018-06-04 22:50:39', 'S', '2018-06-04 22:50:39', NULL, 22, 21, '1', '2018-06-02 21:29:33', '2018-06-04 22:50:39', '1'),
(142, 142, NULL, NULL, 150, 0, 150, 150, '2018-06-04 22:51:48', 'S', '2018-06-04 22:51:48', NULL, 22, 21, '1', '2018-06-04 21:26:30', '2018-06-04 22:51:48', '1'),
(143, 143, NULL, NULL, 150, 0, 150, 150, '2018-06-06 01:26:46', 'S', '2018-06-06 01:26:46', NULL, 22, 24, '1', '2018-06-05 04:19:16', '2018-06-06 01:26:46', '1'),
(144, 144, NULL, NULL, 150, 0, 150, 150, '2018-06-08 20:20:01', 'S', '2018-06-08 20:20:01', NULL, 27, 21, '1', '2018-06-07 01:42:01', '2018-06-08 20:20:01', '1'),
(145, 145, NULL, NULL, 150, 0, 150, 150, '2018-06-09 19:32:25', 'S', '2018-06-09 19:32:25', NULL, 27, 21, '1', '2018-06-08 19:41:59', '2018-06-09 19:32:25', '1'),
(146, 146, NULL, NULL, 150, 0, 150, 150, '2018-06-08 23:32:40', 'S', '2018-06-08 23:32:40', NULL, 27, 21, '1', '2018-06-08 22:18:36', '2018-06-08 23:32:40', '1'),
(147, 148, NULL, NULL, 150, 0, 150, 150, '2018-06-09 23:43:35', 'S', '2018-06-09 23:43:35', NULL, 22, 24, '1', '2018-06-09 21:17:11', '2018-06-09 23:43:35', '1'),
(148, 147, NULL, NULL, 150, 0, 150, 150, '2018-06-16 22:33:24', 'S', '2018-06-16 22:33:24', NULL, 22, 21, '1', '2018-06-09 21:18:59', '2018-06-16 22:33:24', '1'),
(149, 149, NULL, NULL, 150, 0, 150, 150, '2018-06-12 03:22:07', 'S', '2018-06-12 03:22:07', NULL, 22, 21, '1', '2018-06-11 23:57:15', '2018-06-12 03:22:07', '1'),
(150, 150, NULL, NULL, 150, 0, 150, 150, '2018-06-13 01:08:50', 'S', '2018-06-13 01:08:50', NULL, 27, 21, '1', '2018-06-12 19:26:44', '2018-06-13 01:08:50', '1'),
(151, 151, NULL, NULL, 150, 0, 150, 150, '2018-06-13 02:50:48', 'S', '2018-06-13 02:50:48', NULL, 27, 24, '1', '2018-06-13 00:06:34', '2018-06-13 02:50:48', '1'),
(152, 152, NULL, NULL, 150, 0, 150, 150, '2018-06-22 00:24:24', 'S', '2018-06-22 00:24:24', NULL, 22, 21, '1', '2018-06-21 02:23:32', '2018-06-22 00:24:24', '1'),
(153, 153, NULL, NULL, 150, 0, 150, 150, '2018-06-27 05:32:27', 'S', '2018-06-27 05:32:27', NULL, 22, 24, '1', '2018-06-21 23:46:04', '2018-06-27 05:32:27', '1'),
(154, 154, NULL, NULL, 150, 0, 150, 150, '2018-06-28 00:39:13', 'S', '2018-06-28 00:39:13', NULL, 27, 24, '1', '2018-06-27 23:47:57', '2018-06-28 00:39:13', '1'),
(155, 155, NULL, NULL, 150, 0, 150, 150, '2018-07-03 23:53:57', 'S', '2018-07-03 23:53:57', NULL, 27, 21, '1', '2018-06-28 21:49:17', '2018-07-03 23:53:57', '1'),
(156, 156, NULL, NULL, 150, 0, 150, 150, '2018-06-28 23:32:12', 'S', '2018-06-28 23:32:12', NULL, 27, 24, '1', '2018-06-28 22:47:20', '2018-06-28 23:32:12', '1'),
(157, 157, NULL, NULL, 150, 0, 150, 150, '2018-07-16 18:51:00', 'S', '2018-07-16 18:51:00', NULL, 27, 21, '1', '2018-06-30 00:42:57', '2018-07-16 18:51:00', '1'),
(158, 158, NULL, NULL, 150, 0, 150, 150, '2018-07-04 21:04:02', 'S', '2018-07-04 21:04:02', NULL, 22, 21, '1', '2018-07-02 19:03:00', '2018-07-04 21:04:02', '1'),
(159, 159, NULL, NULL, 90, 0, 90, 90, '2018-07-03 23:05:15', 'S', '2018-08-07 02:43:57', NULL, 22, 21, '1', '2018-07-03 23:05:15', '2018-08-07 02:43:57', '1'),
(160, 160, NULL, NULL, 150, 0, 150, 150, '2018-07-13 20:07:09', 'S', '2018-07-13 20:07:09', NULL, 27, 21, '1', '2018-07-10 20:40:00', '2018-07-13 20:07:09', '1'),
(161, 161, NULL, NULL, 150, 0, 150, 150, '2018-07-11 18:26:09', 'S', '2018-07-11 18:26:09', NULL, 22, 24, '1', '2018-07-11 00:15:06', '2018-07-11 18:26:09', '1'),
(162, 163, NULL, NULL, 150, 0, 150, 150, '2018-07-16 18:52:02', 'S', '2018-07-16 18:52:02', NULL, 22, 21, '1', '2018-07-14 22:39:57', '2018-07-16 18:52:02', '1'),
(163, 164, NULL, NULL, 150, 0, 150, 150, '2018-07-16 18:53:58', 'S', '2018-07-16 18:53:58', NULL, 22, 21, '1', '2018-07-15 00:24:20', '2018-07-16 18:53:58', '1'),
(164, 165, NULL, NULL, 150, 0, 150, 150, '2018-07-17 20:37:17', 'S', '2018-07-17 20:37:17', NULL, 22, 21, '1', '2018-07-16 06:49:19', '2018-07-17 20:37:17', '1'),
(165, 162, NULL, NULL, 150, 0, 150, 150, '2018-07-18 01:56:20', 'S', '2018-07-18 01:56:20', NULL, 22, 24, '1', '2018-07-16 06:49:57', '2018-07-18 01:56:20', '1'),
(166, 167, NULL, NULL, 90, 0, 90, 90, '2018-07-31 00:03:37', 'S', '2018-07-31 00:03:37', NULL, 22, 24, '1', '2018-07-16 22:09:16', '2018-07-31 00:03:37', '1'),
(167, 166, NULL, NULL, 0, 0, 0, 0, '2018-07-16 22:30:08', 'S', NULL, NULL, 22, NULL, '1', '2018-07-16 22:30:08', NULL, '1'),
(168, 168, NULL, NULL, 150, 0, 150, 150, '2018-07-18 01:54:49', 'S', '2018-07-18 01:54:49', NULL, 27, 24, '1', '2018-07-17 23:44:39', '2018-07-18 01:54:49', '1'),
(169, 169, NULL, NULL, 150, 0, 150, 150, '2018-07-18 01:53:48', 'S', '2018-07-18 01:53:48', NULL, 27, 24, '1', '2018-07-18 01:45:22', '2018-07-18 01:53:48', '1'),
(170, 170, NULL, NULL, 0, 0, 0, 0, '2018-07-18 02:23:50', 'S', NULL, NULL, 22, NULL, '1', '2018-07-18 02:23:50', NULL, '1'),
(171, 174, NULL, NULL, 0, 0, 0, 0, '2018-07-18 20:25:42', 'S', NULL, NULL, 22, NULL, '1', '2018-07-18 20:25:42', NULL, '1'),
(172, 173, NULL, NULL, 0, 0, 0, 0, '2018-07-18 20:26:29', 'S', NULL, NULL, 22, NULL, '1', '2018-07-18 20:26:29', NULL, '1'),
(173, 172, NULL, NULL, 0, 0, 0, 0, '2018-07-18 20:27:05', 'S', NULL, NULL, 22, NULL, '1', '2018-07-18 20:27:05', NULL, '1'),
(174, 171, NULL, NULL, 0, 0, 0, 0, '2018-07-18 20:27:52', 'S', NULL, NULL, 22, NULL, '1', '2018-07-18 20:27:52', NULL, '1'),
(175, 175, NULL, NULL, 0, 0, 0, 0, '2018-07-19 01:29:18', 'S', NULL, NULL, 22, NULL, '1', '2018-07-19 01:29:18', NULL, '1'),
(176, 176, NULL, NULL, 0, 0, 0, 0, '2018-07-19 20:22:35', 'S', NULL, NULL, 27, NULL, '1', '2018-07-19 20:22:35', NULL, '1'),
(177, 178, NULL, NULL, 150, 0, 150, 150, '2018-07-20 03:35:44', 'S', '2018-07-20 03:35:44', NULL, 22, 24, '1', '2018-07-20 03:16:06', '2018-07-20 03:35:44', '1'),
(178, 177, NULL, NULL, 0, 0, 0, 0, '2018-07-20 20:34:22', 'S', NULL, NULL, 22, NULL, '1', '2018-07-20 20:34:22', NULL, '1'),
(179, 179, NULL, NULL, 0, 0, 0, 0, '2018-07-20 20:34:37', 'S', NULL, NULL, 22, NULL, '1', '2018-07-20 20:34:37', NULL, '1'),
(180, 180, NULL, NULL, 0, 0, 0, 0, '2018-07-21 01:28:43', 'S', NULL, NULL, 22, NULL, '1', '2018-07-21 01:28:43', NULL, '1'),
(181, 181, NULL, NULL, 150, 0, 150, 150, '2018-07-23 20:52:27', 'S', '2018-07-23 20:52:27', NULL, 22, 21, '1', '2018-07-22 19:47:39', '2018-07-23 20:52:27', '1'),
(182, 182, NULL, NULL, 0, 0, 0, 0, '2018-07-23 19:20:45', 'S', NULL, NULL, 22, NULL, '1', '2018-07-23 19:20:45', NULL, '1'),
(183, 183, NULL, NULL, 0, 0, 0, 0, '2018-07-24 22:05:51', 'S', NULL, NULL, 22, NULL, '1', '2018-07-24 22:05:51', NULL, '1'),
(184, 185, NULL, NULL, 0, 0, 0, 0, '2018-07-24 22:07:03', 'S', NULL, NULL, 22, NULL, '1', '2018-07-24 22:07:03', NULL, '1'),
(185, 184, NULL, NULL, 0, 0, 0, 0, '2018-07-24 22:07:38', 'S', NULL, NULL, 22, NULL, '1', '2018-07-24 22:07:38', NULL, '1'),
(186, 186, NULL, NULL, 0, 0, 0, 0, '2018-07-24 22:33:38', 'S', NULL, NULL, 22, NULL, '1', '2018-07-24 22:33:38', NULL, '1'),
(187, 187, NULL, NULL, 150, 0, 150, 150, '2018-07-30 20:02:07', 'S', '2018-07-30 20:02:07', NULL, 22, 21, '1', '2018-07-25 05:30:02', '2018-07-30 20:02:07', '1'),
(188, 188, NULL, NULL, 0, 0, 0, 0, '2018-07-26 21:46:28', 'S', NULL, NULL, 27, NULL, '1', '2018-07-26 21:46:28', NULL, '1'),
(189, 189, NULL, NULL, 0, 0, 0, 0, '2018-07-26 21:47:51', 'S', NULL, NULL, 27, NULL, '1', '2018-07-26 21:47:51', NULL, '1'),
(190, 190, NULL, NULL, 0, 0, 0, 0, '2018-07-26 23:50:30', 'S', NULL, NULL, 22, NULL, '1', '2018-07-26 23:50:30', NULL, '1'),
(191, 191, NULL, NULL, 0, 0, 0, 0, '2018-07-27 02:29:19', 'S', NULL, NULL, 22, NULL, '1', '2018-07-27 02:29:19', NULL, '1'),
(192, 194, NULL, NULL, 0, 0, 0, 0, '2018-07-29 00:14:59', 'S', NULL, NULL, 22, NULL, '1', '2018-07-29 00:14:59', NULL, '1'),
(193, 192, NULL, NULL, 0, 0, 0, 0, '2018-07-29 00:15:27', 'S', NULL, NULL, 22, NULL, '1', '2018-07-29 00:15:27', NULL, '1'),
(194, 193, NULL, NULL, 0, 0, 0, 0, '2018-07-29 00:15:59', 'S', NULL, NULL, 22, NULL, '1', '2018-07-29 00:15:59', NULL, '1'),
(195, 202, NULL, NULL, 0, 0, 0, 0, '2018-07-30 22:22:35', 'S', NULL, NULL, 22, NULL, '1', '2018-07-30 22:22:35', NULL, '1'),
(196, 195, NULL, NULL, 0, 0, 0, 0, '2018-07-31 00:46:45', 'S', NULL, NULL, 27, NULL, '1', '2018-07-31 00:46:45', NULL, '1'),
(197, 196, NULL, NULL, 0, 0, 0, 0, '2018-07-31 00:48:29', 'S', NULL, NULL, 27, NULL, '1', '2018-07-31 00:48:29', NULL, '1'),
(198, 197, NULL, NULL, 0, 0, 0, 0, '2018-07-31 00:48:53', 'S', NULL, NULL, 27, NULL, '1', '2018-07-31 00:48:53', NULL, '1'),
(199, 198, NULL, NULL, 0, 0, 0, 0, '2018-07-31 00:49:14', 'S', NULL, NULL, 27, NULL, '1', '2018-07-31 00:49:14', NULL, '1'),
(200, 199, NULL, NULL, 0, 0, 0, 0, '2018-07-31 00:49:34', 'S', NULL, NULL, 27, NULL, '1', '2018-07-31 00:49:34', NULL, '1'),
(201, 200, NULL, NULL, 0, 0, 0, 0, '2018-07-31 00:50:51', 'S', NULL, NULL, 27, NULL, '1', '2018-07-31 00:50:51', NULL, '1'),
(202, 201, NULL, NULL, 0, 0, 0, 0, '2018-07-31 00:51:46', 'S', NULL, NULL, 27, NULL, '1', '2018-07-31 00:51:46', NULL, '1'),
(203, 203, NULL, NULL, 0, 0, 0, 0, '2018-07-31 00:52:25', 'S', NULL, NULL, 27, NULL, '1', '2018-07-31 00:52:25', NULL, '1'),
(204, 204, NULL, NULL, 0, 0, 0, 0, '2018-07-31 00:52:50', 'S', NULL, NULL, 27, NULL, '1', '2018-07-31 00:52:50', NULL, '1'),
(205, 210, NULL, NULL, 0, 0, 0, 0, '2018-07-31 22:02:18', 'S', NULL, NULL, 22, NULL, '1', '2018-07-31 22:02:18', NULL, '1'),
(206, 209, NULL, NULL, 0, 0, 0, 0, '2018-07-31 22:03:00', 'S', NULL, NULL, 22, NULL, '1', '2018-07-31 22:03:00', NULL, '1'),
(207, 208, NULL, NULL, 0, 0, 0, 0, '2018-07-31 22:03:45', 'S', NULL, NULL, 22, NULL, '1', '2018-07-31 22:03:45', NULL, '1'),
(208, 207, NULL, NULL, 0, 0, 0, 0, '2018-07-31 22:05:40', 'S', NULL, NULL, 22, NULL, '1', '2018-07-31 22:05:40', NULL, '1'),
(209, 205, NULL, NULL, 0, 0, 0, 0, '2018-07-31 22:06:22', 'S', NULL, NULL, 22, NULL, '1', '2018-07-31 22:06:22', NULL, '1'),
(210, 206, NULL, NULL, 0, 0, 0, 0, '2018-07-31 22:06:49', 'S', NULL, NULL, 22, NULL, '1', '2018-07-31 22:06:49', NULL, '1'),
(211, 211, NULL, NULL, 150, 0, 150, 150, '2018-08-02 07:59:09', 'S', '2018-08-14 00:18:32', NULL, 22, 24, '1', '2018-08-02 07:59:09', '2018-08-14 00:18:32', '1'),
(212, 212, NULL, NULL, 150, 0, 150, 150, '2018-08-07 02:56:25', 'S', '2018-08-07 03:33:00', NULL, 22, 21, '1', '2018-08-07 02:56:25', '2018-08-07 03:33:00', '1'),
(213, 213, NULL, NULL, 150, 0, 150, 150, '2018-08-11 21:45:06', 'S', '2018-08-11 23:45:09', NULL, 22, 24, '1', '2018-08-11 21:45:06', '2018-08-11 23:45:09', '1'),
(214, 214, NULL, NULL, 150, 0, 150, 150, '2018-08-10 15:07:24', 'S', '2018-08-15 15:20:14', NULL, 22, 24, '1', '2018-08-10 15:07:24', '2018-08-15 15:20:14', '1'),
(215, 215, NULL, NULL, 150, 0, 150, 150, '2018-08-16 19:12:22', 'S', '2018-08-16 19:41:08', NULL, 22, 21, '1', '2018-08-16 19:12:22', '2018-08-16 19:41:08', '1');


--
-- Volcado de datos para la tabla `info_carga_prepago`
--
INSERT INTO `info_carga_prepago` (`icpr_id`, `opag_id`, `fpag_id`, `icpr_valor`, `icpr_valor_pagado`, `icpr_fecha_registro`, `icpr_fecha_pago`, `icpr_imagen`, `icpr_observacion`, `icpr_revisado`, `icpr_resultado`, `icpr_num_transaccion`, `icpr_fecha_transaccion`, `icpr_usuario_transaccion`, `icpr_estado`, `icpr_fecha_creacion`, `icpr_fecha_modificacion`, `icpr_estado_logico`) VALUES
(1, 1, 4, 150, 150, '2017-10-07 10:17:59', '2017-10-07 15:17:59', 'pago_1001-2017-10-06 19:17:26.pdf', NULL, 'RE', 'AP', '1612507768', '2017-10-05 15:00:00', 24, '1', '2017-10-07 10:17:59', '2017-10-11 11:22:45', '1'),
(2, 2, 2, 150, 150, '2017-10-12 06:22:27', '2017-10-12 11:22:27', NULL, NULL, 'RE', 'AP', '139491', '2017-10-11 15:00:00', 24, '1', '2017-10-12 06:22:27', '2017-10-12 11:22:27', '1'),
(3, 4, 1, 150, 150, '2017-10-14 02:14:02', '2017-10-14 07:14:02', NULL, NULL, 'RE', 'AP', '1086223140', '2017-10-13 15:00:00', 24, '1', '2017-10-14 02:14:02', '2017-10-14 07:14:02', '1'),
(4, 5, 2, 150, 150, '2017-10-15 02:15:17', '2017-10-15 07:15:17', NULL, NULL, 'RE', 'AP', '139655', '2017-10-14 15:00:00', 24, '1', '2017-10-15 02:15:17', '2017-10-15 07:15:17', '1'),
(5, 6, 1, 150, 150, '2017-10-15 02:23:17', '2017-10-15 07:23:17', NULL, NULL, 'RE', 'AP', '1371940', '2017-10-14 15:00:00', 24, '1', '2017-10-15 02:23:17', '2017-10-15 07:23:17', '1'),
(6, 7, 5, 150, 150, '2017-10-17 07:50:41', '2017-10-17 12:50:41', 'pago_1007-2017-10-16 16:53:55.pdf', NULL, 'RE', 'AP', '13753', '2017-10-16 15:00:00', 24, '1', '2017-10-17 07:50:41', '2017-10-17 13:03:17', '1'),
(7, 8, 4, 150, 150, '2017-10-18 03:37:32', '2018-04-03 21:37:06', 'pago_1008-2017-10-17 12:37:25.pdf', NULL, 'RE', 'AP', '1', '2017-10-17 15:00:00', 21, '1', '2017-10-18 03:37:32', '2018-04-03 21:37:06', '1'),
(8, 9, 5, 150, 150, '2017-10-19 01:10:47', '2017-10-19 03:12:51', 'pago_1009-2017-10-18 15:10:42.pdf', NULL, 'RE', 'AP', '14454140', '2017-10-16 10:00:00', 24, '1', '2017-10-19 01:10:47', '2017-10-19 06:16:40', '1'),
(9, 10, 5, 150, 150, '2017-10-31 23:52:34', '2017-11-01 04:52:34', 'pago_1016-2017-10-31 13:50:47.jpg', NULL, 'RE', 'AP', '5386624', '2017-10-31 10:00:00', 24, '1', '2017-10-31 23:52:34', '2017-11-01 05:52:50', '1'),
(10, 15, 4, 150, 150, '2017-11-09 20:40:12', '2017-11-09 20:40:12', 'pago_1015-2017-11-9 10:37:55.png', NULL, 'RE', 'AP', '2498237', '2017-11-09 10:00:00', 24, '1', '2017-11-09 20:40:12', '2017-11-11 00:11:46', '1'),
(11, 13, 5, 150, 150, '2017-11-11 21:11:31', '2017-11-11 21:11:31', 'pago_1012-2017-11-11 11:10:42.pdf', NULL, 'RE', 'AP', '14258', '2017-10-22 10:00:00', 24, '1', '2017-11-11 21:11:31', '2017-11-13 20:37:15', '1'),
(12, 20, 5, 150, 150, '2017-11-14 00:43:24', '2017-11-14 00:43:24', 'pago_1023-2017-11-13 14:42:35.pdf', NULL, 'RE', 'AP', '13966213', '2017-11-13 10:00:00', 24, '1', '2017-11-14 00:43:24', '2017-11-14 02:09:18', '1'),
(13, 17, 5, 150, 150, '2017-11-14 02:27:05', '2017-11-14 02:27:05', 'pago_1020-2017-11-13 16:26:13.pdf', NULL, 'RE', 'AP', '14072252', '2017-11-13 10:00:00', 24, '1', '2017-11-14 02:27:05', '2017-11-22 22:52:58', '1'),
(14, 21, 5, 150, 150, '2017-11-18 05:15:58', '2017-11-17 06:45:14', 'pago_1021-2017-11-17 19:14:03.pdf', NULL, 'RE', 'AP', '2100078117', '2017-11-16 10:00:00', 24, '1', '2017-11-18 05:15:58', '2017-11-18 21:24:30', '1'),
(15, 22, 4, 150, 150, '2017-11-19 22:09:11', '2017-11-19 22:09:11', 'pago_1025-2017-11-19 12:08:38.pdf', NULL, 'RE', 'AP', '30490129', '2017-11-19 10:00:00', 24, '1', '2017-11-19 22:09:11', '2017-11-20 19:15:51', '1'),
(16, 16, 4, 150, 150, '2017-11-29 01:05:56', '2017-11-29 01:05:56', 'pago_1019-2017-11-28 15:05:48.jpg', NULL, 'RE', 'AP', '31705250', '2017-11-10 10:00:00', 24, '1', '2017-11-29 01:05:56', '2017-11-29 02:52:05', '1'),
(17, 23, 1, 150, 150, '2017-11-29 02:49:32', '2017-11-29 02:49:32', NULL, NULL, 'RE', 'AP', '141107', '2017-11-20 10:00:00', 24, '1', '2017-11-29 02:49:32', '2017-11-29 02:49:32', '1'),
(18, 24, 4, 150, 150, '2017-11-29 05:24:00', '2017-11-29 05:24:00', 'pago_1027-2017-11-28 19:23:47.pdf', NULL, 'RE', 'AP', '16275642', '2017-11-20 10:00:00', 24, '1', '2017-11-29 05:24:00', '2017-11-29 19:36:25', '1'),
(19, 12, 2, 150, 150, '2017-11-29 20:10:45', '2017-11-29 20:10:45', NULL, NULL, 'RE', 'AP', '140419', '2017-11-07 10:00:00', 24, '1', '2017-11-29 20:10:45', '2017-11-29 20:10:45', '1'),
(20, 14, 2, 150, 150, '2017-11-29 20:11:46', '2017-11-29 20:11:46', NULL, NULL, 'RE', 'AP', '140403', '2017-11-07 10:00:00', 24, '1', '2017-11-29 20:11:46', '2017-11-29 20:11:46', '1'),
(21, 18, 1, 150, 150, '2017-11-29 20:18:29', '2017-11-29 20:18:29', NULL, NULL, 'RE', 'AP', '140932', '2017-11-12 10:00:00', 24, '1', '2017-11-29 20:18:29', '2017-11-29 20:18:29', '1'),
(22, 3, 5, 150, 150, '2017-11-29 22:45:25', '2017-11-29 22:39:40', 'pago_1003-2017-11-29 12:44:33.jpg', NULL, 'RE', 'AP', '4334161', '2017-11-12 10:00:00', 24, '1', '2017-11-29 22:45:25', '2017-11-29 22:48:09', '1'),
(23, 27, 5, 150, 150, '2018-01-08 20:58:46', '2018-01-09 02:38:18', 'pago_1031-2018-01-08 07:35:47.jpg', NULL, 'RE', 'AP', '7654775', '2018-01-18 10:00:00', 24, '1', '2018-01-08 20:58:46', '2018-01-09 02:38:18', '1'),
(24, 28, 5, 150, 150, '2018-01-09 21:05:34', '2018-01-09 21:14:55', 'pago_1029-2018-01-9 11:04:21.pdf', NULL, 'RE', 'AP', '2.02e30', '2018-01-09 10:00:00', 24, '1', '2018-01-09 21:05:34', '2018-01-09 21:14:55', '1'),
(25, 26, 5, 150, 150, '2018-01-10 01:56:17', '2018-01-10 22:59:15', 'pago_1026-2018-01-09 15:56:17.jpg', NULL, 'RE', 'AP', '7084615', '2017-12-29 10:00:00', 24, '1', '2018-01-10 01:56:17', '2018-01-10 22:59:15', '1'),
(26, 29, 4, 150, 150, '2018-01-12 20:27:52', '2018-01-13 01:02:01', 'pago_1033-2018-01-12 10:26:25.pdf', NULL, 'RE', 'AP', '0', '2018-01-11 10:00:00', 24, '1', '2018-01-12 20:27:52', '2018-01-13 01:02:01', '1'),
(27, 30, 5, 150, 150, '2018-01-13 03:56:25', '2018-01-13 19:02:10', 'pago_1032-2018-01-12 17:55:50.pdf', NULL, 'RE', 'AP', '6854327', '2018-01-12 10:00:00', 24, '1', '2018-01-13 03:56:25', '2018-01-13 19:02:10', '1'),
(28, 33, 4, 150, 150, '2018-01-19 05:15:46', '2018-01-19 19:02:30', 'pago_1037-2018-01-18 19:15:30.jpg', NULL, 'RE', 'AP', '271586282', '2018-01-18 10:00:00', 24, '1', '2018-01-19 05:15:46', '2018-01-19 19:02:30', '1'),
(29, 31, 5, 150, 150, '2018-01-20 03:11:24', '2018-01-20 03:53:50', 'pago_1035-2018-01-19 15:41:38.jpg', NULL, 'RE', 'AP', '70291', '2018-01-19 10:00:00', 24, '1', '2018-01-20 03:11:25', '2018-01-20 03:53:50', '1'),
(30, 34, 4, 150, 150, '2018-01-23 03:12:52', '2018-01-23 03:15:16', 'pago_1010-2018-01-22 17:12:46.png', NULL, 'RE', 'AP', '16344714', '2018-01-22 10:00:00', 24, '1', '2018-01-23 03:12:52', '2018-01-23 03:15:16', '1'),
(31, 36, 5, 150, 150, '2018-01-29 05:12:54', '2018-01-31 00:16:01', 'pago_1038-2018-01-28 19:23:20.jpg', NULL, 'RE', 'AP', '6139460', '2018-01-28 10:00:00', 21, '1', '2018-01-29 05:12:54', '2018-01-31 00:16:01', '1'),
(32, 35, 5, 150, 150, '2018-02-02 03:09:36', '2018-02-02 03:13:32', 'pago_1039-2018-02-01 17:08:15.jpg', NULL, 'RE', 'AP', '6483137', '2018-02-25 10:00:00', 21, '1', '2018-02-02 03:09:36', '2018-02-02 03:13:32', '1'),
(33, 38, 4, 150, 150, '2018-02-02 22:58:33', '2018-02-05 22:14:02', 'pago_1040-2018-02-02 12:58:25.pdf', NULL, 'RE', 'AP', '13682829', '2018-02-01 10:00:00', 21, '1', '2018-02-02 22:58:33', '2018-02-05 22:14:02', '1'),
(34, 40, 5, 150, 150, '2018-02-16 03:29:34', '2018-02-16 03:46:11', 'pago_1044-2018-02-15 17:28:10.jpg', NULL, 'RE', 'AP', '7547276', '2018-02-15 10:00:00', 25, '1', '2018-02-16 03:29:34', '2018-02-16 03:46:11', '1'),
(35, 42, 1, 150, 150, '2018-02-17 02:37:14', '2018-02-17 02:37:14', NULL, NULL, 'RE', 'AP', '57134', '2018-02-16 10:00:00', 24, '1', '2018-02-17 02:37:14', '2018-02-17 02:37:14', '1'),
(36, 39, 5, 150, 150, '2018-02-18 21:02:04', '2018-02-19 21:48:18', 'pago_1041-2018-02-18 11:02:11.pdf', NULL, 'RE', 'AP', '9662', '2018-02-17 10:00:00', 24, '1', '2018-02-18 21:02:04', '2018-02-19 21:48:18', '1'),
(37, 43, 4, 150, 150, '2018-02-19 20:31:39', '2018-02-19 21:40:50', 'pago_1048-2018-02-19 10:29:47.jpg', NULL, 'RE', 'AP', '9503689', '2018-02-16 10:00:00', 24, '1', '2018-02-19 20:31:39', '2018-02-19 21:40:50', '1'),
(38, 37, 4, 120, 120, '2018-02-19 20:56:21', '2018-02-20 02:06:39', 'pago_1042-2018-02-19 10:54:46.jpg', NULL, 'RE', 'AP', '7835492', '2018-02-16 10:00:00', 24, '1', '2018-02-19 20:56:21', '2018-02-20 02:06:39', '1'),
(39, 44, 5, 150, 150, '2018-02-20 02:17:08', '2018-02-20 02:25:24', 'pago_1036-2018-02-19 16:16:15.jpg', NULL, 'RE', 'AP', '15013202', '2018-02-19 10:00:00', 21, '1', '2018-02-20 02:17:08', '2018-02-20 02:25:24', '1'),
(40, 46, 5, 150, 150, '2018-02-20 20:16:57', '2018-02-20 20:28:10', 'pago_1049-2018-02-20 14:16:24.jpeg', NULL, 'RE', 'AP', '1830841', '2018-02-20 10:00:00', 21, '1', '2018-02-20 20:16:57', '2018-02-20 20:28:10', '1'),
(41, 47, 5, 150, 150, '2018-02-20 20:48:58', '2018-02-20 20:59:56', 'pago_1046-2018-02-20 10:43:24.jpg', NULL, 'RE', 'AP', '18313486', '2018-02-14 10:00:00', 21, '1', '2018-02-20 20:48:58', '2018-02-20 20:59:56', '1'),
(42, 41, 5, 150, 150, '2018-02-20 22:29:05', '2018-02-21 00:39:15', 'pago_1043-2018-02-20 12:25:17.jpg', NULL, 'RE', 'AP', '6854720', '2018-02-18 10:00:00', 24, '1', '2018-02-20 22:29:05', '2018-02-21 00:39:15', '1'),
(43, 45, 5, 150, 150, '2018-02-20 23:20:17', '2018-02-21 00:15:14', 'pago_1051-2018-02-20 13:18:28.jpg', NULL, 'RE', 'AP', '32559', '2018-02-20 10:00:00', 21, '1', '2018-02-20 23:20:17', '2018-02-21 00:15:14', '1'),
(44, 11, 1, 90, 90, '2018-02-24 03:06:24', '2018-02-24 03:06:24', NULL, NULL, 'RE', 'AP', '2843', '2018-01-11 10:00:00', 24, '1', '2018-02-24 03:06:24', '2018-02-24 03:06:24', '1'),
(45, 48, 4, 150, 150, '2018-02-24 19:22:48', '2018-02-25 21:25:46', 'pago_1052-2018-02-24 9:22:37.pdf', NULL, 'RE', 'AP', '90', '2018-02-23 10:00:00', 24, '1', '2018-02-24 19:22:48', '2018-02-25 21:25:46', '1'),
(46, 51, 1, 150, 150, '2018-03-02 19:41:19', '2018-03-02 19:41:19', NULL, NULL, 'RE', 'AP', '749908', '2018-02-05 10:00:00', 21, '1', '2018-03-02 19:41:19', '2018-03-02 19:41:19', '1'),
(47, 49, 5, 150, 150, '2018-03-02 22:53:47', '2018-03-03 00:40:23', 'pago_1053-2018-03-02 12:51:06.pdf', NULL, 'RE', 'AP', '28538562', '2018-03-01 10:00:00', 21, '1', '2018-03-02 22:53:47', '2018-03-03 00:40:23', '1'),
(48, 50, 4, 150, 150, '2018-03-05 20:36:21', '2018-03-06 00:15:46', 'pago_1050-2018-03-05 10:35:00.pdf', NULL, 'RE', 'AP', '10594529', '2018-03-05 10:00:00', 25, '1', '2018-03-05 20:36:21', '2018-03-06 00:15:46', '1'),
(49, 52, 4, 150, 150, '2018-03-06 04:03:43', '2018-03-06 18:35:02', 'pago_1055-2018-03-05 18:02:9.pdf', NULL, 'RE', 'AP', '65419763', '2018-03-05 10:00:00', 21, '1', '2018-03-06 04:03:43', '2018-03-06 18:35:02', '1'),
(50, 53, 4, 150, 150, '2018-03-09 08:18:41', '2018-03-09 19:23:10', 'pago_1058-2018-03-08 22:17:53.pdf', NULL, 'RE', 'AP', '12157', '2018-03-08 10:00:00', 21, '1', '2018-03-09 08:18:41', '2018-03-09 19:23:10', '1'),
(51, 56, 4, 150, 150, '2018-03-10 01:16:28', '2018-03-12 19:34:33', 'pago_1061-2018-03-9 15:15:10.png', NULL, 'RE', 'AP', '10278305', '2018-03-08 10:00:00', 21, '1', '2018-03-10 01:16:28', '2018-03-12 19:34:33', '1'),
(52, 59, 5, 150, 150, '2018-03-10 23:30:09', '2018-03-11 00:34:41', 'pago_1062-2018-03-10 13:29:54.pdf', NULL, 'RE', 'AP', '6809848', '2018-03-09 10:00:00', 25, '1', '2018-03-10 23:30:09', '2018-03-11 00:34:41', '1'),
(53, 58, 5, 150, 150, '2018-03-11 00:00:00', '2018-03-11 20:32:56', 'pago_1057-2018-03-10 16:34:58.pdf', NULL, 'RE', 'AP', '28499447', '2018-03-09 10:00:00', 25, '1', '2018-03-11 00:00:00', '2018-03-11 20:32:56', '1'),
(54, 57, 5, 150, 150, '2018-03-12 21:58:14', '2018-03-13 19:05:38', 'pago_1060-2018-03-12 12:01:39.pdf', NULL, 'RE', 'AP', '7645890', '2018-03-12 10:00:00', 21, '1', '2018-03-12 21:58:14', '2018-03-13 19:05:38', '1'),
(55, 55, 5, 150, 150, '2018-03-13 00:08:13', '2018-03-13 19:07:15', 'pago_1056-2018-03-12 14:08:07.pdf', NULL, 'RE', 'AP', '2006131650', '2018-03-06 10:00:00', 21, '1', '2018-03-13 00:08:13', '2018-03-13 19:07:15', '1'),
(56, 54, 2, 120, 120, '2018-03-13 22:15:22', '2018-03-13 22:15:22', NULL, NULL, 'RE', 'AP', '145993', '2018-03-06 10:00:00', 21, '1', '2018-03-13 22:15:22', '2018-03-13 22:15:22', '1'),
(57, 63, 4, 150, 150, '2018-03-16 03:13:59', '2018-03-16 20:24:28', 'pago_1067-2018-03-15 17:13:27.pdf', NULL, 'RE', 'AP', '9699251', '2018-03-15 10:00:00', 21, '1', '2018-03-16 03:13:59', '2018-03-16 20:24:28', '1'),
(58, 61, 5, 150, 150, '2018-03-16 03:48:38', '2018-03-16 20:22:35', 'pago_1068-2018-03-15 17:48:13.jpg', NULL, 'RE', 'AP', '925002222', '2018-03-15 10:00:00', 21, '1', '2018-03-16 03:48:38', '2018-03-16 20:22:35', '1'),
(59, 60, 4, 150, 150, '2018-03-16 04:28:53', '2018-03-16 20:20:56', 'pago_1066-2018-03-15 18:27:18.pdf', NULL, 'RE', 'AP', '1.5e62', '2018-03-15 10:00:00', 21, '1', '2018-03-16 04:28:53', '2018-03-16 20:20:56', '1'),
(60, 64, 5, 150, 150, '2018-03-17 04:15:11', '2018-03-17 18:25:33', 'pago_1070-2018-03-16 18:14:57.pdf', NULL, 'RE', 'AP', '11084308', '2018-03-15 10:00:00', 24, '1', '2018-03-17 04:15:11', '2018-03-17 18:25:33', '1'),
(61, 66, 4, 150, 150, '2018-03-17 06:27:32', '2018-03-17 18:22:43', 'pago_1071-2018-03-16 19:58:01.pdf', NULL, 'RE', 'AP', '146475', '2018-03-14 10:00:00', 24, '1', '2018-03-17 06:27:32', '2018-03-17 18:22:43', '1'),
(62, 68, 5, 150, 150, '2018-03-17 20:07:20', '2018-03-17 21:23:22', 'pago_1073-2018-03-17 10:06:57.pdf', NULL, 'RE', 'AP', '13732', '2018-03-16 10:00:00', 21, '1', '2018-03-17 20:07:20', '2018-03-17 21:23:22', '1'),
(63, 69, 4, 150, 150, '2018-03-17 20:34:22', '2018-03-17 21:22:06', 'pago_1078-2018-03-17 10:30:00.jpg', NULL, 'RE', 'AP', '0', '2018-03-17 10:00:00', 21, '1', '2018-03-17 20:34:22', '2018-03-17 21:22:06', '1'),
(64, 67, 5, 150, 150, '2018-03-20 00:23:51', '2018-03-20 00:25:23', 'pago_1074-2018-03-19 14:23:37.jpg', NULL, 'RE', 'AP', '12661832', '2018-03-19 10:00:00', 21, '1', '2018-03-20 00:23:51', '2018-03-20 00:25:23', '1'),
(65, 70, 1, 150, 150, '2018-03-20 00:31:49', '2018-03-20 00:31:49', NULL, NULL, 'RE', 'AP', '146606', '2018-03-16 10:00:00', 21, '1', '2018-03-20 00:31:49', '2018-03-20 00:31:49', '1'),
(66, 74, 2, 150, 150, '2018-03-20 00:32:29', '2018-03-20 00:32:29', NULL, NULL, 'RE', 'AP', '146695', '2018-03-19 10:00:00', 21, '1', '2018-03-20 00:32:29', '2018-03-20 00:32:29', '1'),
(67, 73, 1, 150, 150, '2018-03-20 01:42:03', '2018-03-20 01:42:03', NULL, NULL, 'RE', 'AP', '146702', '2018-03-19 10:00:00', 21, '1', '2018-03-20 01:42:03', '2018-03-20 01:42:03', '1'),
(68, 72, 1, 150, 150, '2018-03-20 01:42:33', '2018-03-20 01:42:33', NULL, NULL, 'RE', 'AP', '146703', '2018-03-19 10:00:00', 21, '1', '2018-03-20 01:42:33', '2018-03-20 01:42:33', '1'),
(69, 71, 4, 150, 150, '2018-03-20 05:12:40', '2018-03-20 20:34:00', 'pago_1065-2018-03-19 19:08:37.png', NULL, 'RE', 'AP', '210000006825904', '2018-03-19 10:00:00', 21, '1', '2018-03-20 05:12:40', '2018-03-20 20:34:00', '1'),
(70, 75, 1, 150, 150, '2018-03-20 18:34:20', '2018-03-20 18:34:20', NULL, NULL, 'RE', 'AP', '146714', '2018-03-19 10:00:00', 21, '1', '2018-03-20 18:34:20', '2018-03-20 18:34:20', '1'),
(71, 76, 5, 150, 150, '2018-03-22 00:16:58', '2018-03-22 01:19:15', 'pago_1081-2018-03-21 14:15:56.jpg', NULL, 'RE', 'AP', '3871', '2018-03-21 10:00:00', 21, '1', '2018-03-22 00:16:58', '2018-03-22 01:19:15', '1'),
(72, 77, 1, 150, 150, '2018-03-22 00:23:25', '2018-03-22 00:23:25', NULL, NULL, 'RE', 'AP', '146748', '2018-03-21 10:00:00', 21, '1', '2018-03-22 00:23:25', '2018-03-22 00:23:25', '1'),
(73, 78, 4, 150, 150, '2018-03-22 20:56:26', '2018-03-22 21:00:52', 'pago_1082-2018-03-22 10:54:06.pdf', NULL, 'RE', 'AP', '10052681', '2018-03-21 10:00:00', 21, '1', '2018-03-22 20:56:26', '2018-03-22 21:00:52', '1'),
(74, 79, 5, 150, 150, '2018-03-23 04:34:52', '2018-03-23 06:12:34', 'pago_1083-2018-03-22 18:34:07.jpg', NULL, 'RE', 'AP', '9197060', '2018-03-22 10:00:00', 25, '1', '2018-03-23 04:34:52', '2018-03-23 06:12:34', '1'),
(75, 65, 1, 150, 150, '2018-03-29 02:06:56', '2018-03-29 02:06:56', NULL, NULL, 'RE', 'AP', '146439', '2018-03-14 10:00:00', 21, '1', '2018-03-29 02:06:56', '2018-03-29 02:06:56', '1'),
(76, 80, 5, 150, 150, '2018-03-30 03:00:29', '2018-03-30 03:03:06', 'pago_1086-2018-03-29 16:58:38.jpg', NULL, 'RE', 'AP', '10135907', '2018-03-29 10:00:00', 21, '1', '2018-03-30 03:00:29', '2018-03-30 03:03:06', '1'),
(77, 82, 5, 120, 120, '2018-04-03 04:07:31', '2018-04-03 20:01:29', 'pago_1089-2018-04-02 18:05:29.jpg', NULL, 'RE', 'AP', '2.02e30', '2018-04-02 10:00:00', 21, '1', '2018-04-03 04:07:31', '2018-04-03 20:01:29', '1'),
(78, 83, 4, 90, 90, '2018-04-06 20:30:07', '2018-04-07 00:32:01', 'pago_1095-2018-04-06 10:29:54.pdf', NULL, 'RE', 'AP', '2254743', '2018-04-06 10:00:00', 21, '1', '2018-04-06 20:30:07', '2018-04-07 00:32:01', '1'),
(79, 89, 2, 120, 120, '2018-04-09 22:34:09', '2018-04-09 22:34:09', NULL, NULL, 'RE', 'AP', '147710', '2018-04-09 10:00:00', 21, '1', '2018-04-09 22:34:09', '2018-04-09 22:34:09', '1'),
(80, 81, 2, 120, 120, '2018-04-09 23:25:16', '2018-04-09 23:25:16', NULL, NULL, 'RE', 'AP', '147723', '2018-04-09 10:00:00', 24, '1', '2018-04-09 23:25:16', '2018-04-09 23:25:16', '1'),
(81, 84, 2, 120, 120, '2018-04-10 04:10:29', '2018-04-10 04:10:29', NULL, NULL, 'RE', 'AP', '82431', '2018-04-09 10:00:00', 21, '1', '2018-04-10 04:10:29', '2018-04-10 04:10:29', '1'),
(82, 92, 2, 150, 150, '2018-04-11 02:16:19', '2018-04-11 02:16:19', NULL, NULL, 'RE', 'AP', '82446', '2018-04-09 10:00:00', 21, '1', '2018-04-11 02:16:19', '2018-04-11 02:16:19', '1'),
(83, 93, 2, 150, 150, '2018-04-11 02:23:59', '2018-04-11 02:23:59', NULL, NULL, 'RE', 'AP', '82447', '2018-04-10 10:00:00', 21, '1', '2018-04-11 02:23:59', '2018-04-11 02:23:59', '1'),
(84, 95, 2, 150, 150, '2018-04-11 02:35:34', '2018-04-11 02:35:34', NULL, NULL, 'RE', 'AP', '82448', '2018-04-10 10:00:00', 21, '1', '2018-04-11 02:35:34', '2018-04-11 02:35:34', '1'),
(85, 87, 2, 150, 150, '2018-04-11 02:40:58', '2018-04-11 02:40:58', NULL, NULL, 'RE', 'AP', '82440', '2018-04-10 10:00:00', 21, '1', '2018-04-11 02:40:58', '2018-04-11 02:40:58', '1'),
(86, 88, 2, 150, 150, '2018-04-11 02:45:56', '2018-04-11 02:45:56', NULL, NULL, 'RE', 'AP', '82449', '2018-04-10 10:00:00', 21, '1', '2018-04-11 02:45:56', '2018-04-11 02:45:56', '1'),
(87, 97, 4, 150, 150, '2018-04-11 20:12:20', '2018-04-12 03:06:18', 'pago_1105-2018-04-11 10:10:49.pdf', NULL, 'RE', 'AP', '11432164', '2018-04-09 10:00:00', 21, '1', '2018-04-11 20:12:20', '2018-04-12 03:06:18', '1'),
(88, 98, 5, 120, 120, '2018-04-12 00:03:29', '2018-04-12 03:05:18', 'pago_1107-2018-04-11 14:06:58.jpeg', NULL, 'RE', 'AP', '5150178', '2018-04-11 10:00:00', 21, '1', '2018-04-12 00:03:29', '2018-04-12 03:05:18', '1'),
(89, 94, 4, 150, 150, '2018-04-12 01:04:25', '2018-04-13 04:03:22', 'pago_1101-2018-04-11 15:04:04.jpg', NULL, 'RE', 'AP', '6633069', '2018-04-11 10:00:00', 21, '1', '2018-04-12 01:04:25', '2018-04-13 04:03:22', '1'),
(90, 101, 2, 120, 120, '2018-04-12 22:09:03', '2018-04-12 22:09:03', NULL, NULL, 'RE', 'AP', '111', '2018-04-11 10:00:00', 21, '1', '2018-04-12 22:09:03', '2018-04-12 22:09:03', '1'),
(91, 100, 4, 120, 120, '2018-04-12 23:36:29', '2018-04-13 01:45:01', 'pago_1106-2018-04-12 13:36:20.pdf', NULL, 'RE', 'AP', '638050', '2018-04-11 10:00:00', 21, '1', '2018-04-12 23:36:29', '2018-04-13 01:45:01', '1'),
(92, 85, 4, 150, 150, '2018-04-13 02:43:53', '2018-04-14 01:45:47', 'pago_1096-2018-04-12 16:40:58.pdf', NULL, 'RE', 'AP', '5254042', '2018-04-04 10:00:00', 21, '1', '2018-04-13 02:43:53', '2018-04-14 01:45:47', '1'),
(93, 86, 5, 120, 120, '2018-04-13 06:21:56', '2018-04-14 20:13:43', 'pago_1087-2018-04-12 20:21:56.pdf', NULL, 'RE', 'AP', '5472163', '2018-04-10 10:00:00', 21, '1', '2018-04-13 06:21:56', '2018-04-14 20:13:43', '1'),
(94, 99, 4, 120, 120, '2018-04-13 09:06:39', '2018-04-13 19:12:07', 'pago_1103-2018-04-12 23:06:20.jpg', NULL, 'RE', 'AP', '6966234', '2018-04-12 10:00:00', 21, '1', '2018-04-13 09:06:39', '2018-04-13 19:12:07', '1'),
(95, 96, 4, 120, 120, '2018-04-13 22:55:26', '2018-04-14 20:13:20', 'pago_1094-2018-04-13 12:55:48.pdf', NULL, 'RE', 'AP', '63796', '2018-04-12 10:00:00', 21, '1', '2018-04-13 22:55:26', '2018-04-14 20:13:20', '1'),
(96, 102, 5, 120, 120, '2018-04-14 01:54:26', '2018-04-14 20:12:48', 'pago_1109-2018-04-13 15:54:20.pdf', NULL, 'RE', 'AP', '4755721', '2018-04-10 10:00:00', 21, '1', '2018-04-14 01:54:26', '2018-04-14 20:12:48', '1'),
(97, 108, 1, 90, 90, '2018-04-14 04:59:20', '2018-04-14 04:59:20', NULL, NULL, 'RE', 'AP', '148009', '2018-04-13 10:00:00', 21, '1', '2018-04-14 04:59:20', '2018-04-14 04:59:20', '1'),
(98, 106, 5, 120, 120, '2018-04-14 06:17:16', '2018-04-14 20:15:28', 'pago_1114-2018-04-13 20:16:53.pdf', NULL, 'RE', 'AP', '198079106', '2018-04-13 10:00:00', 21, '1', '2018-04-14 06:17:16', '2018-04-14 20:15:28', '1'),
(99, 103, 2, 120, 120, '2018-04-14 23:49:55', '2018-04-14 23:49:55', NULL, NULL, 'RE', 'AP', '1442018', '2018-04-14 10:00:00', 21, '1', '2018-04-14 23:49:55', '2018-04-14 23:49:55', '1'),
(100, 62, 5, 120, 120, '2018-04-16 20:24:57', '2018-04-18 21:46:23', 'pago_1063-2018-04-16 10:24:25.jpg', NULL, 'RE', 'AP', '148077', '2018-04-15 10:00:00', 21, '1', '2018-04-16 20:24:57', '2018-04-18 21:46:23', '1'),
(101, 107, 1, 120, 120, '2018-04-16 22:35:57', '2018-04-16 22:35:57', NULL, NULL, 'RE', 'AP', '26992', '2018-04-03 10:00:00', 21, '1', '2018-04-16 22:35:57', '2018-04-16 22:35:57', '1'),
(102, 105, 2, 120, 120, '2018-04-16 22:37:36', '2018-04-16 22:37:36', NULL, NULL, 'RE', 'AP', '82542', '2018-04-16 10:00:00', 21, '1', '2018-04-16 22:37:36', '2018-04-16 22:37:36', '1'),
(103, 109, 5, 120, 120, '2018-04-17 00:42:20', '2018-04-17 03:56:57', 'pago_1111-2018-04-16 14:41:37.jpg', NULL, 'RE', 'AP', '12378541', '2018-04-16 10:00:00', 21, '1', '2018-04-17 00:42:20', '2018-04-17 03:56:57', '1'),
(104, 104, 5, 120, 120, '2018-04-17 19:57:45', '2018-04-18 01:56:12', 'pago_1116-2018-04-17 9:57:23.jpg', NULL, 'RE', 'AP', '22305', '2018-04-17 10:00:00', 21, '1', '2018-04-17 19:57:45', '2018-04-18 01:56:12', '1'),
(105, 112, 5, 120, 120, '2018-04-18 01:04:56', '2018-04-18 01:59:36', 'pago_1064-2018-04-17 15:07:05.png', NULL, 'RE', 'AP', '2.02e29', '2018-04-17 10:00:00', 21, '1', '2018-04-18 01:04:56', '2018-04-18 01:59:36', '1'),
(106, 111, 5, 120, 120, '2018-04-18 01:11:19', '2018-04-18 01:57:50', 'pago_1108-2018-04-17 14:59:31.pdf', NULL, 'RE', 'AP', '5950', '2018-04-17 10:00:00', 21, '1', '2018-04-18 01:11:19', '2018-04-18 01:57:50', '1'),
(107, 110, 1, 120, 120, '2018-04-18 02:13:30', '2018-04-18 02:13:30', NULL, NULL, 'RE', 'AP', '148210', '2018-04-16 10:00:00', 21, '1', '2018-04-18 02:13:30', '2018-04-18 02:13:30', '1'),
(108, 90, 5, 120, 120, '2018-04-18 02:21:07', '2018-04-18 21:45:52', 'pago_1084-2018-04-17 16:20:34.jpg', NULL, 'RE', 'AP', '10494', '2018-04-17 10:00:00', 21, '1', '2018-04-18 02:21:07', '2018-04-18 21:45:52', '1'),
(109, 114, 1, 120, 120, '2018-04-18 05:48:49', '2018-04-18 05:48:49', NULL, NULL, 'RE', 'AP', '148283', '2018-04-17 10:00:00', 24, '1', '2018-04-18 05:48:49', '2018-04-18 05:48:49', '1'),
(110, 113, 5, 120, 120, '2018-04-18 20:26:49', '2018-04-18 20:41:27', 'pago_1117-2018-04-18 10:25:34.png', NULL, 'RE', 'AP', '30105067', '2018-04-16 10:00:00', 21, '1', '2018-04-18 20:26:49', '2018-04-18 20:41:27', '1'),
(111, 117, 1, 120, 120, '2018-04-19 06:39:08', '2018-04-19 06:39:08', NULL, NULL, 'RE', 'AP', '632864', '2018-04-18 10:00:00', 24, '1', '2018-04-19 06:39:08', '2018-04-19 06:39:08', '1'),
(112, 115, 2, 120, 120, '2018-04-19 06:41:02', '2018-04-19 06:41:02', NULL, NULL, 'RE', 'AP', '148357', '2018-04-18 10:00:00', 24, '1', '2018-04-19 06:41:02', '2018-04-19 06:41:02', '1'),
(113, 116, 5, 60, 60, '2018-04-20 02:40:47', '2018-04-27 21:06:18', 'pago_1118-2018-04-19 16:39:28.pdf', NULL, 'RE', 'AP', '6100', '2018-04-17 10:00:00', 21, '1', '2018-04-20 02:40:47', '2018-04-27 21:06:18', '1'),
(114, 119, 2, 150, 150, '2018-04-25 22:22:02', '2018-04-25 22:22:02', NULL, NULL, 'RE', 'AP', '148524', '2018-04-20 10:00:00', 21, '1', '2018-04-25 22:22:02', '2018-04-25 22:22:02', '1'),
(115, 19, 2, 150, 150, '2018-04-26 20:05:50', '2018-04-26 20:05:50', NULL, NULL, 'RE', 'AP', '140952', '2017-11-13 10:00:00', 21, '1', '2018-04-26 20:05:50', '2018-04-26 20:05:50', '1'),
(116, 32, 2, 150, 150, '2018-04-26 20:11:56', '2018-04-26 20:11:56', NULL, NULL, 'RE', 'AP', '81508', '2018-01-19 10:00:00', 21, '1', '2018-04-26 20:11:56', '2018-04-26 20:11:56', '1'),
(117, 120, 5, 150, 150, '2018-05-01 01:11:22', '2018-05-02 20:30:21', 'pago_1126-2018-04-30 15:11:11.jpg', NULL, 'RE', 'AP', '40816', '2018-04-29 10:00:00', 21, '1', '2018-05-01 01:11:22', '2018-05-02 20:30:21', '1'),
(118, 123, 5, 150, 150, '2018-05-05 03:08:32', '2018-05-09 04:03:28', 'pago_1129-2018-05-04 17:06:49.pdf', NULL, 'RE', 'AP', '551533595609', '2018-05-04 10:00:00', 21, '1', '2018-05-05 03:08:32', '2018-05-09 04:03:28', '1'),
(119, 121, 1, 150, 150, '2018-05-05 03:25:59', '2018-05-05 03:25:59', NULL, NULL, 'RE', 'AP', '148817', '2018-04-26 10:00:00', 24, '1', '2018-05-05 03:25:59', '2018-05-05 03:25:59', '1'),
(120, 25, 4, 150, 150, '2018-05-08 23:37:39', '2018-05-14 20:32:38', 'pago_1028-2018-05-08 13:37:04.jpg', NULL, 'RE', 'AP', '2740781', '2018-05-08 10:00:00', 21, '1', '2018-05-08 23:37:39', '2018-05-14 20:32:38', '1'),
(121, 124, 2, 150, 150, '2018-05-11 03:08:17', '2018-05-11 03:08:17', NULL, NULL, 'RE', 'AP', '123', '2018-05-08 10:00:00', 21, '1', '2018-05-11 03:08:17', '2018-05-11 03:08:17', '1'),
(122, 127, 4, 150, 150, '2018-05-11 04:19:14', '2018-05-12 03:29:23', 'pago_1014-2018-05-10 18:18:21.png', NULL, 'RE', 'AP', '253918020900', '2018-05-10 10:00:00', 21, '1', '2018-05-11 04:19:14', '2018-05-12 03:29:23', '1'),
(123, 118, 2, 150, 150, '2018-05-11 04:33:21', '2018-05-11 04:33:21', NULL, NULL, 'RE', 'AP', '149688', '2018-05-10 10:00:00', 24, '1', '2018-05-11 04:33:21', '2018-05-11 04:33:21', '1'),
(124, 122, 4, 150, 150, '2018-05-11 20:54:42', '2018-05-12 03:30:11', 'pago_1127-2018-05-11 10:53:57.pdf', NULL, 'RE', 'AP', '1809483018', '2018-05-11 10:00:00', 21, '1', '2018-05-11 20:54:42', '2018-05-12 03:30:11', '1'),
(125, 125, 3, 150, 150, '2018-05-14 20:28:17', '2018-05-14 20:28:17', NULL, NULL, 'RE', 'AP', '1111', '2018-05-07 10:00:00', 21, '1', '2018-05-14 20:28:17', '2018-05-14 20:28:17', '1'),
(126, 128, 4, 150, 150, '2018-05-15 22:36:12', '2018-05-15 22:38:53', 'pago_1123-2018-05-15 12:35:58.pdf', NULL, 'RE', 'AP', '1', '2018-05-15 10:00:00', 21, '1', '2018-05-15 22:36:12', '2018-05-15 22:38:53', '1'),
(127, 130, 5, 150, 150, '2018-05-16 23:53:20', '2018-05-17 00:37:18', 'pago_1134-2018-05-16 13:52:36.pdf', NULL, 'RE', 'AP', '3040', '2018-05-16 10:00:00', 21, '1', '2018-05-16 23:53:20', '2018-05-17 00:37:18', '1'),
(128, 129, 5, 150, 150, '2018-05-17 04:03:16', '2018-05-17 04:09:37', 'pago_1124-2018-05-16 18:03:02.jpg', NULL, 'RE', 'AP', '7727046', '2018-05-16 10:00:00', 21, '1', '2018-05-17 04:03:16', '2018-05-17 04:09:37', '1'),
(129, 131, 4, 150, 150, '2018-05-17 22:09:17', '2018-05-18 20:45:41', 'pago_1135-2018-05-17 12:08:12.pdf', NULL, 'RE', 'AP', '2533989', '2018-05-17 10:00:00', 21, '1', '2018-05-17 22:09:17', '2018-05-18 20:45:41', '1'),
(130, 126, 5, 150, 150, '2018-05-28 20:18:59', '2018-05-28 20:22:28', 'pago_1132-2018-05-28 10:18:55.pdf', NULL, 'RE', 'AP', '5625130', '2018-05-15 10:00:00', 21, '1', '2018-05-28 20:18:59', '2018-05-28 20:22:28', '1'),
(131, 134, 1, 150, 150, '2018-05-31 01:05:19', '2018-05-31 01:05:19', NULL, NULL, 'RE', 'AP', '150259', '2018-05-30 10:00:00', 21, '1', '2018-05-31 01:05:19', '2018-05-31 01:05:19', '1'),
(132, 137, 5, 150, 150, '2018-06-01 01:54:42', '2018-06-01 01:56:46', 'pago_1143-2018-05-31 15:51:56.jpeg', NULL, 'RE', 'AP', '190559321', '2018-05-31 10:00:00', 21, '1', '2018-06-01 01:54:42', '2018-06-01 01:56:46', '1'),
(133, 135, 5, 120, 120, '2018-06-01 03:05:09', '2018-06-01 03:36:10', 'pago_1141-2018-05-31 17:04:59.jpeg', NULL, 'RE', 'AP', '6787945', '2018-05-31 10:00:00', 24, '1', '2018-06-01 03:05:09', '2018-06-01 03:36:10', '1'),
(134, 132, 4, 150, 150, '2018-06-01 20:34:48', '2018-06-01 20:37:56', 'pago_1136-2018-06-01 10:34:46.jpeg', NULL, 'RE', 'AP', '31377', '2018-06-01 10:00:00', 21, '1', '2018-06-01 20:34:48', '2018-06-01 20:37:56', '1'),
(135, 142, 5, 150, 150, '2018-06-04 22:33:14', '2018-06-04 22:51:48', 'pago_1147-2018-06-04 12:32:08.jpeg', NULL, 'RE', 'AP', '150647', '2018-06-04 10:00:00', 21, '1', '2018-06-04 22:33:14', '2018-06-04 22:51:48', '1'),
(136, 141, 4, 150, 150, '2018-06-04 22:48:19', '2018-06-04 22:50:39', 'pago_1137-2018-06-04 12:48:21.jpeg', NULL, 'RE', 'AP', '4357760100', '2018-06-04 10:00:00', 21, '1', '2018-06-04 22:48:19', '2018-06-04 22:50:39', '1'),
(137, 140, 5, 150, 150, '2018-06-04 23:42:25', '2018-06-05 19:59:14', 'pago_1146-2018-06-04 13:41:02.jpeg', NULL, 'RE', 'AP', '24370', '2018-06-04 10:00:00', 21, '1', '2018-06-04 23:42:25', '2018-06-05 19:59:14', '1'),
(138, 138, 2, 150, 150, '2018-06-05 20:00:28', '2018-06-05 20:00:28', NULL, NULL, 'RE', 'AP', '150313', '2018-05-31 10:00:00', 21, '1', '2018-06-05 20:00:28', '2018-06-05 20:00:28', '1'),
(139, 143, 1, 150, 150, '2018-06-06 01:26:46', '2018-06-06 01:26:46', NULL, NULL, 'RE', 'AP', '150685', '2018-06-04 10:00:00', 24, '1', '2018-06-06 01:26:46', '2018-06-06 01:26:46', '1'),
(140, 133, 5, 150, 150, '2018-06-07 22:29:12', '2018-06-07 22:37:03', 'pago_1139-2018-06-07 12:29:10.jpeg', NULL, 'RE', 'AP', '15259307', '2018-06-06 10:00:00', 21, '1', '2018-06-07 22:29:12', '2018-06-07 22:37:03', '1'),
(141, 139, 5, 150, 150, '2018-06-07 22:51:33', '2018-06-07 22:53:57', 'pago_1145-2018-06-07 12:51:11.jpeg', NULL, 'RE', 'AP', '4045219', '2018-06-07 10:00:00', 21, '1', '2018-06-07 22:51:33', '2018-06-07 22:53:57', '1'),
(142, 136, 4, 150, 150, '2018-06-08 02:19:55', '2018-06-08 02:22:22', 'pago_1138-2018-06-07 16:19:51.pdf', NULL, 'RE', 'AP', '1', '2018-06-07 10:00:00', 21, '1', '2018-06-08 02:19:55', '2018-06-08 02:22:22', '1'),
(143, 144, 5, 150, 150, '2018-06-08 03:13:02', '2018-06-08 20:20:01', 'pago_1149-2018-06-07 17:12:58.jpeg', NULL, 'RE', 'AP', '8944771', '2018-06-07 10:00:00', 21, '1', '2018-06-08 03:13:02', '2018-06-08 20:20:01', '1'),
(144, 146, 5, 150, 150, '2018-06-08 23:17:24', '2018-06-08 23:32:40', 'pago_1150-2018-06-08 13:16:55.jpeg', NULL, 'RE', 'AP', '70', '2018-06-07 10:00:00', 21, '1', '2018-06-08 23:17:24', '2018-06-08 23:32:40', '1'),
(145, 145, 4, 150, 150, '2018-06-09 04:03:52', '2018-06-09 19:32:25', 'pago_1151-2018-06-08 18:02:40.pdf', NULL, 'RE', 'AP', '2999859', '2018-06-08 10:00:00', 21, '1', '2018-06-09 04:03:52', '2018-06-09 19:32:25', '1'),
(146, 147, 5, 150, 150, '2018-06-09 22:58:24', '2018-06-09 23:43:35', 'pago_1133-2018-06-9 12:58:14.jpeg', NULL, 'RE', 'AP', '51606', '2018-06-09 10:00:00', 24, '1', '2018-06-09 22:58:24', '2018-06-09 23:43:35', '1'),
(147, 149, 4, 150, 150, '2018-06-12 03:05:01', '2018-06-12 03:22:07', 'pago_1153-2018-06-11 17:04:33.jpeg', NULL, 'RE', 'AP', '463551', '2018-06-11 10:00:00', 21, '1', '2018-06-12 03:05:01', '2018-06-12 03:22:07', '1'),
(148, 150, 4, 150, 150, '2018-06-13 00:56:00', '2018-06-13 01:08:50', 'pago_1154-2018-06-12 14:55:52.jpg', NULL, 'RE', 'AP', '5545508', '2018-06-12 10:00:00', 21, '1', '2018-06-13 00:56:00', '2018-06-13 01:08:50', '1'),
(149, 151, 4, 150, 150, '2018-06-13 02:32:57', '2018-06-13 02:50:48', 'pago_1045-2018-06-12 16:32:50.jpeg', NULL, 'RE', 'AP', '7851906', '2018-06-12 10:00:00', 24, '1', '2018-06-13 02:32:57', '2018-06-13 02:50:48', '1'),
(150, 148, 5, 150, 150, '2018-06-16 21:22:44', '2018-06-16 22:33:24', 'pago_1152-2018-06-16 11:22:34.jpeg', NULL, 'RE', 'AP', '3353420', '2018-06-16 10:00:00', 21, '1', '2018-06-16 21:22:44', '2018-06-16 22:33:24', '1'),
(151, 152, 4, 150, 150, '2018-06-21 23:18:50', '2018-06-22 00:24:24', 'pago_1156-2018-06-21 13:17:42.jpeg', NULL, 'RE', 'AP', '7521318', '2018-06-21 10:00:00', 21, '1', '2018-06-21 23:18:50', '2018-06-22 00:24:24', '1'),
(152, 153, 5, 150, 150, '2018-06-27 05:27:57', '2018-06-27 05:32:27', 'pago_1142-2018-06-26 19:21:45.jpeg', NULL, 'RE', 'AP', '7429', '2018-06-26 10:00:00', 24, '1', '2018-06-27 05:27:57', '2018-06-27 05:32:27', '1'),
(153, 154, 4, 150, 150, '2018-06-28 00:15:06', '2018-06-28 00:39:13', 'pago_1158-2018-06-27 14:14:58.pdf', NULL, 'RE', 'AP', '6085535', '2018-06-27 10:00:00', 24, '1', '2018-06-28 00:15:06', '2018-06-28 00:39:13', '1'),
(154, 156, 4, 150, 150, '2018-06-28 23:26:07', '2018-06-28 23:32:12', 'pago_1157-2018-06-28 13:25:56.jpeg', NULL, 'RE', 'AP', '28062018', '2018-06-28 10:00:00', 24, '1', '2018-06-28 23:26:08', '2018-06-28 23:32:12', '1'),
(155, 155, 5, 150, 150, '2018-06-30 22:07:05', '2018-07-03 23:53:57', 'pago_1128-2018-06-30 12:06:52.jpeg', NULL, 'RE', 'AP', '1451097', '2018-06-30 10:00:00', 21, '1', '2018-06-30 22:07:05', '2018-07-03 23:53:57', '1'),
(156, 158, 5, 150, 150, '2018-07-04 20:40:41', '2018-07-04 21:04:02', 'pago_1155-2018-07-04 10:40:00.jpeg', NULL, 'RE', 'AP', '2708373', '2018-07-04 10:00:00', 21, '1', '2018-07-04 20:40:41', '2018-07-04 21:04:02', '1'),
(157, 161, 5, 150, 150, '2018-07-11 03:34:48', '2018-07-11 18:26:09', 'pago_1162-2018-07-10 17:34:28.jpeg', NULL, 'RE', 'AP', '9547452', '2018-07-10 10:00:00', 24, '1', '2018-07-11 03:34:48', '2018-07-11 18:26:09', '1'),
(158, 160, 1, 150, 150, '2018-07-13 20:07:09', '2018-07-13 20:07:09', NULL, NULL, 'RE', 'AP', '152485', '2018-07-13 10:00:00', 21, '1', '2018-07-13 20:07:09', '2018-07-13 20:07:09', '1'),
(159, 162, 5, 150, 150, '2018-07-15 00:21:42', '2018-07-16 18:52:02', 'pago_1164-2018-07-14 14:21:31.jpeg', NULL, 'RE', 'AP', '8246977', '2018-07-14 10:00:00', 21, '1', '2018-07-15 00:21:42', '2018-07-16 18:52:02', '1'),
(160, 163, 4, 150, 150, '2018-07-15 00:55:57', '2018-07-16 18:53:58', 'pago_1203-2018-07-14 14:55:23.png', NULL, 'RE', 'AP', '19458355', '2018-07-14 10:00:00', 21, '1', '2018-07-15 00:55:57', '2018-07-16 18:53:58', '1'),
(161, 157, 5, 150, 150, '2018-07-16 01:14:38', '2018-07-16 18:51:00', 'pago_1159-2018-07-15 15:13:07.jpeg', NULL, 'RE', 'AP', '6328918', '2018-07-15 10:00:00', 21, '1', '2018-07-16 01:14:38', '2018-07-16 18:51:00', '1'),
(162, 164, 5, 150, 150, '2018-07-17 05:07:46', '2018-07-17 20:37:17', 'pago_1204-2018-07-16 19:05:19.jpg', NULL, 'RE', 'AP', '4916018', '2018-07-15 10:00:00', 21, '1', '2018-07-17 05:07:46', '2018-07-17 20:37:17', '1'),
(163, 165, 4, 150, 150, '2018-07-17 23:14:01', '2018-07-18 01:56:20', 'pago_1163-2018-07-17 13:13:54.jpg', NULL, 'RE', 'AP', '4120931', '2018-07-17 10:00:00', 24, '1', '2018-07-17 23:14:01', '2018-07-18 01:56:20', '1'),
(164, 168, 5, 150, 150, '2018-07-18 01:08:24', '2018-07-18 01:54:49', 'pago_1206-2018-07-17 15:08:12.jpeg', NULL, 'RE', 'AP', '11961231', '2018-07-17 10:00:00', 24, '1', '2018-07-18 01:08:24', '2018-07-18 01:54:49', '1'),
(165, 169, 5, 150, 150, '2018-07-18 01:47:02', '2018-07-18 01:53:48', 'pago_1205-2018-07-17 15:46:55.jpeg', NULL, 'RE', 'AP', '7137941', '2018-07-17 10:00:00', 24, '1', '2018-07-18 01:47:02', '2018-07-18 01:53:48', '1'),
(166, 177, 4, 150, 150, '2018-07-20 03:28:04', '2018-07-20 03:35:44', 'pago_1030-2018-07-19 17:27:54.jpeg', NULL, 'RE', 'AP', '8733608', '2018-07-19 10:00:00', 24, '1', '2018-07-20 03:28:04', '2018-07-20 03:35:44', '1'),
(167, 91, 2, 150, 150, '2018-07-21 02:09:48', '2018-07-21 02:09:48', NULL, NULL, 'RE', 'AP', '152730', '2018-07-20 10:00:00', 24, '1', '2018-07-21 02:09:48', '2018-07-21 02:09:48', '1'),
(168, 181, 5, 150, 150, '2018-07-23 19:29:41', '2018-07-23 20:52:27', 'pago_1208-2018-07-23 9:29:35.jpeg', NULL, 'RE', 'AP', '2767580', '2018-07-21 10:00:00', 21, '1', '2018-07-23 19:29:41', '2018-07-23 20:52:27', '1'),
(169, 187, 5, 150, 150, '2018-07-26 02:08:39', '2018-07-30 20:02:07', 'pago_1209-2018-07-25 16:07:19.jpg', NULL, 'RE', 'AP', '15731312', '2018-07-25 10:00:00', 21, '1', '2018-07-26 02:08:39', '2018-07-30 20:02:07', '1'),
(170, 166, 4, 90, 90, '2018-07-30 23:53:37', '2018-07-31 00:03:37', 'pago_1165-2018-07-30 13:53:14.png', NULL, 'RE', 'AP', '14523701', '2018-07-30 10:00:00', 24, '1', '2018-07-30 23:53:37', '2018-07-31 00:03:37', '1'),
(171, 159, 1, 90, 90, '2018-08-07 02:43:57', '2018-08-07 02:43:57', 'pago_1160-2018-08-06 16:48:13.png', NULL, 'RE', 'AP', '153535', '2018-08-06 10:00:00', 21, '1', '2018-08-07 02:43:57', '2018-08-07 02:43:57', '1'),
(172, 212, 1, 150, 150, '2018-08-07 03:33:00', '2018-08-07 03:33:00', 'pago_1212-2018-08-06 17:37:23.png', NULL, 'RE', 'AP', '153405', '2018-08-04 10:00:00', 21, '1', '2018-08-07 03:33:00', '2018-08-07 03:33:00', '1'),
(173, 213, 1, 150, 150, '2018-08-11 23:45:09', '2018-08-11 23:45:09', 'pago_1213-2018-08-11 13:49:35.jpg', NULL, 'RE', 'AP', '121138', '2018-08-11 10:00:00', 24, '1', '2018-08-11 23:45:09', '2018-08-11 23:45:09', '1'),
(174, 211, 2, 150, 150, '2018-08-14 00:18:32', '2018-08-14 00:18:32', 'pago_1211-2018-08-13 14:23:02.jpg', NULL, 'RE', 'AP', '153699', '2018-08-13 10:00:00', 24, '1', '2018-08-14 00:18:32', '2018-08-14 00:18:32', '1'),
(175, 214, 5, 150, 150, '2018-08-15 15:06:44', '2018-08-15 15:20:14', 'pago_1214-2018-08-15 10:06:40.pdf', NULL, 'RE', 'AP', '7138954', '2018-08-14 05:00:00', 21, '1', '2018-08-15 15:06:44', '2018-08-15 15:20:14', '1'),
(176, 215, 5, 150, 150, '2018-08-16 19:35:11', '2018-08-16 19:41:08', 'pago_1215-2018-08-16 14:35:08.pdf', NULL, 'RE', 'AP', '54098', '2018-08-16 05:00:00', 24, '1', '2018-08-16 19:35:11', '2018-08-16 19:41:08', '1');

--
-- Volcado de datos para la tabla `desglose_pago`
--
INSERT INTO `desglose_pago` (`dpag_id`, `opag_id`, `dpag_subtotal`, `dpag_iva`, `dpag_total`, `dpag_fecha_ini_vigencia`, `dpag_fecha_fin_vigencia`, `dpag_estado_pago`, `dpag_usu_ingreso`, `dpag_usu_modifica`, `dpag_estado`, `dpag_fecha_creacion`, `dpag_fecha_modificacion`, `dpag_estado_logico`) VALUES
(1, 1, 150, 0, 150, '2017-10-03 13:57:02', NULL, 'S', 22, NULL, '1', '2017-10-03 13:57:02', '2017-10-11 16:22:45', '1'),
(2, 2, 150, 0, 150, '2017-10-05 07:34:19', NULL, 'S', 5, NULL, '1', '2017-10-05 07:34:19', '2017-10-12 16:22:27', '1'),
(3, 3, 150, 0, 150, '2017-10-12 13:22:51', NULL, 'S', 5, NULL, '1', '2017-10-12 13:22:51', '2017-11-30 03:48:09', '1'),
(4, 4, 150, 0, 150, '2017-10-14 07:00:05', NULL, 'S', 5, NULL, '1', '2017-10-14 07:00:05', '2017-10-14 12:14:02', '1'),
(5, 5, 150, 0, 150, '2017-10-15 07:08:58', NULL, 'S', 5, NULL, '1', '2017-10-15 07:08:58', '2017-10-15 12:15:17', '1'),
(6, 6, 150, 0, 150, '2017-10-15 07:21:25', NULL, 'S', 5, NULL, '1', '2017-10-15 07:21:25', '2017-10-15 12:23:17', '1'),
(7, 7, 150, 0, 150, '2017-10-17 12:47:34', NULL, 'S', 22, NULL, '1', '2017-10-17 12:47:34', '2017-10-17 18:03:17', '1'),
(8, 8, 150, 0, 150, '2017-10-18 07:36:05', NULL, 'S', 22, 21, '1', '2017-10-18 07:36:05', '2018-04-03 21:37:06', '1'),
(9, 9, 150, 0, 150, '2017-10-18 23:30:21', NULL, 'S', 5, NULL, '1', '2017-10-18 23:30:21', '2017-10-19 11:16:40', '1'),
(10, 10, 150, 0, 150, '2017-10-27 05:32:26', NULL, 'S', 22, NULL, '1', '2017-10-27 05:32:26', '2017-11-01 10:52:50', '1'),
(11, 11, 90, 0, 90, '2017-11-02 02:55:44', NULL, 'S', 5, 24, '1', '2017-11-02 02:55:44', '2018-02-24 03:06:24', '1'),
(12, 12, 150, 0, 150, '2017-11-07 08:30:13', NULL, 'S', 22, NULL, '1', '2017-11-07 08:30:13', '2017-11-30 01:10:45', '1'),
(13, 13, 150, 0, 150, '2017-11-09 03:55:44', NULL, 'S', 22, NULL, '1', '2017-11-09 03:55:44', '2017-11-14 01:37:15', '1'),
(14, 14, 150, 0, 150, '2017-11-09 09:33:57', NULL, 'S', 22, NULL, '1', '2017-11-09 09:33:57', '2017-11-30 01:11:46', '1'),
(15, 15, 150, 0, 150, '2017-11-09 09:36:57', NULL, 'S', 22, NULL, '1', '2017-11-09 09:36:57', '2017-11-11 05:11:46', '1'),
(16, 16, 150, 0, 150, '2017-11-11 07:32:49', NULL, 'S', 22, NULL, '1', '2017-11-11 07:32:49', '2017-11-29 07:52:05', '1'),
(17, 17, 150, 0, 150, '2017-11-11 08:04:37', NULL, 'S', 22, NULL, '1', '2017-11-11 08:04:37', '2017-11-23 03:52:58', '1'),
(18, 18, 150, 0, 150, '2017-11-14 00:38:27', NULL, 'S', 22, NULL, '1', '2017-11-14 00:38:27', '2017-11-30 01:18:29', '1'),
(19, 19, 150, 0, 150, '2017-11-14 00:49:51', NULL, 'S', 5, 21, '1', '2017-11-14 00:49:51', '2018-04-26 20:05:50', '1'),
(20, 20, 150, 0, 150, '2017-11-14 05:10:20', NULL, 'S', 5, NULL, '1', '2017-11-14 05:10:20', '2017-11-14 07:09:18', '1'),
(21, 21, 150, 0, 150, '2017-11-16 02:23:18', NULL, 'S', 5, NULL, '1', '2017-11-16 02:23:18', '2017-11-19 02:24:30', '1'),
(22, 22, 150, 0, 150, '2017-11-20 03:02:34', NULL, 'S', 5, NULL, '1', '2017-11-20 03:02:34', '2017-11-21 00:15:51', '1'),
(23, 23, 150, 0, 150, '2017-11-23 03:05:50', NULL, 'S', 5, NULL, '1', '2017-11-23 03:05:50', '2017-11-29 07:49:32', '1'),
(24, 24, 150, 0, 150, '2017-11-29 10:17:05', NULL, 'S', 5, NULL, '1', '2017-11-29 10:17:05', '2017-11-30 00:36:25', '1'),
(25, 25, 150, 0, 150, '2017-12-05 07:27:50', NULL, 'S', 22, 21, '1', '2017-12-05 07:27:50', '2018-05-14 20:32:38', '1'),
(26, 26, 150, 0, 150, '2017-12-15 00:04:53', NULL, 'S', 22, NULL, '1', '2017-12-15 00:04:53', '2018-01-10 22:59:15', '1'),
(27, 27, 150, 0, 150, '2018-01-08 10:00:00', NULL, 'S', 22, NULL, '1', '2018-01-08 20:10:26', '2018-01-09 02:38:18', '1'),
(28, 28, 150, 0, 150, '2018-01-08 10:00:00', NULL, 'S', 22, NULL, '1', '2018-01-08 21:41:52', '2018-01-09 21:14:55', '1'),
(29, 29, 150, 0, 150, '2018-01-12 10:00:00', NULL, 'S', 5, NULL, '1', '2018-01-12 20:20:20', '2018-01-13 01:02:01', '1'),
(30, 30, 150, 0, 150, '2018-01-12 10:00:00', NULL, 'S', 5, NULL, '1', '2018-01-13 00:25:42', '2018-01-13 19:02:10', '1'),
(31, 31, 150, 0, 150, '2018-01-15 10:00:00', NULL, 'S', 5, NULL, '1', '2018-01-16 00:49:18', '2018-01-20 03:53:50', '1'),
(32, 32, 150, 0, 150, '2018-01-15 10:00:00', NULL, 'S', 5, 21, '1', '2018-01-16 00:49:38', '2018-04-26 20:11:56', '1'),
(33, 33, 150, 0, 150, '2018-01-17 10:00:00', NULL, 'S', 5, NULL, '1', '2018-01-18 03:11:53', '2018-01-19 19:02:30', '1'),
(34, 34, 150, 0, 150, '2018-01-22 10:00:00', NULL, 'S', 5, NULL, '1', '2018-01-23 02:13:50', '2018-01-23 03:15:16', '1'),
(35, 35, 150, 0, 150, '2018-01-26 10:00:00', NULL, 'S', 5, 21, '1', '2018-01-27 01:05:48', '2018-02-02 03:13:32', '1'),
(36, 36, 150, 0, 150, '2018-01-26 10:00:00', NULL, 'S', 5, 21, '1', '2018-01-27 07:37:15', '2018-01-31 00:16:01', '1'),
(37, 37, 120, 0, 120, '2018-01-31 10:00:00', NULL, 'S', 5, 24, '1', '2018-02-01 01:02:43', '2018-02-20 02:06:39', '1'),
(38, 38, 150, 0, 150, '2018-01-31 10:00:00', NULL, 'S', 5, 21, '1', '2018-02-01 01:03:04', '2018-02-05 22:14:02', '1'),
(39, 39, 150, 0, 150, '2018-02-01 10:00:00', NULL, 'S', 5, 24, '1', '2018-02-02 02:29:53', '2018-02-19 21:48:18', '1'),
(40, 40, 150, 0, 150, '2018-02-14 10:00:00', NULL, 'S', 5, 25, '1', '2018-02-15 01:00:32', '2018-02-16 03:46:11', '1'),
(41, 41, 150, 0, 150, '2018-02-16 10:00:00', NULL, 'S', 5, 24, '1', '2018-02-16 21:35:17', '2018-02-21 00:39:15', '1'),
(42, 42, 150, 0, 150, '2018-02-16 10:00:00', NULL, 'S', 22, 24, '1', '2018-02-17 02:25:00', '2018-02-17 02:37:14', '1'),
(43, 43, 150, 0, 150, '2018-02-19 10:00:00', NULL, 'S', 5, 24, '1', '2018-02-19 20:07:51', '2018-02-19 21:40:50', '1'),
(44, 44, 150, 0, 150, '2018-02-19 10:00:00', NULL, 'S', 5, 21, '1', '2018-02-20 02:11:58', '2018-02-20 02:25:24', '1'),
(45, 45, 150, 0, 150, '2018-02-20 10:00:00', NULL, 'S', 22, 21, '1', '2018-02-20 19:25:00', '2018-02-21 00:15:14', '1'),
(46, 46, 150, 0, 150, '2018-02-20 10:00:00', NULL, 'S', 22, 21, '1', '2018-02-20 19:38:07', '2018-02-20 20:28:10', '1'),
(47, 47, 150, 0, 150, '2018-02-20 10:00:00', NULL, 'S', 22, 21, '1', '2018-02-20 20:42:31', '2018-02-20 20:59:56', '1'),
(48, 48, 150, 0, 150, '2018-02-23 10:00:00', NULL, 'S', 5, 24, '1', '2018-02-24 06:40:56', '2018-02-25 21:25:46', '1'),
(49, 49, 150, 0, 150, '2018-03-01 10:00:00', NULL, 'S', 22, 21, '1', '2018-03-02 04:52:39', '2018-03-03 00:40:23', '1'),
(50, 50, 150, 0, 150, '2018-03-02 10:00:00', NULL, 'S', 5, 25, '1', '2018-03-02 19:14:04', '2018-03-06 00:15:46', '1'),
(51, 51, 150, 0, 150, '2018-03-02 10:00:00', NULL, 'S', 5, 21, '1', '2018-03-02 19:14:25', '2018-03-02 19:41:19', '1'),
(52, 52, 150, 0, 150, '2018-03-05 10:00:00', NULL, 'S', 5, 21, '1', '2018-03-05 23:34:01', '2018-03-06 18:35:02', '1'),
(53, 53, 150, 0, 150, '2018-03-08 10:00:00', NULL, 'S', 22, 21, '1', '2018-03-09 02:18:25', '2018-03-09 19:23:10', '1'),
(54, 54, 120, 0, 120, '2018-03-09 10:00:00', NULL, 'S', 22, 21, '1', '2018-03-09 21:49:58', '2018-03-13 22:15:22', '1'),
(55, 55, 150, 0, 150, '2018-03-09 10:00:00', NULL, 'S', 22, 21, '1', '2018-03-09 22:05:08', '2018-03-13 19:07:15', '1'),
(56, 56, 150, 0, 150, '2018-03-09 10:00:00', NULL, 'S', 5, 21, '1', '2018-03-10 00:36:17', '2018-03-12 19:34:33', '1'),
(57, 57, 150, 0, 150, '2018-03-09 10:00:00', NULL, 'S', 22, 21, '1', '2018-03-10 04:37:40', '2018-03-13 19:05:38', '1'),
(58, 58, 150, 0, 150, '2018-03-10 10:00:00', NULL, 'S', 5, 25, '1', '2018-03-10 19:30:26', '2018-03-11 20:32:56', '1'),
(59, 59, 150, 0, 150, '2018-03-10 10:00:00', NULL, 'S', 5, 25, '1', '2018-03-10 23:19:23', '2018-03-11 00:34:41', '1'),
(60, 60, 150, 0, 150, '2018-03-13 10:00:00', NULL, 'S', 22, 21, '1', '2018-03-13 20:04:23', '2018-03-16 20:20:56', '1'),
(61, 61, 150, 0, 150, '2018-03-13 10:00:00', NULL, 'S', 5, 21, '1', '2018-03-14 02:23:54', '2018-03-16 20:22:35', '1'),
(62, 62, 120, 0, 120, '2018-03-14 10:00:00', NULL, 'S', 5, 21, '1', '2018-03-14 22:00:31', '2018-04-18 21:46:23', '1'),
(63, 63, 150, 0, 150, '2018-03-14 10:00:00', NULL, 'S', 5, 21, '1', '2018-03-15 01:00:14', '2018-03-16 20:24:28', '1'),
(64, 64, 150, 0, 150, '2018-03-15 10:00:00', NULL, 'S', 5, 24, '1', '2018-03-16 00:21:25', '2018-03-17 18:25:33', '1'),
(65, 65, 150, 0, 150, '2018-03-16 10:00:00', NULL, 'S', 5, 21, '1', '2018-03-16 21:59:38', '2018-03-29 02:06:56', '1'),
(66, 66, 150, 0, 150, '2018-03-16 10:00:00', NULL, 'S', 5, 24, '1', '2018-03-16 21:59:53', '2018-03-17 18:22:43', '1'),
(67, 67, 150, 0, 150, '2018-03-16 10:00:00', NULL, 'S', 22, 21, '1', '2018-03-17 00:04:01', '2018-03-20 00:25:23', '1'),
(68, 68, 150, 0, 150, '2018-03-17 10:00:00', NULL, 'S', 5, 21, '1', '2018-03-17 19:52:44', '2018-03-17 21:23:22', '1'),
(69, 69, 150, 0, 150, '2018-03-17 10:00:00', NULL, 'S', 5, 21, '1', '2018-03-17 20:20:11', '2018-03-17 21:22:06', '1'),
(70, 70, 150, 0, 150, '2018-03-17 10:00:00', NULL, 'S', 5, 21, '1', '2018-03-17 21:52:11', '2018-03-20 00:31:49', '1'),
(71, 71, 150, 0, 150, '2018-03-19 10:00:00', NULL, 'S', 5, 21, '1', '2018-03-19 20:28:27', '2018-03-20 20:34:00', '1'),
(72, 72, 150, 0, 150, '2018-03-19 10:00:00', NULL, 'S', 22, 21, '1', '2018-03-19 21:12:51', '2018-03-20 01:42:33', '1'),
(73, 73, 150, 0, 150, '2018-03-19 10:00:00', NULL, 'S', 5, 21, '1', '2018-03-19 21:30:36', '2018-03-20 01:42:03', '1'),
(74, 74, 150, 0, 150, '2018-03-19 10:00:00', NULL, 'S', 5, 21, '1', '2018-03-19 23:17:32', '2018-03-20 00:32:29', '1'),
(75, 75, 150, 0, 150, '2018-03-19 10:00:00', NULL, 'S', 5, 21, '1', '2018-03-20 02:46:24', '2018-03-20 18:34:20', '1'),
(76, 76, 150, 0, 150, '2018-03-21 10:00:00', NULL, 'S', 5, 21, '1', '2018-03-21 20:11:19', '2018-03-22 01:19:15', '1'),
(77, 77, 150, 0, 150, '2018-03-21 10:00:00', NULL, 'S', 5, 21, '1', '2018-03-21 22:53:29', '2018-03-22 00:23:25', '1'),
(78, 78, 150, 0, 150, '2018-03-21 10:00:00', NULL, 'S', 5, 21, '1', '2018-03-22 05:23:46', '2018-03-22 21:00:52', '1'),
(79, 79, 150, 0, 150, '2018-03-22 10:00:00', NULL, 'S', 5, 25, '1', '2018-03-22 20:53:40', '2018-03-23 06:12:34', '1'),
(80, 80, 150, 0, 150, '2018-03-29 10:00:00', NULL, 'S', 5, 21, '1', '2018-03-29 21:45:29', '2018-03-30 03:03:06', '1'),
(81, 81, 120, 0, 120, '2018-04-02 10:00:00', NULL, 'S', 5, 24, '1', '2018-04-02 18:44:01', '2018-04-09 23:25:16', '1'),
(82, 82, 120, 0, 120, '2018-04-02 10:00:00', NULL, 'S', 5, 21, '1', '2018-04-02 18:44:44', '2018-04-03 20:01:29', '1'),
(83, 83, 90, 0, 90, '2018-04-03 10:00:00', NULL, 'S', 5, 21, '1', '2018-04-04 01:53:47', '2018-04-07 00:32:01', '1'),
(84, 84, 120, 0, 120, '2018-04-03 10:00:00', NULL, 'S', 5, 21, '1', '2018-04-04 03:27:16', '2018-04-10 04:10:29', '1'),
(85, 85, 150, 0, 150, '2018-04-04 10:00:00', NULL, 'S', 5, 21, '1', '2018-04-04 21:20:31', '2018-04-14 01:45:47', '1'),
(86, 86, 120, 0, 120, '2018-04-04 10:00:00', NULL, 'S', 5, 21, '1', '2018-04-04 21:21:17', '2018-04-14 20:13:43', '1'),
(87, 87, 150, 0, 150, '2018-04-05 10:00:00', NULL, 'S', 5, 21, '1', '2018-04-06 00:30:59', '2018-04-11 02:40:58', '1'),
(88, 88, 150, 0, 150, '2018-04-05 10:00:00', NULL, 'S', 5, 21, '1', '2018-04-06 00:31:17', '2018-04-11 02:45:56', '1'),
(89, 89, 120, 0, 120, '2018-04-06 10:00:00', NULL, 'S', 5, 21, '1', '2018-04-06 19:11:14', '2018-04-09 22:34:09', '1'),
(90, 90, 120, 0, 120, '2018-04-06 10:00:00', NULL, 'S', 5, 21, '1', '2018-04-06 19:13:49', '2018-04-18 21:45:52', '1'),
(91, 91, 150, 0, 150, '2018-04-06 10:00:00', NULL, 'S', 5, 24, '1', '2018-04-06 22:19:52', '2018-07-21 02:09:48', '1'),
(92, 92, 150, 0, 150, '2018-04-10 10:00:00', NULL, 'S', 27, 21, '1', '2018-04-11 00:43:19', '2018-04-11 02:16:19', '1'),
(93, 93, 150, 0, 150, '2018-04-10 10:00:00', NULL, 'S', 27, 21, '1', '2018-04-11 00:50:31', '2018-04-11 02:23:59', '1'),
(94, 94, 150, 0, 150, '2018-04-10 10:00:00', NULL, 'S', 27, 21, '1', '2018-04-11 00:57:32', '2018-04-13 04:03:22', '1'),
(95, 95, 150, 0, 150, '2018-04-10 10:00:00', NULL, 'S', 27, 21, '1', '2018-04-11 01:01:44', '2018-04-11 02:35:34', '1'),
(96, 96, 120, 0, 120, '2018-04-10 10:00:00', NULL, 'S', 27, 21, '1', '2018-04-11 01:52:00', '2018-04-14 20:13:20', '1'),
(97, 97, 120, 0, 120, '2018-04-11 10:00:00', NULL, 'S', 27, 21, '1', '2018-04-11 19:26:59', '2018-04-12 03:06:18', '1'),
(98, 98, 120, 0, 120, '2018-04-11 10:00:00', NULL, 'S', 27, 21, '1', '2018-04-11 23:32:29', '2018-04-12 03:05:18', '1'),
(99, 99, 120, 0, 120, '2018-04-11 10:00:00', NULL, 'S', 27, 21, '1', '2018-04-11 23:34:43', '2018-04-13 19:12:07', '1'),
(100, 100, 120, 0, 120, '2018-04-12 10:00:00', NULL, 'S', 27, 21, '1', '2018-04-12 21:33:04', '2018-04-13 01:45:01', '1'),
(101, 101, 120, 0, 120, '2018-04-12 10:00:00', NULL, 'S', 27, 21, '1', '2018-04-12 21:37:12', '2018-04-12 22:09:03', '1'),
(102, 102, 120, 0, 120, '2018-04-13 10:00:00', NULL, 'S', 27, 21, '1', '2018-04-14 01:31:38', '2018-04-14 20:12:48', '1'),
(103, 103, 120, 0, 120, '2018-04-13 10:00:00', NULL, 'S', 27, 21, '1', '2018-04-14 03:37:16', '2018-04-14 23:49:55', '1'),
(104, 104, 120, 0, 120, '2018-04-13 10:00:00', NULL, 'S', 27, 21, '1', '2018-04-14 03:41:00', '2018-04-18 01:56:12', '1'),
(105, 105, 120, 0, 120, '2018-04-13 10:00:00', NULL, 'S', 27, 21, '1', '2018-04-14 03:44:04', '2018-04-16 22:37:36', '1'),
(106, 106, 120, 0, 120, '2018-04-13 10:00:00', NULL, 'S', 5, 21, '1', '2018-04-14 04:11:33', '2018-04-14 20:15:28', '1'),
(107, 107, 120, 0, 120, '2018-04-13 10:00:00', NULL, 'S', 5, 21, '1', '2018-04-14 04:13:28', '2018-04-16 22:35:57', '1'),
(108, 108, 90, 0, 90, '2018-04-13 10:00:00', NULL, 'S', 27, 21, '1', '2018-04-14 04:51:26', '2018-04-14 04:59:20', '1'),
(109, 109, 120, 0, 120, '2018-04-16 10:00:00', NULL, 'S', 5, 21, '1', '2018-04-16 18:51:18', '2018-04-17 03:56:57', '1'),
(110, 110, 120, 0, 120, '2018-04-16 10:00:00', NULL, 'S', 5, 21, '1', '2018-04-16 18:57:06', '2018-04-18 02:13:30', '1'),
(111, 111, 120, 0, 120, '2018-04-17 10:00:00', NULL, 'S', 27, 21, '1', '2018-04-18 00:26:57', '2018-04-18 01:57:50', '1'),
(112, 112, 120, 0, 120, '2018-04-17 10:00:00', NULL, 'S', 27, 21, '1', '2018-04-18 00:58:58', '2018-04-18 01:59:36', '1'),
(113, 113, 120, 0, 120, '2018-04-17 10:00:00', NULL, 'S', 5, 21, '1', '2018-04-18 03:20:31', '2018-04-18 20:41:27', '1'),
(114, 114, 120, 0, 120, '2018-04-17 10:00:00', NULL, 'S', 5, 24, '1', '2018-04-18 05:16:05', '2018-04-18 05:48:49', '1'),
(115, 115, 120, 0, 120, '2018-04-18 10:00:00', NULL, 'S', 27, 24, '1', '2018-04-18 21:11:46', '2018-04-19 06:41:02', '1'),
(116, 116, 60, 0, 60, '2018-04-18 10:00:00', NULL, 'S', 27, 21, '1', '2018-04-19 03:37:41', '2018-04-27 21:06:18', '1'),
(117, 117, 120, 0, 120, '2018-04-18 10:00:00', NULL, 'S', 22, 24, '1', '2018-04-19 05:44:37', '2018-04-19 06:39:08', '1'),
(118, 118, 150, 0, 150, '2018-04-24 10:00:00', NULL, 'S', 27, 24, '1', '2018-04-24 19:43:35', '2018-05-11 04:33:21', '1'),
(119, 119, 150, 0, 150, '2018-04-24 10:00:00', NULL, 'S', 27, 21, '1', '2018-04-24 19:44:44', '2018-04-25 22:22:02', '1'),
(120, 120, 150, 0, 150, '2018-04-28 10:00:00', NULL, 'S', 22, 21, '1', '2018-04-29 02:20:51', '2018-05-02 20:30:21', '1'),
(121, 121, 150, 0, 150, '2018-05-02 10:00:00', NULL, 'S', 27, 24, '1', '2018-05-02 20:07:40', '2018-05-05 03:25:59', '1'),
(122, 122, 150, 0, 150, '2018-05-03 10:00:00', NULL, 'S', 22, 21, '1', '2018-05-04 01:16:38', '2018-05-12 03:30:11', '1'),
(123, 123, 150, 0, 150, '2018-05-04 10:00:00', NULL, 'S', 27, 21, '1', '2018-05-04 21:50:52', '2018-05-09 04:03:28', '1'),
(124, 124, 150, 0, 150, '2018-05-04 10:00:00', NULL, 'S', 27, 21, '1', '2018-05-04 21:59:41', '2018-05-11 03:08:17', '1'),
(125, 125, 150, 0, 150, '2018-05-08 10:00:00', NULL, 'S', 27, 21, '1', '2018-05-08 21:07:58', '2018-05-14 20:28:17', '1'),
(126, 126, 150, 0, 150, '2018-05-09 10:00:00', NULL, 'S', 22, 21, '1', '2018-05-10 00:27:46', '2018-05-28 20:22:28', '1'),
(127, 127, 150, 0, 150, '2018-05-10 10:00:00', NULL, 'S', 27, 21, '1', '2018-05-11 04:10:03', '2018-05-12 03:29:23', '1'),
(128, 128, 150, 0, 150, '2018-05-15 10:00:00', NULL, 'S', 27, 21, '1', '2018-05-15 20:46:03', '2018-05-15 22:38:53', '1'),
(129, 129, 150, 0, 150, '2018-05-15 10:00:00', NULL, 'S', 27, 21, '1', '2018-05-15 20:48:04', '2018-05-17 04:09:37', '1'),
(130, 130, 150, 0, 150, '2018-05-16 10:00:00', NULL, 'S', 27, 21, '1', '2018-05-16 23:45:32', '2018-05-17 00:37:18', '1'),
(131, 131, 150, 0, 150, '2018-05-17 10:00:00', NULL, 'S', 27, 21, '1', '2018-05-17 21:37:55', '2018-05-18 20:45:41', '1'),
(132, 132, 150, 0, 150, '2018-05-24 10:00:00', NULL, 'S', 27, 21, '1', '2018-05-25 01:33:38', '2018-06-01 20:37:56', '1'),
(133, 133, 150, 0, 150, '2018-05-30 10:00:00', NULL, 'S', 27, 21, '1', '2018-05-30 19:29:09', '2018-06-07 22:37:03', '1'),
(134, 134, 150, 0, 150, '2018-05-30 10:00:00', NULL, 'S', 27, 21, '1', '2018-05-30 21:14:21', '2018-05-31 01:05:19', '1'),
(135, 135, 120, 0, 120, '2018-05-31 10:00:00', NULL, 'S', 27, 24, '1', '2018-05-31 20:17:40', '2018-06-01 03:36:10', '1'),
(136, 136, 150, 0, 150, '2018-05-31 10:00:00', NULL, 'S', 27, 21, '1', '2018-06-01 00:39:12', '2018-06-08 02:22:22', '1'),
(137, 137, 150, 0, 150, '2018-05-31 10:00:00', NULL, 'S', 27, 21, '1', '2018-06-01 01:02:18', '2018-06-01 01:56:46', '1'),
(138, 138, 150, 0, 150, '2018-05-31 10:00:00', NULL, 'S', 27, 21, '1', '2018-06-01 01:32:41', '2018-06-05 20:00:28', '1'),
(139, 139, 150, 0, 150, '2018-06-01 10:00:00', NULL, 'S', 22, 21, '1', '2018-06-01 23:21:39', '2018-06-07 22:53:57', '1'),
(140, 140, 150, 0, 150, '2018-06-02 10:00:00', NULL, 'S', 22, 21, '1', '2018-06-02 19:28:32', '2018-06-05 19:59:14', '1'),
(141, 141, 150, 0, 150, '2018-06-02 10:00:00', NULL, 'S', 22, 21, '1', '2018-06-02 21:29:33', '2018-06-04 22:50:39', '1'),
(142, 142, 150, 0, 150, '2018-06-04 10:00:00', NULL, 'S', 22, 21, '1', '2018-06-04 21:26:30', '2018-06-04 22:51:48', '1'),
(143, 143, 150, 0, 150, '2018-06-04 10:00:00', NULL, 'S', 22, 24, '1', '2018-06-05 04:19:16', '2018-06-06 01:26:46', '1'),
(144, 144, 150, 0, 150, '2018-06-06 10:00:00', NULL, 'S', 27, 21, '1', '2018-06-07 01:42:01', '2018-06-08 20:20:01', '1'),
(145, 145, 150, 0, 150, '2018-06-08 10:00:00', NULL, 'S', 27, 21, '1', '2018-06-08 19:41:59', '2018-06-09 19:32:25', '1'),
(146, 146, 150, 0, 150, '2018-06-08 10:00:00', NULL, 'S', 27, 21, '1', '2018-06-08 22:18:36', '2018-06-08 23:32:40', '1'),
(147, 147, 150, 0, 150, '2018-06-09 10:00:00', NULL, 'S', 22, 24, '1', '2018-06-09 21:17:11', '2018-06-09 23:43:35', '1'),
(148, 148, 150, 0, 150, '2018-06-09 10:00:00', NULL, 'S', 22, 21, '1', '2018-06-09 21:18:59', '2018-06-16 22:33:24', '1'),
(149, 149, 150, 0, 150, '2018-06-11 10:00:00', NULL, 'S', 22, 21, '1', '2018-06-11 23:57:15', '2018-06-12 03:22:07', '1'),
(150, 150, 150, 0, 150, '2018-06-12 10:00:00', NULL, 'S', 27, 21, '1', '2018-06-12 19:26:44', '2018-06-13 01:08:50', '1'),
(151, 151, 150, 0, 150, '2018-06-12 10:00:00', NULL, 'S', 27, 24, '1', '2018-06-13 00:06:34', '2018-06-13 02:50:48', '1'),
(152, 152, 150, 0, 150, '2018-06-20 10:00:00', NULL, 'S', 22, 21, '1', '2018-06-21 02:23:32', '2018-06-22 00:24:24', '1'),
(153, 153, 150, 0, 150, '2018-06-21 10:00:00', NULL, 'S', 22, 24, '1', '2018-06-21 23:46:04', '2018-06-27 05:32:27', '1'),
(154, 154, 150, 0, 150, '2018-06-27 10:00:00', NULL, 'S', 27, 24, '1', '2018-06-27 23:47:57', '2018-06-28 00:39:13', '1'),
(155, 155, 150, 0, 150, '2018-06-28 10:00:00', NULL, 'S', 27, 21, '1', '2018-06-28 21:49:17', '2018-07-03 23:53:57', '1'),
(156, 156, 150, 0, 150, '2018-06-28 10:00:00', NULL, 'S', 27, 24, '1', '2018-06-28 22:47:20', '2018-06-28 23:32:12', '1'),
(157, 157, 150, 0, 150, '2018-06-29 10:00:00', NULL, 'S', 27, 21, '1', '2018-06-30 00:42:57', '2018-07-16 18:51:00', '1'),
(158, 158, 150, 0, 150, '2018-07-02 10:00:00', NULL, 'S', 22, 21, '1', '2018-07-02 19:03:00', '2018-07-04 21:04:02', '1'),
(159, 159, 90, 0, 90, '2018-07-03 10:00:00', NULL, 'S', 22, 21, '1', '2018-07-03 23:05:15', '2018-08-07 02:43:57', '1'),
(160, 160, 150, 0, 150, '2018-07-10 10:00:00', NULL, 'S', 27, 21, '1', '2018-07-10 20:40:00', '2018-07-13 20:07:09', '1'),
(161, 161, 150, 0, 150, '2018-07-10 10:00:00', NULL, 'S', 22, 24, '1', '2018-07-11 00:15:06', '2018-07-11 18:26:09', '1'),
(162, 162, 150, 0, 150, '2018-07-14 10:00:00', NULL, 'S', 22, 21, '1', '2018-07-14 22:39:57', '2018-07-16 18:52:02', '1'),
(163, 163, 150, 0, 150, '2018-07-14 10:00:00', NULL, 'S', 22, 21, '1', '2018-07-15 00:24:20', '2018-07-16 18:53:58', '1'),
(164, 164, 150, 0, 150, '2018-07-15 10:00:00', NULL, 'S', 22, 21, '1', '2018-07-16 06:49:19', '2018-07-17 20:37:17', '1'),
(165, 165, 150, 0, 150, '2018-07-15 10:00:00', NULL, 'S', 22, 24, '1', '2018-07-16 06:49:57', '2018-07-18 01:56:20', '1'),
(166, 166, 90, 0, 90, '2018-07-16 10:00:00', NULL, 'S', 22, 24, '1', '2018-07-16 22:09:16', '2018-07-31 00:03:37', '1'),
(167, 167, 0, 0, 0, '2018-07-16 10:00:00', NULL, 'S', 22, NULL, '1', '2018-07-16 22:30:08', NULL, '1'),
(168, 168, 150, 0, 150, '2018-07-17 10:00:00', NULL, 'S', 27, 24, '1', '2018-07-17 23:44:39', '2018-07-18 01:54:49', '1'),
(169, 169, 150, 0, 150, '2018-07-17 10:00:00', NULL, 'S', 27, 24, '1', '2018-07-18 01:45:22', '2018-07-18 01:53:48', '1'),
(170, 170, 0, 0, 0, '2018-07-17 10:00:00', NULL, 'S', 22, NULL, '1', '2018-07-18 02:23:50', NULL, '1'),
(171, 171, 0, 0, 0, '2018-07-18 10:00:00', NULL, 'S', 22, NULL, '1', '2018-07-18 20:25:42', NULL, '1'),
(172, 172, 0, 0, 0, '2018-07-18 10:00:00', NULL, 'S', 22, NULL, '1', '2018-07-18 20:26:29', NULL, '1'),
(173, 173, 0, 0, 0, '2018-07-18 10:00:00', NULL, 'S', 22, NULL, '1', '2018-07-18 20:27:05', NULL, '1'),
(174, 174, 0, 0, 0, '2018-07-18 10:00:00', NULL, 'S', 22, NULL, '1', '2018-07-18 20:27:52', NULL, '1'),
(175, 175, 0, 0, 0, '2018-07-18 10:00:00', NULL, 'S', 22, NULL, '1', '2018-07-19 01:29:18', NULL, '1'),
(176, 176, 0, 0, 0, '2018-07-19 10:00:00', NULL, 'S', 27, NULL, '1', '2018-07-19 20:22:35', NULL, '1'),
(177, 177, 150, 0, 150, '2018-07-19 10:00:00', NULL, 'S', 22, 24, '1', '2018-07-20 03:16:06', '2018-07-20 03:35:44', '1'),
(178, 178, 0, 0, 0, '2018-07-20 10:00:00', NULL, 'S', 22, NULL, '1', '2018-07-20 20:34:22', NULL, '1'),
(179, 179, 0, 0, 0, '2018-07-20 10:00:00', NULL, 'S', 22, NULL, '1', '2018-07-20 20:34:37', NULL, '1'),
(180, 180, 0, 0, 0, '2018-07-20 10:00:00', NULL, 'S', 22, NULL, '1', '2018-07-21 01:28:43', NULL, '1'),
(181, 181, 150, 0, 150, '2018-07-22 10:00:00', NULL, 'S', 22, 21, '1', '2018-07-22 19:47:39', '2018-07-23 20:52:27', '1'),
(182, 182, 0, 0, 0, '2018-07-23 10:00:00', NULL, 'S', 22, NULL, '1', '2018-07-23 19:20:45', NULL, '1'),
(183, 183, 0, 0, 0, '2018-07-24 10:00:00', NULL, 'S', 22, NULL, '1', '2018-07-24 22:05:51', NULL, '1'),
(184, 184, 0, 0, 0, '2018-07-24 10:00:00', NULL, 'S', 22, NULL, '1', '2018-07-24 22:07:03', NULL, '1'),
(185, 185, 0, 0, 0, '2018-07-24 10:00:00', NULL, 'S', 22, NULL, '1', '2018-07-24 22:07:38', NULL, '1'),
(186, 186, 0, 0, 0, '2018-07-24 10:00:00', NULL, 'S', 22, NULL, '1', '2018-07-24 22:33:38', NULL, '1'),
(187, 187, 150, 0, 150, '2018-07-24 10:00:00', NULL, 'S', 22, 21, '1', '2018-07-25 05:30:02', '2018-07-30 20:02:07', '1'),
(188, 188, 0, 0, 0, '2018-07-26 10:00:00', NULL, 'S', 27, NULL, '1', '2018-07-26 21:46:28', NULL, '1'),
(189, 189, 0, 0, 0, '2018-07-26 10:00:00', NULL, 'S', 27, NULL, '1', '2018-07-26 21:47:51', NULL, '1'),
(190, 190, 0, 0, 0, '2018-07-26 10:00:00', NULL, 'S', 22, NULL, '1', '2018-07-26 23:50:30', NULL, '1'),
(191, 191, 0, 0, 0, '2018-07-26 10:00:00', NULL, 'S', 22, NULL, '1', '2018-07-27 02:29:19', NULL, '1'),
(192, 192, 0, 0, 0, '2018-07-28 10:00:00', NULL, 'S', 22, NULL, '1', '2018-07-29 00:14:59', NULL, '1'),
(193, 193, 0, 0, 0, '2018-07-28 10:00:00', NULL, 'S', 22, NULL, '1', '2018-07-29 00:15:27', NULL, '1'),
(194, 194, 0, 0, 0, '2018-07-28 10:00:00', NULL, 'S', 22, NULL, '1', '2018-07-29 00:15:59', NULL, '1'),
(195, 195, 0, 0, 0, '2018-07-30 10:00:00', NULL, 'S', 22, NULL, '1', '2018-07-30 22:22:35', NULL, '1'),
(196, 196, 0, 0, 0, '2018-07-30 10:00:00', NULL, 'S', 27, NULL, '1', '2018-07-31 00:46:45', NULL, '1'),
(197, 197, 0, 0, 0, '2018-07-30 10:00:00', NULL, 'S', 27, NULL, '1', '2018-07-31 00:48:29', NULL, '1'),
(198, 198, 0, 0, 0, '2018-07-30 10:00:00', NULL, 'S', 27, NULL, '1', '2018-07-31 00:48:53', NULL, '1'),
(199, 199, 0, 0, 0, '2018-07-30 10:00:00', NULL, 'S', 27, NULL, '1', '2018-07-31 00:49:14', NULL, '1'),
(200, 200, 0, 0, 0, '2018-07-30 10:00:00', NULL, 'S', 27, NULL, '1', '2018-07-31 00:49:34', NULL, '1'),
(201, 201, 0, 0, 0, '2018-07-30 10:00:00', NULL, 'S', 27, NULL, '1', '2018-07-31 00:50:51', NULL, '1'),
(202, 202, 0, 0, 0, '2018-07-30 10:00:00', NULL, 'S', 27, NULL, '1', '2018-07-31 00:51:46', NULL, '1'),
(203, 203, 0, 0, 0, '2018-07-30 10:00:00', NULL, 'S', 27, NULL, '1', '2018-07-31 00:52:25', NULL, '1'),
(204, 204, 0, 0, 0, '2018-07-30 10:00:00', NULL, 'S', 27, NULL, '1', '2018-07-31 00:52:50', NULL, '1'),
(205, 205, 0, 0, 0, '2018-07-31 10:00:00', NULL, 'S', 22, NULL, '1', '2018-07-31 22:02:18', NULL, '1'),
(206, 206, 0, 0, 0, '2018-07-31 10:00:00', NULL, 'S', 22, NULL, '1', '2018-07-31 22:03:00', NULL, '1'),
(207, 207, 0, 0, 0, '2018-07-31 10:00:00', NULL, 'S', 22, NULL, '1', '2018-07-31 22:03:45', NULL, '1'),
(208, 208, 0, 0, 0, '2018-07-31 10:00:00', NULL, 'S', 22, NULL, '1', '2018-07-31 22:05:40', NULL, '1'),
(209, 209, 0, 0, 0, '2018-07-31 10:00:00', NULL, 'S', 22, NULL, '1', '2018-07-31 22:06:22', NULL, '1'),
(210, 210, 0, 0, 0, '2018-07-31 10:00:00', NULL, 'S', 22, NULL, '1', '2018-07-31 22:06:49', NULL, '1'),
(211, 211, 150, 0, 150, '2018-08-01 10:00:00', NULL, 'S', 22, 24, '1', '2018-08-02 07:59:09', '2018-08-14 00:18:32', '1'),
(212, 212, 150, 0, 150, '2018-08-06 10:00:00', NULL, 'S', 22, 21, '1', '2018-08-07 02:56:25', '2018-08-07 03:33:00', '1'),
(213, 213, 150, 0, 150, '2018-08-11 10:00:00', NULL, 'S', 22, 24, '1', '2018-08-11 21:45:06', '2018-08-11 23:45:09', '1'),
(214, 214, 150, 0, 150, '2018-08-10 05:00:00', NULL, 'S', 22, 24, '1', '2018-08-10 15:07:24', '2018-08-15 15:20:14', '1'),
(215, 215, 150, 0, 150, '2018-08-16 05:00:00', NULL, 'S', 22, 21, '1', '2018-08-16 19:12:22', '2018-08-16 19:41:08', '1');
--
-- Volcado de datos para la tabla `registro_pago`
--
INSERT INTO `registro_pago` (`rpag_id`, `dpag_id`, `fpag_id`, `rpag_valor`, `rpag_fecha_pago`, `rpag_imagen`, `rpag_observacion`, `rpag_revisado`, `rpag_resultado`, `rpag_num_transaccion`, `rpag_fecha_transaccion`, `rpag_usuario_transaccion`, `rpag_codigo_autorizacion`, `rpag_estado`, `rpag_fecha_creacion`, `rpag_fecha_modificacion`, `rpag_estado_logico`) VALUES
(1, 1, 4, 150, '2017-10-05 15:00:00', 'pago_1001-2017-10-06 19:17:26.pdf', NULL, 'RE', 'AP', '1612507768', '2017-10-05 15:00:00', 24, NULL, '1', '2017-10-11 06:22:45', NULL, '1'),
(2, 2, 2, 150, '2017-10-11 15:00:00', NULL, NULL, 'RE', 'AP', '139491', '2017-10-11 15:00:00', 24, NULL, '1', '2017-10-12 06:22:27', NULL, '1'),
(3, 3, 2, 150, '2017-10-14 15:00:00', NULL, NULL, 'RE', 'AP', '139655', '2017-10-14 15:00:00', 24, NULL, '1', '2017-10-15 02:15:17', NULL, '1'),
(4, 4, 5, 150, '2017-10-16 15:00:00', 'pago_1004-2017-10-16 16:53:55.pdf', NULL, 'RE', 'AP', '13753', '2017-10-16 15:00:00', 24, NULL, '1', '2017-10-17 08:03:17', NULL, '1'),
(5, 5, 4, 150, '2017-10-17 15:00:00', 'pago_1006-2017-10-17 12:37:25.pdf', NULL, 'RE', 'AP', '1', '2017-10-17 15:00:00', 24, NULL, '1', '2017-10-18 06:53:23', NULL, '1'),
(6, 6, 5, 150, '2017-10-16 10:00:00', 'pago_1005-2017-10-18 15:10:42.pdf', NULL, 'RE', 'AP', '14454140', '2017-10-16 10:00:00', 24, NULL, '1', '2017-10-19 01:16:40', NULL, '1'),
(7, 7, 5, 150, '2017-10-31 10:00:00', 'pago_1007-2017-10-31 13:50:47.jpg', NULL, 'RE', 'AP', '5386624', '2017-10-31 10:00:00', 1, NULL, '1', '2017-11-01 00:52:50', NULL, '1'),
(8, 8, 5, 150, '2017-10-22 10:00:00', 'pago_1008-2017-11-11 11:10:42.pdf', NULL, 'RE', 'AP', '14258', '2017-10-22 10:00:00', 24, NULL, '1', '2017-11-13 20:37:15', NULL, '1'),
(9, 9, 5, 150, '2017-11-13 10:00:00', 'pago_1009-2017-11-13 14:42:35.pdf', NULL, 'RE', 'AP', '13966213', '2017-11-13 10:00:00', 24, NULL, '1', '2017-11-14 02:09:18', NULL, '1'),
(10, 10, 4, 150, '2017-11-19 10:00:00', 'pago_1016-2017-11-19 12:08:38.pdf', NULL, 'RE', 'AP', '30490129', '2017-11-19 10:00:00', 24, NULL, '1', '2017-11-20 19:15:51', NULL, '1'),
(11, 11, 5, 150, '2017-11-13 10:00:00', 'pago_1011-2017-11-13 16:26:13.pdf', NULL, 'RE', 'AP', '14072252', '2017-11-13 10:00:00', 24, NULL, '1', '2017-11-22 22:52:58', NULL, '1'),
(12, 12, 1, 150, '2017-11-20 10:00:00', NULL, NULL, 'RE', 'AP', '141107', '2017-11-20 10:00:00', 24, NULL, '1', '2017-11-29 02:49:32', NULL, '1'),
(13, 13, 4, 150, '2017-11-10 10:00:00', 'pago_1012-2017-11-28 15:05:48.jpg', NULL, 'RE', 'AP', '31705250', '2017-11-10 10:00:00', 24, NULL, '1', '2017-11-29 02:52:05', NULL, '1'),
(14, 14, 4, 150, '2017-11-20 10:00:00', 'pago_1018-2017-11-28 19:23:47.pdf', NULL, 'RE', 'AP', '16275642', '2017-11-20 10:00:00', 24, NULL, '1', '2017-11-29 19:36:25', NULL, '1'),
(15, 15, 2, 150, '2017-11-07 10:00:00', NULL, NULL, 'RE', 'AP', '140419', '2017-11-07 10:00:00', 24, NULL, '1', '2017-11-29 20:10:45', NULL, '1'),
(16, 27, 5, 150, '2018-01-09 02:38:18', 'pago_1031-2018-01-08 07:35:47.jpg', NULL, 'RE', 'AP', '7654775', '2018-01-18 10:00:00', 24, NULL, '1', '2018-01-09 02:38:18', NULL, '1'),
(17, 28, 5, 150, '2018-01-09 21:14:55', 'pago_1029-2018-01-9 11:04:21.pdf', NULL, 'RE', 'AP', '2.02e30', '2018-01-09 10:00:00', 24, NULL, '1', '2018-01-09 21:14:55', NULL, '1'),
(18, 26, 5, 150, '2018-01-10 22:59:15', 'pago_1026-2018-01-09 15:56:17.jpg', NULL, 'RE', 'AP', '7084615', '2017-12-29 10:00:00', 24, NULL, '1', '2018-01-10 22:59:15', NULL, '1'),
(19, 29, 4, 150, '2018-01-13 01:02:01', 'pago_1033-2018-01-12 10:26:25.pdf', NULL, 'RE', 'AP', '0', '2018-01-11 10:00:00', 24, NULL, '1', '2018-01-13 01:02:01', NULL, '1'),
(20, 30, 5, 150, '2018-01-13 19:02:10', 'pago_1032-2018-01-12 17:55:50.pdf', NULL, 'RE', 'AP', '6854327', '2018-01-12 10:00:00', 24, NULL, '1', '2018-01-13 19:02:10', NULL, '1'),
(21, 33, 4, 150, '2018-01-19 19:02:30', 'pago_1037-2018-01-18 19:15:30.jpg', NULL, 'RE', 'AP', '271586282', '2018-01-18 10:00:00', 24, NULL, '1', '2018-01-19 19:02:30', NULL, '1'),
(22, 31, 5, 150, '2018-01-20 03:53:50', 'pago_1035-2018-01-19 15:41:38.jpg', NULL, 'RE', 'AP', '70291', '2018-01-19 10:00:00', 24, NULL, '1', '2018-01-20 03:53:50', NULL, '1'),
(23, 34, 4, 150, '2018-01-23 03:15:16', 'pago_1010-2018-01-22 17:12:46.png', NULL, 'RE', 'AP', '16344714', '2018-01-22 10:00:00', 24, NULL, '1', '2018-01-23 03:15:16', NULL, '1'),
(24, 36, 5, 150, '2018-01-31 00:16:01', 'pago_1038-2018-01-28 19:23:20.jpg', NULL, 'RE', 'AP', '6139460', '2018-01-28 10:00:00', 21, NULL, '1', '2018-01-31 00:16:01', NULL, '1'),
(25, 35, 5, 150, '2018-02-02 03:13:32', 'pago_1039-2018-02-01 17:08:15.jpg', NULL, 'RE', 'AP', '6483137', '2018-02-25 10:00:00', 21, NULL, '1', '2018-02-02 03:13:32', NULL, '1'),
(26, 38, 4, 150, '2018-02-05 22:14:02', 'pago_1040-2018-02-02 12:58:25.pdf', NULL, 'RE', 'AP', '13682829', '2018-02-01 10:00:00', 21, NULL, '1', '2018-02-05 22:14:02', NULL, '1'),
(27, 40, 5, 150, '2018-02-16 03:46:11', 'pago_1044-2018-02-15 17:28:10.jpg', NULL, 'RE', 'AP', '7547276', '2018-02-15 10:00:00', 25, NULL, '1', '2018-02-16 03:46:11', NULL, '1'),
(28, 42, 1, 150, '2018-02-17 02:37:14', NULL, NULL, 'RE', 'AP', '57134', '2018-02-16 10:00:00', 24, NULL, '1', '2018-02-17 02:37:14', NULL, '1'),
(29, 43, 4, 150, '2018-02-19 21:40:50', 'pago_1048-2018-02-19 10:29:47.jpg', NULL, 'RE', 'AP', '9503689', '2018-02-16 10:00:00', 24, NULL, '1', '2018-02-19 21:40:50', NULL, '1'),
(30, 39, 5, 150, '2018-02-19 21:48:18', 'pago_1041-2018-02-18 11:02:11.pdf', NULL, 'RE', 'AP', '9662', '2018-02-17 10:00:00', 24, NULL, '1', '2018-02-19 21:48:18', NULL, '1'),
(31, 37, 4, 120, '2018-02-20 02:06:39', 'pago_1042-2018-02-19 10:54:46.jpg', NULL, 'RE', 'AP', '7835492', '2018-02-16 10:00:00', 24, NULL, '1', '2018-02-20 02:06:39', NULL, '1'),
(32, 44, 5, 150, '2018-02-20 02:25:24', 'pago_1036-2018-02-19 16:16:15.jpg', NULL, 'RE', 'AP', '15013202', '2018-02-19 10:00:00', 21, NULL, '1', '2018-02-20 02:25:24', NULL, '1'),
(33, 46, 5, 150, '2018-02-20 20:28:10', 'pago_1049-2018-02-20 14:16:24.jpeg', NULL, 'RE', 'AP', '1830841', '2018-02-20 10:00:00', 21, NULL, '1', '2018-02-20 20:28:10', NULL, '1'),
(34, 47, 5, 150, '2018-02-20 20:59:56', 'pago_1046-2018-02-20 10:43:24.jpg', NULL, 'RE', 'AP', '18313486', '2018-02-14 10:00:00', 21, NULL, '1', '2018-02-20 20:59:56', NULL, '1'),
(35, 45, 5, 150, '2018-02-21 00:15:14', 'pago_1051-2018-02-20 13:18:28.jpg', NULL, 'RE', 'AP', '32559', '2018-02-20 10:00:00', 21, NULL, '1', '2018-02-21 00:15:14', NULL, '1'),
(36, 41, 5, 150, '2018-02-21 00:39:15', 'pago_1043-2018-02-20 12:25:17.jpg', NULL, 'RE', 'AP', '6854720', '2018-02-18 10:00:00', 24, NULL, '1', '2018-02-21 00:39:15', NULL, '1'),
(37, 11, 1, 90, '2018-02-24 03:06:24', NULL, NULL, 'RE', 'AP', '2843', '2018-01-11 10:00:00', 24, NULL, '1', '2018-02-24 03:06:24', NULL, '1'),
(38, 48, 4, 150, '2018-02-25 21:25:46', 'pago_1052-2018-02-24 9:22:37.pdf', NULL, 'RE', 'AP', '90', '2018-02-23 10:00:00', 24, NULL, '1', '2018-02-25 21:25:46', NULL, '1'),
(39, 51, 1, 150, '2018-03-02 19:41:19', NULL, NULL, 'RE', 'AP', '749908', '2018-02-05 10:00:00', 21, NULL, '1', '2018-03-02 19:41:19', NULL, '1'),
(40, 49, 5, 150, '2018-03-03 00:40:23', 'pago_1053-2018-03-02 12:51:06.pdf', NULL, 'RE', 'AP', '28538562', '2018-03-01 10:00:00', 21, NULL, '1', '2018-03-03 00:40:23', NULL, '1'),
(41, 50, 4, 150, '2018-03-06 00:15:46', 'pago_1050-2018-03-05 10:35:00.pdf', NULL, 'RE', 'AP', '10594529', '2018-03-05 10:00:00', 25, NULL, '1', '2018-03-06 00:15:46', NULL, '1'),
(42, 52, 4, 150, '2018-03-06 18:35:02', 'pago_1055-2018-03-05 18:02:9.pdf', NULL, 'RE', 'AP', '65419763', '2018-03-05 10:00:00', 21, NULL, '1', '2018-03-06 18:35:02', NULL, '1'),
(43, 53, 4, 150, '2018-03-09 19:23:10', 'pago_1058-2018-03-08 22:17:53.pdf', NULL, 'RE', 'AP', '12157', '2018-03-08 10:00:00', 21, NULL, '1', '2018-03-09 19:23:10', NULL, '1'),
(44, 59, 5, 150, '2018-03-11 00:34:41', 'pago_1062-2018-03-10 13:29:54.pdf', NULL, 'RE', 'AP', '6809848', '2018-03-09 10:00:00', 25, NULL, '1', '2018-03-11 00:34:41', NULL, '1'),
(45, 58, 5, 150, '2018-03-11 20:32:56', 'pago_1057-2018-03-10 16:34:58.pdf', NULL, 'RE', 'AP', '28499447', '2018-03-09 10:00:00', 25, NULL, '1', '2018-03-11 20:32:56', NULL, '1'),
(46, 56, 4, 150, '2018-03-12 19:34:33', 'pago_1061-2018-03-9 15:15:10.png', NULL, 'RE', 'AP', '10278305', '2018-03-08 10:00:00', 21, NULL, '1', '2018-03-12 19:34:33', NULL, '1'),
(47, 57, 5, 150, '2018-03-13 19:05:38', 'pago_1060-2018-03-12 12:01:39.pdf', NULL, 'RE', 'AP', '7645890', '2018-03-12 10:00:00', 21, NULL, '1', '2018-03-13 19:05:38', NULL, '1'),
(48, 55, 5, 150, '2018-03-13 19:07:15', 'pago_1056-2018-03-12 14:08:07.pdf', NULL, 'RE', 'AP', '2006131650', '2018-03-06 10:00:00', 21, NULL, '1', '2018-03-13 19:07:15', NULL, '1'),
(49, 54, 2, 120, '2018-03-13 22:15:22', NULL, NULL, 'RE', 'AP', '145993', '2018-03-06 10:00:00', 21, NULL, '1', '2018-03-13 22:15:22', NULL, '1'),
(50, 60, 4, 150, '2018-03-16 20:20:56', 'pago_1066-2018-03-15 18:27:18.pdf', NULL, 'RE', 'AP', '1.5e62', '2018-03-15 10:00:00', 21, NULL, '1', '2018-03-16 20:20:56', NULL, '1'),
(51, 61, 5, 150, '2018-03-16 20:22:35', 'pago_1068-2018-03-15 17:48:13.jpg', NULL, 'RE', 'AP', '925002222', '2018-03-15 10:00:00', 21, NULL, '1', '2018-03-16 20:22:35', NULL, '1'),
(52, 63, 4, 150, '2018-03-16 20:24:28', 'pago_1067-2018-03-15 17:13:27.pdf', NULL, 'RE', 'AP', '9699251', '2018-03-15 10:00:00', 21, NULL, '1', '2018-03-16 20:24:28', NULL, '1'),
(53, 66, 4, 150, '2018-03-17 18:22:43', 'pago_1071-2018-03-16 19:58:01.pdf', NULL, 'RE', 'AP', '146475', '2018-03-14 10:00:00', 24, NULL, '1', '2018-03-17 18:22:43', NULL, '1'),
(54, 64, 5, 150, '2018-03-17 18:25:33', 'pago_1070-2018-03-16 18:14:57.pdf', NULL, 'RE', 'AP', '11084308', '2018-03-15 10:00:00', 24, NULL, '1', '2018-03-17 18:25:33', NULL, '1'),
(55, 69, 4, 150, '2018-03-17 21:22:06', 'pago_1078-2018-03-17 10:30:00.jpg', NULL, 'RE', 'AP', '0', '2018-03-17 10:00:00', 21, NULL, '1', '2018-03-17 21:22:06', NULL, '1'),
(56, 68, 5, 150, '2018-03-17 21:23:22', 'pago_1073-2018-03-17 10:06:57.pdf', NULL, 'RE', 'AP', '13732', '2018-03-16 10:00:00', 21, NULL, '1', '2018-03-17 21:23:22', NULL, '1'),
(57, 67, 5, 150, '2018-03-20 00:25:23', 'pago_1074-2018-03-19 14:23:37.jpg', NULL, 'RE', 'AP', '12661832', '2018-03-19 10:00:00', 21, NULL, '1', '2018-03-20 00:25:23', NULL, '1'),
(58, 70, 1, 150, '2018-03-20 00:31:49', NULL, NULL, 'RE', 'AP', '146606', '2018-03-16 10:00:00', 21, NULL, '1', '2018-03-20 00:31:49', NULL, '1'),
(59, 74, 2, 150, '2018-03-20 00:32:29', NULL, NULL, 'RE', 'AP', '146695', '2018-03-19 10:00:00', 21, NULL, '1', '2018-03-20 00:32:29', NULL, '1'),
(60, 73, 1, 150, '2018-03-20 01:42:03', NULL, NULL, 'RE', 'AP', '146702', '2018-03-19 10:00:00', 21, NULL, '1', '2018-03-20 01:42:03', NULL, '1'),
(61, 72, 1, 150, '2018-03-20 01:42:33', NULL, NULL, 'RE', 'AP', '146703', '2018-03-19 10:00:00', 21, NULL, '1', '2018-03-20 01:42:33', NULL, '1'),
(62, 75, 1, 150, '2018-03-20 18:34:20', NULL, NULL, 'RE', 'AP', '146714', '2018-03-19 10:00:00', 21, NULL, '1', '2018-03-20 18:34:20', NULL, '1'),
(63, 71, 4, 150, '2018-03-20 20:34:00', 'pago_1065-2018-03-19 19:08:37.png', NULL, 'RE', 'AP', '210000006825904', '2018-03-19 10:00:00', 21, NULL, '1', '2018-03-20 20:34:00', NULL, '1'),
(64, 77, 1, 150, '2018-03-22 00:23:25', NULL, NULL, 'RE', 'AP', '146748', '2018-03-21 10:00:00', 21, NULL, '1', '2018-03-22 00:23:25', NULL, '1'),
(65, 76, 5, 150, '2018-03-22 01:19:15', 'pago_1081-2018-03-21 14:15:56.jpg', NULL, 'RE', 'AP', '3871', '2018-03-21 10:00:00', 21, NULL, '1', '2018-03-22 01:19:15', NULL, '1'),
(66, 78, 4, 150, '2018-03-22 21:00:52', 'pago_1082-2018-03-22 10:54:06.pdf', NULL, 'RE', 'AP', '10052681', '2018-03-21 10:00:00', 21, NULL, '1', '2018-03-22 21:00:52', NULL, '1'),
(67, 79, 5, 150, '2018-03-23 06:12:34', 'pago_1083-2018-03-22 18:34:07.jpg', NULL, 'RE', 'AP', '9197060', '2018-03-22 10:00:00', 25, NULL, '1', '2018-03-23 06:12:34', NULL, '1'),
(68, 65, 1, 150, '2018-03-29 02:06:56', NULL, NULL, 'RE', 'AP', '146439', '2018-03-14 10:00:00', 21, NULL, '1', '2018-03-29 02:06:56', NULL, '1'),
(69, 80, 5, 150, '2018-03-30 03:03:06', 'pago_1086-2018-03-29 16:58:38.jpg', NULL, 'RE', 'AP', '10135907', '2018-03-29 10:00:00', 21, NULL, '1', '2018-03-30 03:03:06', NULL, '1'),
(70, 82, 5, 150, '2018-04-03 20:01:29', 'pago_1089-2018-04-02 18:05:29.jpg', NULL, 'RE', 'AP', '2.02e30', '2018-04-02 10:00:00', 21, NULL, '1', '2018-04-03 20:01:29', NULL, '1'),
(71, 8, 4, 150, '2018-04-03 21:37:06', 'pago_1008-2017-10-17 12:37:25.pdf', NULL, 'RE', 'AP', '1', '2017-10-17 15:00:00', 21, NULL, '1', '2018-04-03 21:37:06', NULL, '1'),
(72, 83, 4, 90, '2018-04-07 00:32:01', 'pago_1095-2018-04-06 10:29:54.pdf', NULL, 'RE', 'AP', '2254743', '2018-04-06 10:00:00', 21, NULL, '1', '2018-04-07 00:32:01', NULL, '1'),
(73, 89, 2, 150, '2018-04-09 22:34:09', NULL, NULL, 'RE', 'AP', '147710', '2018-04-09 10:00:00', 21, NULL, '1', '2018-04-09 22:34:09', NULL, '1'),
(74, 81, 2, 150, '2018-04-09 23:25:16', NULL, NULL, 'RE', 'AP', '147723', '2018-04-09 10:00:00', 24, NULL, '1', '2018-04-09 23:25:16', NULL, '1'),
(75, 84, 2, 150, '2018-04-10 04:10:29', NULL, NULL, 'RE', 'AP', '82431', '2018-04-09 10:00:00', 21, NULL, '1', '2018-04-10 04:10:29', NULL, '1'),
(76, 92, 2, 150, '2018-04-11 02:16:19', NULL, NULL, 'RE', 'AP', '82446', '2018-04-09 10:00:00', 21, NULL, '1', '2018-04-11 02:16:19', NULL, '1'),
(77, 93, 2, 150, '2018-04-11 02:23:59', NULL, NULL, 'RE', 'AP', '82447', '2018-04-10 10:00:00', 21, NULL, '1', '2018-04-11 02:23:59', NULL, '1'),
(78, 95, 2, 150, '2018-04-11 02:35:34', NULL, NULL, 'RE', 'AP', '82448', '2018-04-10 10:00:00', 21, NULL, '1', '2018-04-11 02:35:34', NULL, '1'),
(79, 87, 2, 150, '2018-04-11 02:40:58', NULL, NULL, 'RE', 'AP', '82440', '2018-04-10 10:00:00', 21, NULL, '1', '2018-04-11 02:40:58', NULL, '1'),
(80, 88, 2, 150, '2018-04-11 02:45:56', NULL, NULL, 'RE', 'AP', '82449', '2018-04-10 10:00:00', 21, NULL, '1', '2018-04-11 02:45:56', NULL, '1'),
(81, 98, 5, 120, '2018-04-12 03:05:18', 'pago_1107-2018-04-11 14:06:58.jpeg', NULL, 'RE', 'AP', '5150178', '2018-04-11 10:00:00', 21, NULL, '1', '2018-04-12 03:05:18', NULL, '1'),
(82, 97, 4, 120, '2018-04-12 03:06:18', 'pago_1105-2018-04-11 10:10:49.pdf', NULL, 'RE', 'AP', '11432164', '2018-04-09 10:00:00', 21, NULL, '1', '2018-04-12 03:06:18', NULL, '1'),
(83, 101, 2, 120, '2018-04-12 22:09:03', NULL, NULL, 'RE', 'AP', '111', '2018-04-11 10:00:00', 21, NULL, '1', '2018-04-12 22:09:03', NULL, '1'),
(84, 100, 4, 120, '2018-04-13 01:45:01', 'pago_1106-2018-04-12 13:36:20.pdf', NULL, 'RE', 'AP', '638050', '2018-04-11 10:00:00', 21, NULL, '1', '2018-04-13 01:45:01', NULL, '1'),
(85, 94, 4, 150, '2018-04-13 04:03:22', 'pago_1101-2018-04-11 15:04:04.jpg', NULL, 'RE', 'AP', '6633069', '2018-04-11 10:00:00', 21, NULL, '1', '2018-04-13 04:03:22', NULL, '1'),
(86, 99, 4, 120, '2018-04-13 19:12:07', 'pago_1103-2018-04-12 23:06:20.jpg', NULL, 'RE', 'AP', '6966234', '2018-04-12 10:00:00', 21, NULL, '1', '2018-04-13 19:12:07', NULL, '1'),
(87, 85, 4, 150, '2018-04-14 01:45:47', 'pago_1096-2018-04-12 16:40:58.pdf', NULL, 'RE', 'AP', '5254042', '2018-04-04 10:00:00', 21, NULL, '1', '2018-04-14 01:45:47', NULL, '1'),
(88, 108, 1, 90, '2018-04-14 04:59:20', NULL, NULL, 'RE', 'AP', '148009', '2018-04-13 10:00:00', 21, NULL, '1', '2018-04-14 04:59:20', NULL, '1'),
(89, 102, 5, 120, '2018-04-14 20:12:48', 'pago_1109-2018-04-13 15:54:20.pdf', NULL, 'RE', 'AP', '4755721', '2018-04-10 10:00:00', 21, NULL, '1', '2018-04-14 20:12:48', NULL, '1'),
(90, 96, 4, 120, '2018-04-14 20:13:20', 'pago_1094-2018-04-13 12:55:48.pdf', NULL, 'RE', 'AP', '63796', '2018-04-12 10:00:00', 21, NULL, '1', '2018-04-14 20:13:20', NULL, '1'),
(91, 86, 5, 120, '2018-04-14 20:13:43', 'pago_1087-2018-04-12 20:21:56.pdf', NULL, 'RE', 'AP', '5472163', '2018-04-10 10:00:00', 21, NULL, '1', '2018-04-14 20:13:43', NULL, '1'),
(92, 106, 5, 120, '2018-04-14 20:15:28', 'pago_1114-2018-04-13 20:16:53.pdf', NULL, 'RE', 'AP', '198079106', '2018-04-13 10:00:00', 21, NULL, '1', '2018-04-14 20:15:28', NULL, '1'),
(93, 103, 2, 120, '2018-04-14 23:49:55', NULL, NULL, 'RE', 'AP', '1442018', '2018-04-14 10:00:00', 21, NULL, '1', '2018-04-14 23:49:55', NULL, '1'),
(94, 107, 1, 120, '2018-04-16 22:35:57', NULL, NULL, 'RE', 'AP', '26992', '2018-04-03 10:00:00', 21, NULL, '1', '2018-04-16 22:35:57', NULL, '1'),
(95, 105, 2, 120, '2018-04-16 22:37:36', NULL, NULL, 'RE', 'AP', '82542', '2018-04-16 10:00:00', 21, NULL, '1', '2018-04-16 22:37:36', NULL, '1'),
(96, 109, 5, 120, '2018-04-17 03:56:57', 'pago_1111-2018-04-16 14:41:37.jpg', NULL, 'RE', 'AP', '12378541', '2018-04-16 10:00:00', 21, NULL, '1', '2018-04-17 03:56:57', NULL, '1'),
(97, 104, 5, 120, '2018-04-18 01:56:12', 'pago_1116-2018-04-17 9:57:23.jpg', NULL, 'RE', 'AP', '22305', '2018-04-17 10:00:00', 21, NULL, '1', '2018-04-18 01:56:12', NULL, '1'),
(98, 111, 5, 120, '2018-04-18 01:57:50', 'pago_1108-2018-04-17 14:59:31.pdf', NULL, 'RE', 'AP', '5950', '2018-04-17 10:00:00', 21, NULL, '1', '2018-04-18 01:57:50', NULL, '1'),
(99, 112, 5, 120, '2018-04-18 01:59:36', 'pago_1064-2018-04-17 15:07:05.png', NULL, 'RE', 'AP', '2.02e29', '2018-04-17 10:00:00', 21, NULL, '1', '2018-04-18 01:59:36', NULL, '1'),
(100, 110, 1, 120, '2018-04-18 02:13:30', NULL, NULL, 'RE', 'AP', '148210', '2018-04-16 10:00:00', 21, NULL, '1', '2018-04-18 02:13:30', NULL, '1'),
(101, 114, 1, 120, '2018-04-18 05:48:49', NULL, NULL, 'RE', 'AP', '148283', '2018-04-17 10:00:00', 24, NULL, '1', '2018-04-18 05:48:49', NULL, '1'),
(102, 113, 5, 120, '2018-04-18 20:41:27', 'pago_1117-2018-04-18 10:25:34.png', NULL, 'RE', 'AP', '30105067', '2018-04-16 10:00:00', 21, NULL, '1', '2018-04-18 20:41:27', NULL, '1'),
(103, 90, 5, 120, '2018-04-18 21:45:52', 'pago_1084-2018-04-17 16:20:34.jpg', NULL, 'RE', 'AP', '10494', '2018-04-17 10:00:00', 21, NULL, '1', '2018-04-18 21:45:52', NULL, '1'),
(104, 62, 5, 120, '2018-04-18 21:46:23', 'pago_1063-2018-04-16 10:24:25.jpg', NULL, 'RE', 'AP', '148077', '2018-04-15 10:00:00', 21, NULL, '1', '2018-04-18 21:46:23', NULL, '1'),
(105, 117, 1, 120, '2018-04-19 06:39:08', NULL, NULL, 'RE', 'AP', '632864', '2018-04-18 10:00:00', 24, NULL, '1', '2018-04-19 06:39:08', NULL, '1'),
(106, 115, 2, 120, '2018-04-19 06:41:02', NULL, NULL, 'RE', 'AP', '148357', '2018-04-18 10:00:00', 24, NULL, '1', '2018-04-19 06:41:02', NULL, '1'),
(107, 119, 2, 150, '2018-04-25 22:22:02', NULL, NULL, 'RE', 'AP', '148524', '2018-04-20 10:00:00', 21, NULL, '1', '2018-04-25 22:22:02', NULL, '1'),
(108, 19, 2, 150, '2018-04-26 20:05:50', NULL, NULL, 'RE', 'AP', '140952', '2017-11-13 10:00:00', 21, NULL, '1', '2018-04-26 20:05:50', NULL, '1'),
(109, 32, 2, 150, '2018-04-26 20:11:56', NULL, NULL, 'RE', 'AP', '81508', '2018-01-19 10:00:00', 21, NULL, '1', '2018-04-26 20:11:56', NULL, '1'),
(110, 116, 5, 60, '2018-04-27 21:06:18', 'pago_1118-2018-04-19 16:39:28.pdf', NULL, 'RE', 'AP', '6100', '2018-04-17 10:00:00', 21, NULL, '1', '2018-04-27 21:06:18', NULL, '1'),
(111, 120, 5, 150, '2018-05-02 20:30:21', 'pago_1126-2018-04-30 15:11:11.jpg', NULL, 'RE', 'AP', '40816', '2018-04-29 10:00:00', 21, NULL, '1', '2018-05-02 20:30:21', NULL, '1'),
(112, 121, 1, 150, '2018-05-05 03:25:59', NULL, NULL, 'RE', 'AP', '148817', '2018-04-26 10:00:00', 24, NULL, '1', '2018-05-05 03:25:59', NULL, '1'),
(113, 123, 5, 150, '2018-05-09 04:03:28', 'pago_1129-2018-05-04 17:06:49.pdf', NULL, 'RE', 'AP', '551533595609', '2018-05-04 10:00:00', 21, NULL, '1', '2018-05-09 04:03:28', NULL, '1'),
(114, 124, 2, 150, '2018-05-11 03:08:17', NULL, NULL, 'RE', 'AP', '123', '2018-05-08 10:00:00', 21, NULL, '1', '2018-05-11 03:08:17', NULL, '1'),
(115, 118, 2, 150, '2018-05-11 04:33:21', NULL, NULL, 'RE', 'AP', '149688', '2018-05-10 10:00:00', 24, NULL, '1', '2018-05-11 04:33:21', NULL, '1'),
(116, 127, 4, 150, '2018-05-12 03:29:23', 'pago_1014-2018-05-10 18:18:21.png', NULL, 'RE', 'AP', '253918020900', '2018-05-10 10:00:00', 21, NULL, '1', '2018-05-12 03:29:23', NULL, '1'),
(117, 122, 4, 150, '2018-05-12 03:30:11', 'pago_1127-2018-05-11 10:53:57.pdf', NULL, 'RE', 'AP', '1809483018', '2018-05-11 10:00:00', 21, NULL, '1', '2018-05-12 03:30:11', NULL, '1'),
(118, 125, 3, 150, '2018-05-14 20:28:17', NULL, NULL, 'RE', 'AP', '1111', '2018-05-07 10:00:00', 21, NULL, '1', '2018-05-14 20:28:17', NULL, '1'),
(119, 25, 4, 150, '2018-05-14 20:32:38', 'pago_1028-2018-05-08 13:37:04.jpg', NULL, 'RE', 'AP', '2740781', '2018-05-08 10:00:00', 21, NULL, '1', '2018-05-14 20:32:38', NULL, '1'),
(120, 128, 4, 150, '2018-05-15 22:38:53', 'pago_1123-2018-05-15 12:35:58.pdf', NULL, 'RE', 'AP', '1', '2018-05-15 10:00:00', 21, NULL, '1', '2018-05-15 22:38:53', NULL, '1'),
(121, 130, 5, 150, '2018-05-17 00:37:18', 'pago_1134-2018-05-16 13:52:36.pdf', NULL, 'RE', 'AP', '3040', '2018-05-16 10:00:00', 21, NULL, '1', '2018-05-17 00:37:18', NULL, '1'),
(122, 129, 5, 150, '2018-05-17 04:09:37', 'pago_1124-2018-05-16 18:03:02.jpg', NULL, 'RE', 'AP', '7727046', '2018-05-16 10:00:00', 21, NULL, '1', '2018-05-17 04:09:37', NULL, '1'),
(123, 131, 4, 150, '2018-05-18 20:45:41', 'pago_1135-2018-05-17 12:08:12.pdf', NULL, 'RE', 'AP', '2533989', '2018-05-17 10:00:00', 21, NULL, '1', '2018-05-18 20:45:41', NULL, '1'),
(124, 126, 5, 150, '2018-05-28 20:22:28', 'pago_1132-2018-05-28 10:18:55.pdf', NULL, 'RE', 'AP', '5625130', '2018-05-15 10:00:00', 21, NULL, '1', '2018-05-28 20:22:28', NULL, '1'),
(125, 134, 1, 150, '2018-05-31 01:05:19', NULL, NULL, 'RE', 'AP', '150259', '2018-05-30 10:00:00', 21, NULL, '1', '2018-05-31 01:05:19', NULL, '1'),
(126, 137, 5, 150, '2018-06-01 01:56:46', 'pago_1143-2018-05-31 15:51:56.jpeg', NULL, 'RE', 'AP', '190559321', '2018-05-31 10:00:00', 21, NULL, '1', '2018-06-01 01:56:46', NULL, '1'),
(127, 135, 5, 120, '2018-06-01 03:36:10', 'pago_1141-2018-05-31 17:04:59.jpeg', NULL, 'RE', 'AP', '6787945', '2018-05-31 10:00:00', 24, NULL, '1', '2018-06-01 03:36:10', NULL, '1'),
(128, 132, 4, 150, '2018-06-01 20:37:56', 'pago_1136-2018-06-01 10:34:46.jpeg', NULL, 'RE', 'AP', '31377', '2018-06-01 10:00:00', 21, NULL, '1', '2018-06-01 20:37:56', NULL, '1'),
(129, 141, 4, 150, '2018-06-04 22:50:39', 'pago_1137-2018-06-04 12:48:21.jpeg', NULL, 'RE', 'AP', '4357760100', '2018-06-04 10:00:00', 21, NULL, '1', '2018-06-04 22:50:39', NULL, '1'),
(130, 142, 5, 150, '2018-06-04 22:51:48', 'pago_1147-2018-06-04 12:32:08.jpeg', NULL, 'RE', 'AP', '150647', '2018-06-04 10:00:00', 21, NULL, '1', '2018-06-04 22:51:48', NULL, '1'),
(131, 140, 5, 150, '2018-06-05 19:59:14', 'pago_1146-2018-06-04 13:41:02.jpeg', NULL, 'RE', 'AP', '24370', '2018-06-04 10:00:00', 21, NULL, '1', '2018-06-05 19:59:14', NULL, '1'),
(132, 138, 2, 150, '2018-06-05 20:00:28', NULL, NULL, 'RE', 'AP', '150313', '2018-05-31 10:00:00', 21, NULL, '1', '2018-06-05 20:00:28', NULL, '1'),
(133, 143, 1, 150, '2018-06-06 01:26:46', NULL, NULL, 'RE', 'AP', '150685', '2018-06-04 10:00:00', 24, NULL, '1', '2018-06-06 01:26:46', NULL, '1'),
(134, 133, 5, 150, '2018-06-07 22:37:03', 'pago_1139-2018-06-07 12:29:10.jpeg', NULL, 'RE', 'AP', '15259307', '2018-06-06 10:00:00', 21, NULL, '1', '2018-06-07 22:37:03', NULL, '1'),
(135, 139, 5, 150, '2018-06-07 22:53:57', 'pago_1145-2018-06-07 12:51:11.jpeg', NULL, 'RE', 'AP', '4045219', '2018-06-07 10:00:00', 21, NULL, '1', '2018-06-07 22:53:57', NULL, '1'),
(136, 136, 4, 150, '2018-06-08 02:22:22', 'pago_1138-2018-06-07 16:19:51.pdf', NULL, 'RE', 'AP', '1', '2018-06-07 10:00:00', 21, NULL, '1', '2018-06-08 02:22:22', NULL, '1'),
(137, 144, 5, 150, '2018-06-08 20:20:01', 'pago_1149-2018-06-07 17:12:58.jpeg', NULL, 'RE', 'AP', '8944771', '2018-06-07 10:00:00', 21, NULL, '1', '2018-06-08 20:20:01', NULL, '1'),
(138, 146, 5, 150, '2018-06-08 23:32:40', 'pago_1150-2018-06-08 13:16:55.jpeg', NULL, 'RE', 'AP', '70', '2018-06-07 10:00:00', 21, NULL, '1', '2018-06-08 23:32:40', NULL, '1'),
(139, 145, 4, 150, '2018-06-09 19:32:25', 'pago_1151-2018-06-08 18:02:40.pdf', NULL, 'RE', 'AP', '2999859', '2018-06-08 10:00:00', 21, NULL, '1', '2018-06-09 19:32:25', NULL, '1'),
(140, 147, 5, 150, '2018-06-09 23:43:35', 'pago_1133-2018-06-9 12:58:14.jpeg', NULL, 'RE', 'AP', '51606', '2018-06-09 10:00:00', 24, NULL, '1', '2018-06-09 23:43:35', NULL, '1'),
(141, 149, 4, 150, '2018-06-12 03:22:07', 'pago_1153-2018-06-11 17:04:33.jpeg', NULL, 'RE', 'AP', '463551', '2018-06-11 10:00:00', 21, NULL, '1', '2018-06-12 03:22:07', NULL, '1'),
(142, 150, 4, 150, '2018-06-13 01:08:50', 'pago_1154-2018-06-12 14:55:52.jpg', NULL, 'RE', 'AP', '5545508', '2018-06-12 10:00:00', 21, NULL, '1', '2018-06-13 01:08:50', NULL, '1'),
(143, 151, 4, 150, '2018-06-13 02:50:48', 'pago_1045-2018-06-12 16:32:50.jpeg', NULL, 'RE', 'AP', '7851906', '2018-06-12 10:00:00', 24, NULL, '1', '2018-06-13 02:50:48', NULL, '1'),
(144, 148, 5, 150, '2018-06-16 22:33:24', 'pago_1152-2018-06-16 11:22:34.jpeg', NULL, 'RE', 'AP', '3353420', '2018-06-16 10:00:00', 21, NULL, '1', '2018-06-16 22:33:24', NULL, '1'),
(145, 152, 4, 150, '2018-06-22 00:24:24', 'pago_1156-2018-06-21 13:17:42.jpeg', NULL, 'RE', 'AP', '7521318', '2018-06-21 10:00:00', 21, NULL, '1', '2018-06-22 00:24:24', NULL, '1'),
(146, 153, 5, 150, '2018-06-27 05:32:27', 'pago_1142-2018-06-26 19:21:45.jpeg', NULL, 'RE', 'AP', '7429', '2018-06-26 10:00:00', 24, NULL, '1', '2018-06-27 05:32:27', NULL, '1'),
(147, 154, 4, 150, '2018-06-28 00:39:13', 'pago_1158-2018-06-27 14:14:58.pdf', NULL, 'RE', 'AP', '6085535', '2018-06-27 10:00:00', 24, NULL, '1', '2018-06-28 00:39:13', NULL, '1'),
(148, 156, 4, 150, '2018-06-28 23:32:12', 'pago_1157-2018-06-28 13:25:56.jpeg', NULL, 'RE', 'AP', '28062018', '2018-06-28 10:00:00', 24, NULL, '1', '2018-06-28 23:32:12', NULL, '1'),
(149, 155, 5, 150, '2018-07-03 23:53:57', 'pago_1128-2018-06-30 12:06:52.jpeg', NULL, 'RE', 'AP', '1451097', '2018-06-30 10:00:00', 21, NULL, '1', '2018-07-03 23:53:57', NULL, '1'),
(150, 158, 5, 150, '2018-07-04 21:04:02', 'pago_1155-2018-07-04 10:40:00.jpeg', NULL, 'RE', 'AP', '2708373', '2018-07-04 10:00:00', 21, NULL, '1', '2018-07-04 21:04:02', NULL, '1'),
(151, 161, 5, 150, '2018-07-11 18:26:09', 'pago_1162-2018-07-10 17:34:28.jpeg', NULL, 'RE', 'AP', '9547452', '2018-07-10 10:00:00', 24, NULL, '1', '2018-07-11 18:26:09', NULL, '1'),
(152, 160, 1, 150, '2018-07-13 20:07:09', NULL, NULL, 'RE', 'AP', '152485', '2018-07-13 10:00:00', 21, NULL, '1', '2018-07-13 20:07:09', NULL, '1'),
(153, 157, 5, 150, '2018-07-16 18:51:00', 'pago_1159-2018-07-15 15:13:07.jpeg', NULL, 'RE', 'AP', '6328918', '2018-07-15 10:00:00', 21, NULL, '1', '2018-07-16 18:51:00', NULL, '1'),
(154, 162, 5, 150, '2018-07-16 18:52:02', 'pago_1164-2018-07-14 14:21:31.jpeg', NULL, 'RE', 'AP', '8246977', '2018-07-14 10:00:00', 21, NULL, '1', '2018-07-16 18:52:02', NULL, '1'),
(155, 163, 4, 150, '2018-07-16 18:53:58', 'pago_1203-2018-07-14 14:55:23.png', NULL, 'RE', 'AP', '19458355', '2018-07-14 10:00:00', 21, NULL, '1', '2018-07-16 18:53:58', NULL, '1'),
(156, 164, 5, 150, '2018-07-17 20:37:17', 'pago_1204-2018-07-16 19:05:19.jpg', NULL, 'RE', 'AP', '4916018', '2018-07-15 10:00:00', 21, NULL, '1', '2018-07-17 20:37:17', NULL, '1'),
(157, 169, 5, 150, '2018-07-18 01:53:48', 'pago_1205-2018-07-17 15:46:55.jpeg', NULL, 'RE', 'AP', '7137941', '2018-07-17 10:00:00', 24, NULL, '1', '2018-07-18 01:53:48', NULL, '1'),
(158, 168, 5, 150, '2018-07-18 01:54:49', 'pago_1206-2018-07-17 15:08:12.jpeg', NULL, 'RE', 'AP', '11961231', '2018-07-17 10:00:00', 24, NULL, '1', '2018-07-18 01:54:49', NULL, '1'),
(159, 165, 4, 150, '2018-07-18 01:56:20', 'pago_1163-2018-07-17 13:13:54.jpg', NULL, 'RE', 'AP', '4120931', '2018-07-17 10:00:00', 24, NULL, '1', '2018-07-18 01:56:20', NULL, '1'),
(160, 177, 4, 150, '2018-07-20 03:35:44', 'pago_1030-2018-07-19 17:27:54.jpeg', NULL, 'RE', 'AP', '8733608', '2018-07-19 10:00:00', 24, NULL, '1', '2018-07-20 03:35:44', NULL, '1'),
(161, 91, 2, 150, '2018-07-21 02:09:48', NULL, NULL, 'RE', 'AP', '152730', '2018-07-20 10:00:00', 24, NULL, '1', '2018-07-21 02:09:48', NULL, '1'),
(162, 181, 5, 150, '2018-07-23 20:52:27', 'pago_1208-2018-07-23 9:29:35.jpeg', NULL, 'RE', 'AP', '2767580', '2018-07-21 10:00:00', 21, NULL, '1', '2018-07-23 20:52:27', NULL, '1'),
(163, 187, 5, 150, '2018-07-30 20:02:07', 'pago_1209-2018-07-25 16:07:19.jpg', NULL, 'RE', 'AP', '15731312', '2018-07-25 10:00:00', 21, NULL, '1', '2018-07-30 20:02:07', NULL, '1'),
(164, 166, 4, 90, '2018-07-31 00:03:37', 'pago_1165-2018-07-30 13:53:14.png', NULL, 'RE', 'AP', '14523701', '2018-07-30 10:00:00', 24, NULL, '1', '2018-07-31 00:03:37', NULL, '1'),
(165, 159, 1, 90, '2018-08-07 02:43:57', 'pago_1160-2018-08-06 16:48:13.png', NULL, 'RE', 'AP', '153535', '2018-08-06 10:00:00', 21, NULL, '1', '2018-08-07 02:43:57', NULL, '1'),
(166, 212, 1, 150, '2018-08-07 03:33:00', 'pago_1212-2018-08-06 17:37:23.png', NULL, 'RE', 'AP', '153405', '2018-08-04 10:00:00', 21, NULL, '1', '2018-08-07 03:33:00', NULL, '1'),
(167, 213, 1, 150, '2018-08-11 23:45:09', 'pago_1213-2018-08-11 13:49:35.jpg', NULL, 'RE', 'AP', '121138', '2018-08-11 10:00:00', 24, NULL, '1', '2018-08-11 23:45:09', NULL, '1'),
(168, 211, 2, 150, '2018-08-14 00:18:32', 'pago_1211-2018-08-13 14:23:02.jpg', NULL, 'RE', 'AP', '153699', '2018-08-13 10:00:00', 24, NULL, '1', '2018-08-14 00:18:32', NULL, '1'),
(169, 214, 5, 150, '2018-08-15 15:20:14', 'pago_1214-2018-08-15 10:06:40.pdf', NULL, 'RE', 'AP', '7138954', '2018-08-14 05:00:00', 24, NULL, '1', '2018-08-15 15:20:14', NULL, '1'),
(170, 215, 5, 150, '2018-08-16 19:41:08', 'pago_1215-2018-08-16 14:35:08.pdf', NULL, 'RE', 'AP', '54098', '2018-08-16 05:00:00', 21, NULL, '1', '2018-08-16 19:41:08', NULL, '1');
