INSERT INTO db_asgard.`objeto_modulo` (`omod_id`, `mod_id`, `omod_padre_id`, `omod_nombre`, `omod_tipo`, `omod_tipo_boton`, `omod_accion`, `omod_function`, `omod_dir_imagen`, `omod_entidad`, `omod_orden`, `omod_estado_visible`, `omod_lang_file`, `omod_estado`, `omod_fecha_creacion`, `omod_fecha_actualizacion`, `omod_estado_logico`) VALUES
(210, 12, 210, 'Listar Certificados', 'P', '0', '', '', '', 'academico/certificados/index', 3, '1', 'academico', '1', '2020-06-04 19:33:11', NULL, '1'),
(211, 12, 211, 'Listar Certificados Generados', 'P', '0', '', '', '', 'academico/certificados/listadogenerados', 4, '1', 'academico', '1', '2020-06-04 19:34:32', NULL, '1'),
(212, 12, 210, 'Subir Certificado', 'S', '0', '', '', '', 'academico/certificados/subircertificado', 1, '0', 'academico', '1', '2020-06-04 19:36:08', NULL, '1'),
(213, 12, 212, 'Subir Certificado', 'A', '0', '', '', '', 'academico/certificados/subircertificado', 1, '1', 'academico', '1', '2020-06-04 19:42:15', NULL, '1');

INSERT INTO db_asgard.`obmo_acci` (`oacc_id`, `omod_id`, `acc_id`, `oacc_tipo_boton`, `oacc_cont_accion`, `oacc_function`, `oacc_estado`, `oacc_fecha_creacion`, `oacc_fecha_modificacion`, `oacc_estado_logico`) VALUES
(94, 213, 14, '1', '', 'subircertificado', '1', '2020-06-04 19:42:15', NULL, '1');

INSERT INTO db_asgard.`grup_obmo_grup_rol` (`gogr_id`, `grol_id`, `gmod_id`, `gogr_estado`, `gogr_fecha_creacion`, `gogr_fecha_modificacion`, `gogr_estado_logico`) VALUES
(12693, 1, 11054, '1', '2020-06-04 19:43:51', NULL, '1'),
(12694, 1, 11055, '1', '2020-06-04 19:43:51', NULL, '1'),
(12695, 1, 11056, '1', '2020-06-04 19:43:52', NULL, '1'),
(12696, 1, 11057, '1', '2020-06-04 19:43:52', NULL, '1'),
(12697, 2, 11058, '1', '2020-06-04 19:44:31', NULL, '1'),
(12698, 2, 11059, '1', '2020-06-04 19:44:31', NULL, '1'),
(12699, 2, 11060, '1', '2020-06-04 19:44:31', NULL, '1'),
(12700, 2, 11061, '1', '2020-06-04 19:44:31', NULL, '1'),
(12701, 15, 11062, '1', '2020-06-04 19:45:32', NULL, '1'),
(12702, 16, 10994, '1', '2020-06-04 19:46:04', NULL, '1'),
(12703, 16, 11062, '1', '2020-06-04 19:46:04', NULL, '1'),
(12704, 19, 11063, '1', '2020-06-04 19:46:34', NULL, '1'),
(12705, 20, 11000, '1', '2020-06-04 19:47:23', NULL, '1'),
(12706, 20, 11001, '1', '2020-06-04 19:47:23', NULL, '1'),
(12707, 20, 11002, '1', '2020-06-04 19:47:24', NULL, '1'),
(12708, 20, 11003, '1', '2020-06-04 19:47:24', NULL, '1'),
(12709, 20, 11004, '1', '2020-06-04 19:47:24', NULL, '1'),
(12710, 20, 11005, '1', '2020-06-04 19:47:24', NULL, '1'),
(12711, 20, 11006, '1', '2020-06-04 19:47:24', NULL, '1'),
(12712, 20, 11007, '1', '2020-06-04 19:47:24', NULL, '1'),
(12713, 20, 11008, '1', '2020-06-04 19:47:24', NULL, '1'),
(12714, 20, 11009, '1', '2020-06-04 19:47:24', NULL, '1'),
(12715, 20, 11010, '1', '2020-06-04 19:47:24', NULL, '1'),
(12716, 20, 11011, '1', '2020-06-04 19:47:24', NULL, '1'),
(12717, 20, 11012, '1', '2020-06-04 19:47:24', NULL, '1'),
(12718, 20, 11013, '1', '2020-06-04 19:47:24', NULL, '1'),
(12719, 20, 11063, '1', '2020-06-04 19:47:24', NULL, '1'),
(12720, 23, 11064, '1', '2020-06-04 19:48:17', NULL, '1'),
(12721, 24, 11064, '1', '2020-06-04 19:49:10', NULL, '1'),
(12722, 26, 10922, '1', '2020-06-04 19:55:31', NULL, '1'),
(12723, 26, 10923, '1', '2020-06-04 19:55:31', NULL, '1'),
(12724, 26, 10924, '1', '2020-06-04 19:55:31', NULL, '1'),
(12725, 26, 10925, '1', '2020-06-04 19:55:31', NULL, '1'),
(12726, 26, 10926, '1', '2020-06-04 19:55:31', NULL, '1'),
(12727, 26, 10927, '1', '2020-06-04 19:55:31', NULL, '1'),
(12728, 26, 10928, '1', '2020-06-04 19:55:31', NULL, '1'),
(12729, 26, 10929, '1', '2020-06-04 19:55:31', NULL, '1'),
(12730, 26, 10930, '1', '2020-06-04 19:55:31', NULL, '1'),
(12731, 26, 10931, '1', '2020-06-04 19:55:31', NULL, '1'),
(12732, 26, 10932, '1', '2020-06-04 19:55:31', NULL, '1'),
(12733, 26, 10933, '1', '2020-06-04 19:55:31', NULL, '1'),
(12734, 26, 10934, '1', '2020-06-04 19:55:31', NULL, '1'),
(12735, 26, 10935, '1', '2020-06-04 19:55:32', NULL, '1'),
(12736, 26, 10936, '1', '2020-06-04 19:55:32', NULL, '1'),
(12737, 26, 10937, '1', '2020-06-04 19:55:32', NULL, '1'),
(12738, 26, 10938, '1', '2020-06-04 19:55:32', NULL, '1'),
(12739, 26, 10939, '1', '2020-06-04 19:55:32', NULL, '1'),
(12740, 26, 10940, '1', '2020-06-04 19:55:32', NULL, '1'),
(12741, 26, 10941, '1', '2020-06-04 19:55:32', NULL, '1'),
(12742, 26, 10942, '1', '2020-06-04 19:55:32', NULL, '1'),
(12743, 26, 10943, '1', '2020-06-04 19:55:32', NULL, '1'),
(12744, 26, 10944, '1', '2020-06-04 19:55:32', NULL, '1'),
(12745, 26, 10945, '1', '2020-06-04 19:55:32', NULL, '1'),
(12746, 26, 10946, '1', '2020-06-04 19:55:32', NULL, '1'),
(12747, 26, 10814, '1', '2020-06-04 19:55:32', NULL, '1'),
(12748, 26, 10815, '1', '2020-06-04 19:55:32', NULL, '1'),
(12749, 26, 11064, '1', '2020-06-04 19:55:32', NULL, '1'),
(12750, 18, 11062, '1', '2020-06-04 19:55:58', NULL, '1'),
(12751, 22, 11000, '1', '2020-06-04 19:56:22', NULL, '1'),
(12752, 22, 11001, '1', '2020-06-04 19:56:22', NULL, '1'),
(12753, 22, 11002, '1', '2020-06-04 19:56:23', NULL, '1'),
(12754, 22, 11003, '1', '2020-06-04 19:56:23', NULL, '1'),
(12755, 22, 11004, '1', '2020-06-04 19:56:23', NULL, '1'),
(12756, 22, 11005, '1', '2020-06-04 19:56:23', NULL, '1'),
(12757, 22, 11006, '1', '2020-06-04 19:56:23', NULL, '1'),
(12758, 22, 11007, '1', '2020-06-04 19:56:23', NULL, '1'),
(12759, 22, 11008, '1', '2020-06-04 19:56:23', NULL, '1'),
(12760, 22, 11009, '1', '2020-06-04 19:56:23', NULL, '1'),
(12761, 22, 11010, '1', '2020-06-04 19:56:23', NULL, '1'),
(12762, 22, 11011, '1', '2020-06-04 19:56:23', NULL, '1'),
(12763, 22, 11012, '1', '2020-06-04 19:56:23', NULL, '1'),
(12764, 22, 11013, '1', '2020-06-04 19:56:23', NULL, '1'),
(12765, 22, 11063, '1', '2020-06-04 19:56:23', NULL, '1'),
(12766, 40, 11065, '1', '2020-06-04 20:07:04', NULL, '1'),
(12767, 40, 11066, '1', '2020-06-04 20:07:04', NULL, '1'),
(12768, 40, 11067, '1', '2020-06-04 20:07:04', NULL, '1'),
(12769, 40, 11068, '1', '2020-06-04 20:07:04', NULL, '1'),
(12770, 40, 11069, '1', '2020-06-04 20:07:05', NULL, '1'),
(12771, 42, 10996, '1', '2020-06-04 20:39:06', NULL, '1'),
(12772, 42, 10997, '1', '2020-06-04 20:39:06', NULL, '1'),
(12773, 42, 10998, '1', '2020-06-04 20:39:06', NULL, '1'),
(12774, 42, 10999, '1', '2020-06-04 20:39:06', NULL, '1'),
(12775, 42, 11065, '1', '2020-06-04 20:39:06', NULL, '1'),
(12776, 42, 11066, '1', '2020-06-04 20:39:06', NULL, '1'),
(12777, 42, 11067, '1', '2020-06-04 20:39:06', NULL, '1'),
(12778, 42, 11068, '1', '2020-06-04 20:39:06', NULL, '1'),
(12779, 42, 11069, '1', '2020-06-04 20:39:06', NULL, '1'),
(12780, 41, 10996, '1', '2020-06-04 20:39:24', NULL, '1'),
(12781, 41, 10997, '1', '2020-06-04 20:39:25', NULL, '1'),
(12782, 41, 10998, '1', '2020-06-04 20:39:25', NULL, '1'),
(12783, 41, 10999, '1', '2020-06-04 20:39:25', NULL, '1'),
(12784, 41, 11065, '1', '2020-06-04 20:39:25', NULL, '1'),
(12785, 41, 11066, '1', '2020-06-04 20:39:25', NULL, '1'),
(12786, 41, 11067, '1', '2020-06-04 20:39:25', NULL, '1'),
(12787, 41, 11068, '1', '2020-06-04 20:39:25', NULL, '1'),
(12788, 41, 11069, '1', '2020-06-04 20:39:25', NULL, '1');

INSERT INTO db_asgard.`grup_obmo` (`gmod_id`, `gru_id`, `omod_id`, `gmod_estado`, `gmod_fecha_creacion`, `gmod_fecha_modificacion`, `gmod_estado_logico`) VALUES
(11054, 1, 210, '1', '2020-06-04 19:43:51', NULL, '1'),
(11055, 1, 211, '1', '2020-06-04 19:43:51', NULL, '1'),
(11056, 1, 212, '1', '2020-06-04 19:43:52', NULL, '1'),
(11057, 1, 213, '1', '2020-06-04 19:43:52', NULL, '1'),
(11058, 2, 210, '1', '2020-06-04 19:44:31', NULL, '1'),
(11059, 2, 211, '1', '2020-06-04 19:44:31', NULL, '1'),
(11060, 2, 212, '1', '2020-06-04 19:44:31', NULL, '1'),
(11061, 2, 213, '1', '2020-06-04 19:44:31', NULL, '1'),
(11062, 6, 211, '1', '2020-06-04 19:45:32', NULL, '1'),
(11063, 7, 211, '1', '2020-06-04 19:46:34', NULL, '1'),
(11064, 8, 211, '1', '2020-06-04 19:48:17', NULL, '1'),
(11065, 18, 206, '1', '2020-06-04 20:07:04', NULL, '1'),
(11066, 18, 209, '1', '2020-06-04 20:07:04', NULL, '1'),
(11067, 18, 210, '1', '2020-06-04 20:07:04', NULL, '1'),
(11068, 18, 212, '1', '2020-06-04 20:07:04', NULL, '1'),
(11069, 18, 213, '1', '2020-06-04 20:07:05', NULL, '1');